,total_energy_relative_loss,total_energy_relative_loss,total_energy_relative_loss,total_energy_relative_loss,trajectory_length,trajectory_length,trajectory_length,trajectory_length,q1_dominant_frequency,q1_dominant_frequency,q1_dominant_frequency,q1_dominant_frequency,q2_dominant_frequency,q2_dominant_frequency,q2_dominant_frequency,q2_dominant_frequency,q1_decay_rate,q1_decay_rate,q1_decay_rate,q1_decay_rate,q2_decay_rate,q2_decay_rate,q2_decay_rate,q2_decay_rate,q1_velocity_max_abs,q1_velocity_max_abs,q1_velocity_max_abs,q1_velocity_max_abs,q2_velocity_max_abs,q2_velocity_max_abs,q2_velocity_max_abs,q2_velocity_max_abs,q1_acceleration_max_abs,q1_acceleration_max_abs,q1_acceleration_max_abs,q1_acceleration_max_abs,q2_acceleration_max_abs,q2_acceleration_max_abs,q2_acceleration_max_abs,q2_acceleration_max_abs
,mean,std,median,count,mean,std,median,count,mean,std,median,count,mean,std,median,count,mean,std,median,count,mean,std,median,count,mean,std,median,count,mean,std,median,count,mean,std,median,count,mean,std,median,count
weight_mass,,,,,,,,,,,,,,,,,,,,,,,,,,,,,,,,,,,,,,,,
0.0,-0.2222629811055767,,-0.2222629811055767,1,80.16766858362587,,80.16766858362587,1,0.4666666666666142,,0.4666666666666142,1,0.0666666666666591,,0.0666666666666591,1,-0.0080958566927511,,-0.0080958566927511,1,-0.2013844161213719,,-0.2013844161213719,1,8.171813118586943,,8.171813118586943,1,20.703235657582777,,20.703235657582777,1,69.65655648771991,,69.65655648771991,1,169.17279637886438,,169.17279637886438,1
0.01,-0.1417451870905579,,-0.1417451870905579,1,73.54208097993819,,73.54208097993819,1,0.3999999999999551,,0.3999999999999551,1,0.0666666666666591,,0.0666666666666591,1,0.0218033629547078,,0.0218033629547078,1,-0.1736765158778404,,-0.1736765158778404,1,8.197382703319567,,8.197382703319567,1,20.321170315787583,,20.321170315787583,1,69.15905120843632,,69.15905120843632,1,165.255100286157,,165.255100286157,1
0.02,-0.1306127828409827,,-0.1306127828409827,1,71.75578909644032,,71.75578909644032,1,0.3999999999999551,,0.3999999999999551,1,0.0666666666666591,,0.0666666666666591,1,0.0370660221761763,,0.0370660221761763,1,-0.1629024267628011,,-0.1629024267628011,1,8.225900115054337,,8.225900115054337,1,20.149998683307,,20.149998683307,1,69.08391921898489,,69.08391921898489,1,163.6750654384104,,163.6750654384104,1
0.03,-0.1311957694049989,,-0.1311957694049989,1,72.56677583084188,,72.56677583084188,1,0.3999999999999551,,0.3999999999999551,1,0.0666666666666591,,0.0666666666666591,1,0.0335621978414754,,0.0335621978414754,1,-0.1624147310155052,,-0.1624147310155052,1,8.256944832147987,,8.256944832147987,1,20.16569921415488,,20.16569921415488,1,69.6387839418409,,69.6387839418409,1,164.4362517995658,,164.4362517995658,1
0.04,-0.188939606392589,,-0.188939606392589,1,78.04493891728741,,78.04493891728741,1,0.3999999999999551,,0.3999999999999551,1,0.0666666666666591,,0.0666666666666591,1,-0.0522716672210165,,-0.0522716672210165,1,-0.0371356554737397,,-0.0371356554737397,1,8.290493181386799,,8.290493181386799,1,20.698813851201407,,20.698813851201407,1,70.71593103329779,,70.71593103329779,1,167.30711936346674,,167.30711936346674,1
0.05,-0.217372861090366,,-0.217372861090366,1,70.65485558440034,,70.65485558440034,1,0.4666666666666142,,0.4666666666666142,1,0.0666666666666591,,0.0666666666666591,1,-0.0584446660651108,,-0.0584446660651108,1,-0.2882636217355815,,-0.2882636217355815,1,8.326471996713746,,8.326471996713746,1,21.03233272346157,,21.03233272346157,1,72.15628123213277,,72.15628123213277,1,173.58528137480724,,173.58528137480724,1
0.06,-0.2163726392034692,,-0.2163726392034692,1,73.08896135339782,,73.08896135339782,1,0.5333333333332735,,0.5333333333332735,1,0.0666666666666591,,0.0666666666666591,1,-0.0347053846491849,,-0.0347053846491849,1,-0.233072583816701,,-0.233072583816701,1,8.364769979123285,,8.364769979123285,1,21.054232561823103,,21.054232561823103,1,73.41508182116144,,73.41508182116144,1,177.18779496482156,,177.18779496482156,1
0.07,-0.2321634131862173,,-0.2321634131862173,1,80.0475653934491,,80.0475653934491,1,0.5333333333332735,,0.5333333333332735,1,0.0666666666666591,,0.0666666666666591,1,-0.0098082604804189,,-0.0098082604804189,1,-0.3486172606286669,,-0.3486172606286669,1,8.405245949651604,,8.405245949651604,1,21.36920176975823,,21.36920176975823,1,75.53599611649689,,75.53599611649689,1,180.8277118088639,,180.8277118088639,1
0.08,-0.2262152142845022,,-0.2262152142845022,1,74.59341365070345,,74.59341365070345,1,0.5999999999999327,,0.5999999999999327,1,0.0666666666666591,,0.0666666666666591,1,-0.0499167937117269,,-0.0499167937117269,1,-0.2841940137079846,,-0.2841940137079846,1,8.447734577635467,,8.447734577635467,1,21.67342417202508,,21.67342417202508,1,75.3028442650876,,75.3028442650876,1,186.11789016888912,,186.11789016888912,1
0.09,-0.1871995130402213,,-0.1871995130402213,1,68.19473400814626,,68.19473400814626,1,0.3999999999999551,,0.3999999999999551,1,0.1999999999999775,,0.1999999999999775,1,0.0040407282457906,,0.0040407282457906,1,-0.2712671211642266,,-0.2712671211642266,1,8.492049983907718,,8.492049983907718,1,20.75019263130517,,20.75019263130517,1,64.36130900560009,,64.36130900560009,1,174.08724948620457,,174.08724948620457,1
0.1,-0.1908283534271341,,-0.1908283534271341,1,68.50229306464809,,68.50229306464809,1,0.3999999999999551,,0.3999999999999551,1,0.0666666666666591,,0.0666666666666591,1,0.0136838904024276,,0.0136838904024276,1,-0.0990522860893532,,-0.0990522860893532,1,8.537987508787563,,8.537987508787563,1,19.845622998138165,,19.845622998138165,1,63.60645753398559,,63.60645753398559,1,160.77618221581776,,160.77618221581776,1
0.11,-0.1980905399994239,,-0.1980905399994239,1,76.01656510255074,,76.01656510255074,1,0.4666666666666142,,0.4666666666666142,1,0.0666666666666591,,0.0666666666666591,1,-0.0158868454293164,,-0.0158868454293164,1,-0.0840685388425265,,-0.0840685388425265,1,8.585323873406107,,8.585323873406107,1,20.653417374420027,,20.653417374420027,1,73.54629645389477,,73.54629645389477,1,174.95464992396333,,174.95464992396333,1
0.12,-0.1980793096951153,,-0.1980793096951153,1,67.43558254786882,,67.43558254786882,1,0.5333333333332735,,0.5333333333332735,1,0.0666666666666591,,0.0666666666666591,1,-0.0041251171729207,,-0.0041251171729207,1,-0.1309032910139914,,-0.1309032910139914,1,8.633815934466194,,8.633815934466194,1,19.21055364533964,,19.21055364533964,1,64.80447021954457,,64.80447021954457,1,151.89623554017982,,151.89623554017982,1
0.13,-0.1522823959806321,,-0.1522823959806321,1,71.46225605219898,,71.46225605219898,1,0.3999999999999551,,0.3999999999999551,1,0.1333333333333183,,0.1333333333333183,1,0.02530268999169,,0.02530268999169,1,-0.1876432229735809,,-0.1876432229735809,1,8.683198227243333,,8.683198227243333,1,21.18655629165669,,21.18655629165669,1,69.9029695122522,,69.9029695122522,1,182.0830983332083,,182.0830983332083,1
0.14,-0.1206288654455068,,-0.1206288654455068,1,69.81319519901278,,69.81319519901278,1,0.3999999999999551,,0.3999999999999551,1,0.0666666666666591,,0.0666666666666591,1,-0.0396054181290402,,-0.0396054181290402,1,-0.203050187677287,,-0.203050187677287,1,8.734386167186868,,8.734386167186868,1,21.705286441454465,,21.705286441454465,1,73.02964357378255,,73.02964357378255,1,191.26958402343752,,191.26958402343752,1
0.15,-0.1179063635655897,,-0.1179063635655897,1,70.75248936253682,,70.75248936253682,1,0.3999999999999551,,0.3999999999999551,1,0.0666666666666591,,0.0666666666666591,1,-0.0256285178710158,,-0.0256285178710158,1,-0.1012288078447278,,-0.1012288078447278,1,8.786810216352364,,8.786810216352364,1,19.21946690928869,,19.21946690928869,1,70.27749279269811,,70.27749279269811,1,159.6803166019056,,159.6803166019056,1
0.16,-0.1630287574982503,,-0.1630287574982503,1,61.12113188460053,,61.12113188460053,1,0.3999999999999551,,0.3999999999999551,1,0.1999999999999775,,0.1999999999999775,1,-0.0076900837010198,,-0.0076900837010198,1,-0.1639337254336438,,-0.1639337254336438,1,8.83956934831734,,8.83956934831734,1,21.12922165812297,,21.12922165812297,1,73.52837243430223,,73.52837243430223,1,185.10864675585225,,185.10864675585225,1
0.17,-0.181341139275265,,-0.181341139275265,1,71.45266874931079,,71.45266874931079,1,0.4666666666666142,,0.4666666666666142,1,0.1333333333333183,,0.1333333333333183,1,-0.0065502074415979,,-0.0065502074415979,1,-0.2414849733384082,,-0.2414849733384082,1,8.892312604701898,,8.892312604701898,1,20.830603655283635,,20.830603655283635,1,72.25773036777527,,72.25773036777527,1,178.42139108256652,,178.42139108256652,1
0.18,-0.1715351766919876,,-0.1715351766919876,1,61.78967518942954,,61.78967518942954,1,0.4666666666666142,,0.4666666666666142,1,0.1333333333333183,,0.1333333333333183,1,0.0060922808119179,,0.0060922808119179,1,-0.1615338588138248,,-0.1615338588138248,1,8.944642650249591,,8.944642650249591,1,20.17846089349666,,20.17846089349666,1,69.81630614487084,,69.81630614487084,1,170.75926601763462,,170.75926601763462,1
0.19,-0.2040519397564023,,-0.2040519397564023,1,72.17088345268377,,72.17088345268377,1,0.5999999999999327,,0.5999999999999327,1,0.0666666666666591,,0.0666666666666591,1,-0.0089884573532921,,-0.0089884573532921,1,-0.2100296267983415,,-0.2100296267983415,1,8.998227887959853,,8.998227887959853,1,20.14772562319293,,20.14772562319293,1,72.10078748553425,,72.10078748553425,1,170.49200427249343,,170.49200427249343,1
0.2,-0.1676008071118317,,-0.1676008071118317,1,72.56395759377038,,72.56395759377038,1,0.4666666666666142,,0.4666666666666142,1,0.0666666666666591,,0.0666666666666591,1,0.0305799306263306,,0.0305799306263306,1,-0.1995346508718375,,-0.1995346508718375,1,9.052616959940035,,9.052616959940035,1,21.0149352205244,,21.0149352205244,1,75.1537744547937,,75.1537744547937,1,183.07296405160932,,183.07296405160932,1
0.21,-0.2117510039455693,,-0.2117510039455693,1,75.73975314454226,,75.73975314454226,1,0.4666666666666142,,0.4666666666666142,1,0.0666666666666591,,0.0666666666666591,1,0.0418581878173028,,0.0418581878173028,1,-0.2628244900245381,,-0.2628244900245381,1,9.10570795619908,,9.10570795619908,1,21.96550447811921,,21.96550447811921,1,84.50866011035271,,84.50866011035271,1,201.6027713093936,,201.6027713093936,1
0.22,-0.1851170461881332,,-0.1851170461881332,1,77.42420158663755,,77.42420158663755,1,0.3999999999999551,,0.3999999999999551,1,0.0666666666666591,,0.0666666666666591,1,0.0165937891093645,,0.0165937891093645,1,-0.0172380339376955,,-0.0172380339376955,1,9.157895945297964,,9.157895945297964,1,22.756444767271947,,22.756444767271947,1,87.99129980343935,,87.99129980343935,1,215.503686774004,,215.503686774004,1
0.23,-0.1851497609250833,,-0.1851497609250833,1,69.73733170703034,,69.73733170703034,1,0.5333333333332735,,0.5333333333332735,1,0.1333333333333183,,0.1333333333333183,1,-0.0199320635561603,,-0.0199320635561603,1,-0.2149396827002491,,-0.2149396827002491,1,9.212441254096824,,9.212441254096824,1,22.689463822065605,,22.689463822065605,1,87.79785270894789,,87.79785270894789,1,213.86787782514503,,213.86787782514503,1
0.24,-0.201104571339947,,-0.201104571339947,1,74.41482471887082,,74.41482471887082,1,0.4666666666666142,,0.4666666666666142,1,0.0666666666666591,,0.0666666666666591,1,-0.0135271794775061,,-0.0135271794775061,1,-0.1332183345100976,,-0.1332183345100976,1,9.26445349867393,,9.26445349867393,1,21.807027112880444,,21.807027112880444,1,83.25932723394612,,83.25932723394612,1,199.94744211864577,,199.94744211864577,1
0.25,-0.1605636574399513,,-0.1605636574399513,1,66.23335822159152,,66.23335822159152,1,0.5333333333332735,,0.5333333333332735,1,0.1333333333333183,,0.1333333333333183,1,-0.0057278483385717,,-0.0057278483385717,1,-0.2198628694542735,,-0.2198628694542735,1,9.31672419417728,,9.31672419417728,1,19.99453456009434,,19.99453456009434,1,79.81987438858081,,79.81987438858081,1,176.57782685530557,,176.57782685530557,1
0.26,-0.1779327269078759,,-0.1779327269078759,1,69.2549477457794,,69.2549477457794,1,0.5333333333332735,,0.5333333333332735,1,0.0666666666666591,,0.0666666666666591,1,-0.0121559275720362,,-0.0121559275720362,1,-0.1530085038749438,,-0.1530085038749438,1,9.369120349709926,,9.369120349709926,1,19.72176619515164,,19.72176619515164,1,79.07806579253212,,79.07806579253212,1,174.3044956216689,,174.3044956216689,1
0.27,-0.2071495351924605,,-0.2071495351924605,1,74.26811934289566,,74.26811934289566,1,0.5333333333332735,,0.5333333333332735,1,0.1333333333333183,,0.1333333333333183,1,-0.0198906618661454,,-0.0198906618661454,1,-0.2724989405925308,,-0.2724989405925308,1,9.418903402989384,,9.418903402989384,1,21.72077574548544,,21.72077574548544,1,85.36526160940376,,85.36526160940376,1,202.2383095734201,,202.2383095734201,1
0.28,-0.1548452394234709,,-0.1548452394234709,1,68.57415348694876,,68.57415348694876,1,0.3999999999999551,,0.3999999999999551,1,0.1333333333333183,,0.1333333333333183,1,-0.057416688461164,,-0.057416688461164,1,-0.2200549349529492,,-0.2200549349529492,1,9.471029894213345,,9.471029894213345,1,20.614429991881867,,20.614429991881867,1,83.55604123043743,,83.55604123043743,1,188.4967329295469,,188.4967329295469,1
0.29,-0.1501173351846861,,-0.1501173351846861,1,69.2407939723901,,69.2407939723901,1,0.3333333333332959,,0.3333333333332959,1,0.1333333333333183,,0.1333333333333183,1,-0.0526132727506139,,-0.0526132727506139,1,-0.0519050676255705,,-0.0519050676255705,1,9.519111277573874,,9.519111277573874,1,19.33890528699067,,19.33890528699067,1,77.28813204118333,,77.28813204118333,1,172.96066838161457,,172.96066838161457,1
0.3,-0.1425949728375922,,-0.1425949728375922,1,70.2981865445819,,70.2981865445819,1,0.3333333333332959,,0.3333333333332959,1,0.0666666666666591,,0.0666666666666591,1,-0.0227496653849013,,-0.0227496653849013,1,-0.0409629538520741,,-0.0409629538520741,1,9.570029464770048,,9.570029464770048,1,19.9190255119478,,19.9190255119478,1,79.96968831014222,,79.96968831014222,1,178.37368102564523,,178.37368102564523,1
0.31,-0.162551064417022,,-0.162551064417022,1,69.85505902238178,,69.85505902238178,1,0.3999999999999551,,0.3999999999999551,1,0.1999999999999775,,0.1999999999999775,1,-0.0259864779380524,,-0.0259864779380524,1,-0.250921760147049,,-0.250921760147049,1,9.617139129902643,,9.617139129902643,1,22.22460982732657,,22.22460982732657,1,89.83362495330276,,89.83362495330276,1,213.26863609737856,,213.26863609737856,1
0.32,-0.1294484467015124,,-0.1294484467015124,1,70.36319552851286,,70.36319552851286,1,0.3333333333332959,,0.3333333333332959,1,0.0666666666666591,,0.0666666666666591,1,-0.0614417357480214,,-0.0614417357480214,1,-0.0505415759900886,,-0.0505415759900886,1,9.665573008237908,,9.665573008237908,1,21.61639462742124,,21.61639462742124,1,85.41082518068359,,85.41082518068359,1,204.32010877454755,,204.32010877454755,1
0.33,-0.1589752275692617,,-0.1589752275692617,1,70.68075803626735,,70.68075803626735,1,0.5999999999999327,,0.5999999999999327,1,0.0666666666666591,,0.0666666666666591,1,-0.0023351642265056,,-0.0023351642265056,1,-0.2623959529553158,,-0.2623959529553158,1,9.712333183393309,,9.712333183393309,1,21.16188313681768,,21.16188313681768,1,85.4969441771997,,85.4969441771997,1,196.6077298476475,,196.6077298476475,1
0.34,-0.144284015413166,,-0.144284015413166,1,66.99020634423113,,66.99020634423113,1,0.3999999999999551,,0.3999999999999551,1,0.1333333333333183,,0.1333333333333183,1,-0.0878439119529337,,-0.0878439119529337,1,-0.227467553627679,,-0.227467553627679,1,9.756632515064494,,9.756632515064494,1,22.187681265704207,,22.187681265704207,1,88.4888891399846,,88.4888891399846,1,215.95537880989784,,215.95537880989784,1
0.35,-0.1528349680522927,,-0.1528349680522927,1,70.76020654257353,,70.76020654257353,1,0.4666666666666142,,0.4666666666666142,1,0.0666666666666591,,0.0666666666666591,1,-0.0237754396347915,,-0.0237754396347915,1,-0.1344197073149838,,-0.1344197073149838,1,9.803516303583477,,9.803516303583477,1,22.86309926284739,,22.86309926284739,1,93.1212525142362,,93.1212525142362,1,228.6114448408568,,228.6114448408568,1
0.36,-0.1413762525929002,,-0.1413762525929002,1,66.53488577534279,,66.53488577534279,1,0.3999999999999551,,0.3999999999999551,1,0.0666666666666591,,0.0666666666666591,1,-0.0416837331681659,,-0.0416837331681659,1,-0.2370713355490539,,-0.2370713355490539,1,9.84643070261798,,9.84643070261798,1,22.691769459656843,,22.691769459656843,1,92.88648445926373,,92.88648445926373,1,226.3533692258224,,226.3533692258224,1
0.37,-0.1718850416339755,,-0.1718850416339755,1,68.18768025796967,,68.18768025796967,1,0.3999999999999551,,0.3999999999999551,1,0.1333333333333183,,0.1333333333333183,1,-0.0337530934260061,,-0.0337530934260061,1,-0.0827235006708548,,-0.0827235006708548,1,9.88894123860231,,9.88894123860231,1,22.08100542613264,,22.08100542613264,1,90.12635796545324,,90.12635796545324,1,215.3085656263323,,215.3085656263323,1
0.38,-0.1203126267988129,,-0.1203126267988129,1,67.63951396741547,,67.63951396741547,1,0.3333333333332959,,0.3333333333332959,1,0.6666666666665919,,0.6666666666665919,1,0.0273352645993765,,0.0273352645993765,1,0.0360909511766331,,0.0360909511766331,1,9.93269880203658,,9.93269880203658,1,20.445497187574425,,20.445497187574425,1,83.60976473741222,,83.60976473741222,1,196.7793097546525,,196.7793097546525,1
0.39,-0.1548467379196201,,-0.1548467379196201,1,69.19076952516018,,69.19076952516018,1,0.3999999999999551,,0.3999999999999551,1,0.0666666666666591,,0.0666666666666591,1,-0.029061580599643,,-0.029061580599643,1,-0.1585406848409184,,-0.1585406848409184,1,9.97311726233096,,9.97311726233096,1,22.16517623778697,,22.16517623778697,1,92.36121139295948,,92.36121139295948,1,218.9661518287341,,218.9661518287341,1
0.4,-0.158462636282585,,-0.158462636282585,1,69.12231141855071,,69.12231141855071,1,0.5333333333332735,,0.5333333333332735,1,0.0666666666666591,,0.0666666666666591,1,0.0097340495419296,,0.0097340495419296,1,-0.2101367726391003,,-0.2101367726391003,1,10.010923789419644,,10.010923789419644,1,21.21434699996287,,21.21434699996287,1,88.70016160634306,,88.70016160634306,1,203.28456744888032,,203.28456744888032,1
0.41,-0.1551454847563184,,-0.1551454847563184,1,68.3232576667659,,68.3232576667659,1,0.3999999999999551,,0.3999999999999551,1,0.1333333333333183,,0.1333333333333183,1,-0.0525266657059573,,-0.0525266657059573,1,-0.2006631496360062,,-0.2006631496360062,1,10.05257315070952,,10.05257315070952,1,22.795887948534208,,22.795887948534208,1,98.0939015975099,,98.0939015975099,1,233.74450317080183,,233.74450317080183,1
0.42,-0.1248133469319916,,-0.1248133469319916,1,65.10490964068063,,65.10490964068063,1,0.3999999999999551,,0.3999999999999551,1,0.0666666666666591,,0.0666666666666591,1,0.0497416581759517,,0.0497416581759517,1,-0.1376640177358504,,-0.1376640177358504,1,10.091409844991858,,10.091409844991858,1,20.925740305291047,,20.925740305291047,1,84.9063252555729,,84.9063252555729,1,207.23726110426145,,207.23726110426145,1
0.43,-0.1630525226863601,,-0.1630525226863601,1,64.51526740183928,,64.51526740183928,1,0.3999999999999551,,0.3999999999999551,1,0.1333333333333183,,0.1333333333333183,1,0.0170600248039158,,0.0170600248039158,1,-0.1305347719539767,,-0.1305347719539767,1,10.12760857524906,,10.12760857524906,1,22.075533557008303,,22.075533557008303,1,92.20856584860574,,92.20856584860574,1,222.1337701573787,,222.1337701573787,1
0.44,-0.1726312989697755,,-0.1726312989697755,1,67.14936986831333,,67.14936986831333,1,0.3999999999999551,,0.3999999999999551,1,0.1333333333333183,,0.1333333333333183,1,0.010829966905068,,0.010829966905068,1,-0.2722492555865829,,-0.2722492555865829,1,10.161339705134097,,10.161339705134097,1,21.983276089625623,,21.983276089625623,1,96.86177109420146,,96.86177109420146,1,221.82672911057296,,221.82672911057296,1
0.45,-0.1783805518016524,,-0.1783805518016524,1,71.64618416075382,,71.64618416075382,1,0.5333333333332735,,0.5333333333332735,1,0.0666666666666591,,0.0666666666666591,1,0.0162136556916607,,0.0162136556916607,1,-0.2475215740943485,,-0.2475215740943485,1,10.19850425614942,,10.19850425614942,1,23.419612171400768,,23.419612171400768,1,103.86756046721965,,103.86756046721965,1,248.04974145851787,,248.04974145851787,1
0.46,-0.1318832215638725,,-0.1318832215638725,1,72.25353314776993,,72.25353314776993,1,0.3999999999999551,,0.3999999999999551,1,0.0666666666666591,,0.0666666666666591,1,0.030418725483691,,0.030418725483691,1,-0.1023145108092866,,-0.1023145108092866,1,10.233953469461015,,10.233953469461015,1,23.09915353222772,,23.09915353222772,1,104.77333168694084,,104.77333168694084,1,244.27555826106024,,244.27555826106024,1
0.47,-0.1356665389247923,,-0.1356665389247923,1,62.49436988615251,,62.49436988615251,1,0.3999999999999551,,0.3999999999999551,1,0.1333333333333183,,0.1333333333333183,1,0.011814176638788,,0.011814176638788,1,-0.1645398431952062,,-0.1645398431952062,1,10.267275879029691,,10.267275879029691,1,21.474747961687378,,21.474747961687378,1,88.57244508209044,,88.57244508209044,1,219.9688445441522,,219.9688445441522,1
0.48,-0.1419687783843857,,-0.1419687783843857,1,62.41693524737305,,62.41693524737305,1,0.3999999999999551,,0.3999999999999551,1,0.0666666666666591,,0.0666666666666591,1,0.0085354117978811,,0.0085354117978811,1,-0.0371923760484914,,-0.0371923760484914,1,10.298595926991483,,10.298595926991483,1,22.49620412107428,,22.49620412107428,1,97.17525278763765,,97.17525278763765,1,232.96409789765443,,232.96409789765443,1
0.49,-0.1598511977211014,,-0.1598511977211014,1,63.67515830429126,,63.67515830429126,1,0.4666666666666142,,0.4666666666666142,1,0.1333333333333183,,0.1333333333333183,1,-0.0056439671407191,,-0.0056439671407191,1,-0.1082791759236426,,-0.1082791759236426,1,10.328029008291509,,10.328029008291509,1,21.6691432469146,,21.6691432469146,1,93.20344601972154,,93.20344601972154,1,224.8152862740445,,224.8152862740445,1
0.5,-0.1105782971243484,,-0.1105782971243484,1,65.19106407598318,,65.19106407598318,1,0.3333333333332959,,0.3333333333332959,1,0.5999999999999327,,0.5999999999999327,1,0.0576665418217804,,0.0576665418217804,1,0.101081332647215,,0.101081332647215,1,10.357357679583927,,10.357357679583927,1,21.795476047330208,,21.795476047330208,1,94.21351070716072,,94.21351070716072,1,227.3581856913916,,227.3581856913916,1
0.51,-0.1180437910640916,,-0.1180437910640916,1,61.6180708866574,,61.6180708866574,1,0.3333333333332959,,0.3333333333332959,1,0.1333333333333183,,0.1333333333333183,1,0.0168672262106259,,0.0168672262106259,1,-0.113454958018888,,-0.113454958018888,1,10.39235360345725,,10.39235360345725,1,22.30811807186821,,22.30811807186821,1,94.98608385340876,,94.98608385340876,1,236.20465184718972,,236.20465184718972,1
0.52,-0.1591093702579027,,-0.1591093702579027,1,62.17676079451387,,62.17676079451387,1,0.3999999999999551,,0.3999999999999551,1,0.1333333333333183,,0.1333333333333183,1,0.0233157249081928,,0.0233157249081928,1,-0.1708954959123059,,-0.1708954959123059,1,10.447000506601889,,10.447000506601889,1,23.754303020381027,,23.754303020381027,1,110.33786562976522,,110.33786562976522,1,261.75700010065646,,261.75700010065646,1
0.53,-0.1427520594987907,,-0.1427520594987907,1,57.9440984392096,,57.9440984392096,1,0.4666666666666142,,0.4666666666666142,1,0.2666666666666367,,0.2666666666666367,1,0.0666191808412811,,0.0666191808412811,1,-0.1049129636190759,,-0.1049129636190759,1,10.485905178499376,,10.485905178499376,1,22.919191307150445,,22.919191307150445,1,100.48927118705026,,100.48927118705026,1,248.9240744854396,,248.9240744854396,1
0.54,-0.1647893773889418,,-0.1647893773889418,1,65.76878205501848,,65.76878205501848,1,0.4666666666666142,,0.4666666666666142,1,0.0666666666666591,,0.0666666666666591,1,0.0395541387098893,,0.0395541387098893,1,-0.213376792644384,,-0.213376792644384,1,10.51914174328566,,10.51914174328566,1,23.03176835055162,,23.03176835055162,1,103.0201981333345,,103.0201981333345,1,252.29957932277992,,252.29957932277992,1
0.55,-0.1621444967989825,,-0.1621444967989825,1,61.93097633923814,,61.93097633923814,1,0.4666666666666142,,0.4666666666666142,1,0.0666666666666591,,0.0666666666666591,1,-4.554914925734117e-05,,-4.554914925734117e-05,1,-0.1889029224860108,,-0.1889029224860108,1,10.549947081851007,,10.549947081851007,1,23.02923506997121,,23.02923506997121,1,103.0870247257784,,103.0870247257784,1,252.81958499732968,,252.81958499732968,1
0.56,-0.140923302102237,,-0.140923302102237,1,63.25036435236812,,63.25036435236812,1,0.3999999999999551,,0.3999999999999551,1,0.0666666666666591,,0.0666666666666591,1,0.0077111707359824,,0.0077111707359824,1,-0.2036466018754863,,-0.2036466018754863,1,10.558136091747324,,10.558136091747324,1,23.488612825704827,,23.488612825704827,1,109.13121697736062,,109.13121697736062,1,260.6520126492478,,260.6520126492478,1
0.5700000000000001,-0.111278723318308,,-0.111278723318308,1,65.25691701606672,,65.25691701606672,1,0.3333333333332959,,0.3333333333332959,1,0.0666666666666591,,0.0666666666666591,1,0.0460478089972314,,0.0460478089972314,1,0.0522285560160187,,0.0522285560160187,1,10.54235936573959,,10.54235936573959,1,22.687395593208024,,22.687395593208024,1,104.12969186003085,,104.12969186003085,1,247.9308534110517,,247.9308534110517,1
0.58,-0.1281212962634058,,-0.1281212962634058,1,62.7736778377469,,62.7736778377469,1,0.3333333333332959,,0.3333333333332959,1,0.1333333333333183,,0.1333333333333183,1,-0.0063091101874079,,-0.0063091101874079,1,-0.019728781670386,,-0.019728781670386,1,10.56097972339747,,10.56097972339747,1,22.84877990144769,,22.84877990144769,1,104.26136855769292,,104.26136855769292,1,249.63559216592364,,249.63559216592364,1
0.59,-0.1176667579331539,,-0.1176667579331539,1,62.511274964985546,,62.511274964985546,1,0.3333333333332959,,0.3333333333332959,1,0.1333333333333183,,0.1333333333333183,1,0.0210616407020563,,0.0210616407020563,1,-0.1200931267456572,,-0.1200931267456572,1,10.5835981189265,,10.5835981189265,1,22.545028141397022,,22.545028141397022,1,102.89104317103524,,102.89104317103524,1,248.5153893778386,,248.5153893778386,1
0.6,-0.1298424636829852,,-0.1298424636829852,1,62.22137260604016,,62.22137260604016,1,0.3333333333332959,,0.3333333333332959,1,0.0666666666666591,,0.0666666666666591,1,-0.019437339195655,,-0.019437339195655,1,-0.0658697397245184,,-0.0658697397245184,1,10.6050107379737,,10.6050107379737,1,22.62117608235864,,22.62117608235864,1,104.85342441581231,,104.85342441581231,1,250.6782302245121,,250.6782302245121,1
0.61,-0.1062236921326469,,-0.1062236921326469,1,66.10288860687507,,66.10288860687507,1,0.3999999999999551,,0.3999999999999551,1,0.1333333333333183,,0.1333333333333183,1,0.0818517447763143,,0.0818517447763143,1,-0.1260966250490348,,-0.1260966250490348,1,10.62508480045349,,10.62508480045349,1,22.694059010455444,,22.694059010455444,1,105.26786579149449,,105.26786579149449,1,252.8017205106724,,252.8017205106724,1
0.62,-0.1358776863115499,,-0.1358776863115499,1,65.34184317943871,,65.34184317943871,1,0.3333333333332959,,0.3333333333332959,1,0.0666666666666591,,0.0666666666666591,1,0.0125385827621962,,0.0125385827621962,1,-0.0227346690339619,,-0.0227346690339619,1,10.649591482042634,,10.649591482042634,1,22.979617759036486,,22.979617759036486,1,108.76479279187843,,108.76479279187843,1,257.5686149096752,,257.5686149096752,1
0.63,-0.153233495511804,,-0.153233495511804,1,63.31755372675995,,63.31755372675995,1,0.3999999999999551,,0.3999999999999551,1,0.0666666666666591,,0.0666666666666591,1,0.0035234019938367,,0.0035234019938367,1,-0.2194751836142083,,-0.2194751836142083,1,10.757478195694956,,10.757478195694956,1,23.477123038051896,,23.477123038051896,1,111.73993615939315,,111.73993615939315,1,268.1736617841717,,268.1736617841717,1
0.64,-0.1384394130574359,,-0.1384394130574359,1,60.12031053612462,,60.12031053612462,1,0.3999999999999551,,0.3999999999999551,1,0.0666666666666591,,0.0666666666666591,1,0.0207819079276514,,0.0207819079276514,1,-0.2007432168224713,,-0.2007432168224713,1,10.836671335339476,,10.836671335339476,1,23.96544865954504,,23.96544865954504,1,116.00710925903908,,116.00710925903908,1,279.6698106169517,,279.6698106169517,1
0.65,-0.1586711306146966,,-0.1586711306146966,1,63.83215224484978,,63.83215224484978,1,0.5333333333332735,,0.5333333333332735,1,0.0666666666666591,,0.0666666666666591,1,-0.0337617129867536,,-0.0337617129867536,1,-0.2245789604121373,,-0.2245789604121373,1,10.809454933565428,,10.809454933565428,1,24.272327037599,,24.272327037599,1,122.32572014276408,,122.32572014276408,1,287.10556755510726,,287.10556755510726,1
0.66,-0.146233822257852,,-0.146233822257852,1,67.2926072211394,,67.2926072211394,1,0.4666666666666142,,0.4666666666666142,1,0.1333333333333183,,0.1333333333333183,1,-0.0182318858869641,,-0.0182318858869641,1,-0.0515974747862416,,-0.0515974747862416,1,10.705492500308877,,10.705492500308877,1,24.133903102262785,,24.133903102262785,1,121.83689750871174,,121.83689750871174,1,284.9105250209863,,284.9105250209863,1
0.67,-0.1493923651734445,,-0.1493923651734445,1,69.63550856198802,,69.63550856198802,1,0.3999999999999551,,0.3999999999999551,1,0.0666666666666591,,0.0666666666666591,1,0.0605395216975368,,0.0605395216975368,1,-0.2146050713575279,,-0.2146050713575279,1,10.717484858262232,,10.717484858262232,1,23.28930535558442,,23.28930535558442,1,118.81541973174942,,118.81541973174942,1,266.62013725835703,,266.62013725835703,1
0.68,-0.1526103134578919,,-0.1526103134578919,1,63.421050788613954,,63.421050788613954,1,0.3999999999999551,,0.3999999999999551,1,0.0666666666666591,,0.0666666666666591,1,-0.0139318216936634,,-0.0139318216936634,1,-0.0298126146686827,,-0.0298126146686827,1,10.728037231101805,,10.728037231101805,1,23.27915394038091,,23.27915394038091,1,120.71133413445206,,120.71133413445206,1,268.7537508132932,,268.7537508132932,1
0.6900000000000001,-0.1280094021604925,,-0.1280094021604925,1,67.44944958450147,,67.44944958450147,1,0.4666666666666142,,0.4666666666666142,1,0.0666666666666591,,0.0666666666666591,1,0.0546061749938128,,0.0546061749938128,1,-0.1544183158043596,,-0.1544183158043596,1,10.737094629055566,,10.737094629055566,1,23.52494012314565,,23.52494012314565,1,118.2125030153151,,118.2125030153151,1,271.8543020508671,,271.8543020508671,1
0.7000000000000001,-0.1628660302295879,,-0.1628660302295879,1,66.73160963529864,,66.73160963529864,1,0.4666666666666142,,0.4666666666666142,1,0.1333333333333183,,0.1333333333333183,1,-0.0214601166752765,,-0.0214601166752765,1,-0.176603891091338,,-0.176603891091338,1,10.74685431835688,,10.74685431835688,1,23.220118391608928,,23.220118391608928,1,115.59822720087404,,115.59822720087404,1,269.82874233128257,,269.82874233128257,1
0.71,-0.1519647666201667,,-0.1519647666201667,1,63.86313913948299,,63.86313913948299,1,0.3999999999999551,,0.3999999999999551,1,0.1333333333333183,,0.1333333333333183,1,-0.0499518915114845,,-0.0499518915114845,1,-0.1995843576926788,,-0.1995843576926788,1,10.757331019529314,,10.757331019529314,1,24.279012007816576,,24.279012007816576,1,130.84369133538624,,130.84369133538624,1,292.22557737563363,,292.22557737563363,1
0.72,-0.150294856143999,,-0.150294856143999,1,65.62357431908009,,65.62357431908009,1,0.4666666666666142,,0.4666666666666142,1,0.0666666666666591,,0.0666666666666591,1,-0.0622912654486798,,-0.0622912654486798,1,-0.1563851407312913,,-0.1563851407312913,1,10.766366542704262,,10.766366542704262,1,24.04544555579782,,24.04544555579782,1,127.23046061150276,,127.23046061150276,1,286.9941986080518,,286.9941986080518,1
0.73,-0.1345741926997435,,-0.1345741926997435,1,65.78448336899157,,65.78448336899157,1,0.3333333333332959,,0.3333333333332959,1,0.0666666666666591,,0.0666666666666591,1,-0.0401062395951544,,-0.0401062395951544,1,-0.010571491940273,,-0.010571491940273,1,10.773875582344395,,10.773875582344395,1,24.101969723170715,,24.101969723170715,1,124.43667681175936,,124.43667681175936,1,288.8364633523108,,288.8364633523108,1
0.74,-0.1467755581606323,,-0.1467755581606323,1,66.22511458391591,,66.22511458391591,1,0.3999999999999551,,0.3999999999999551,1,0.0666666666666591,,0.0666666666666591,1,0.0109518415695684,,0.0109518415695684,1,-0.1418307234381793,,-0.1418307234381793,1,10.779753221044496,,10.779753221044496,1,23.46479348015964,,23.46479348015964,1,118.89787805398744,,118.89787805398744,1,276.46359534593705,,276.46359534593705,1
0.75,-0.1417494676529136,,-0.1417494676529136,1,65.7141174023306,,65.7141174023306,1,0.3999999999999551,,0.3999999999999551,1,0.4666666666666142,,0.4666666666666142,1,-0.0252689901262764,,-0.0252689901262764,1,-0.1639076474393206,,-0.1639076474393206,1,10.783872382324708,,10.783872382324708,1,23.432679673302584,,23.432679673302584,1,119.76771757587552,,119.76771757587552,1,278.080183889405,,278.080183889405,1
0.76,-0.1572433504119821,,-0.1572433504119821,1,67.0719083420595,,67.0719083420595,1,0.4666666666666142,,0.4666666666666142,1,0.0666666666666591,,0.0666666666666591,1,0.0494392395168419,,0.0494392395168419,1,-0.0665379400573138,,-0.0665379400573138,1,10.786081039334434,,10.786081039334434,1,23.46275136905196,,23.46275136905196,1,121.52556677445556,,121.52556677445556,1,279.62584092690986,,279.62584092690986,1
0.77,-0.1509591640366551,,-0.1509591640366551,1,67.07880327481897,,67.07880327481897,1,0.3999999999999551,,0.3999999999999551,1,0.0666666666666591,,0.0666666666666591,1,-0.0320477534584666,,-0.0320477534584666,1,-0.0721810322966695,,-0.0721810322966695,1,10.786199202497455,,10.786199202497455,1,24.49448028625499,,24.49448028625499,1,130.96769862773976,,130.96769862773976,1,301.65562644251565,,301.65562644251565,1
0.78,-0.144752963714123,,-0.144752963714123,1,63.89939303063662,,63.89939303063662,1,0.3333333333332959,,0.3333333333332959,1,0.0666666666666591,,0.0666666666666591,1,0.0135031628303721,,0.0135031628303721,1,-0.1226774084350105,,-0.1226774084350105,1,11.113103652565076,,11.113103652565076,1,23.628740991823804,,23.628740991823804,1,124.18511123321996,,124.18511123321996,1,282.45088986502884,,282.45088986502884,1
0.79,-0.1504158266489307,,-0.1504158266489307,1,70.13195256511707,,70.13195256511707,1,0.4666666666666142,,0.4666666666666142,1,0.0666666666666591,,0.0666666666666591,1,0.0077411870308306,,0.0077411870308306,1,-0.16172879240347,,-0.16172879240347,1,10.78477818225794,,10.78477818225794,1,23.824592573253515,,23.824592573253515,1,130.02298465866022,,130.02298465866022,1,288.0931326545773,,288.0931326545773,1
0.8,-0.1148441014729139,,-0.1148441014729139,1,62.9995412005253,,62.9995412005253,1,0.3333333333332959,,0.3333333333332959,1,0.0666666666666591,,0.0666666666666591,1,-0.0190880727536717,,-0.0190880727536717,1,-0.1141929671858014,,-0.1141929671858014,1,10.785541698530276,,10.785541698530276,1,24.25256073773014,,24.25256073773014,1,128.8038063745767,,128.8038063745767,1,297.5566283023099,,297.5566283023099,1
0.81,-0.1121897146501845,,-0.1121897146501845,1,70.67609894692677,,70.67609894692677,1,0.3333333333332959,,0.3333333333332959,1,0.1333333333333183,,0.1333333333333183,1,-0.0348903968045845,,-0.0348903968045845,1,-0.1659633627329004,,-0.1659633627329004,1,10.783805376609882,,10.783805376609882,1,24.48346303915301,,24.48346303915301,1,134.24336372000298,,134.24336372000298,1,303.9902216090655,,303.9902216090655,1
0.8200000000000001,-0.13950744613557,,-0.13950744613557,1,65.72701270703679,,65.72701270703679,1,0.4666666666666142,,0.4666666666666142,1,0.0666666666666591,,0.0666666666666591,1,-0.1368707672398187,,-0.1368707672398187,1,-0.1618314382756938,,-0.1618314382756938,1,11.009918876333042,,11.009918876333042,1,24.031094851401217,,24.031094851401217,1,129.83457332663534,,129.83457332663534,1,295.2505657440197,,295.2505657440197,1
0.8300000000000001,-0.1297944895101172,,-0.1297944895101172,1,65.3735574440246,,65.3735574440246,1,0.3333333333332959,,0.3333333333332959,1,0.1333333333333183,,0.1333333333333183,1,-0.1026449448507206,,-0.1026449448507206,1,-0.1753271337727725,,-0.1753271337727725,1,11.222871553749863,,11.222871553749863,1,23.77518868735386,,23.77518868735386,1,131.9886320071616,,131.9886320071616,1,291.52622799690903,,291.52622799690903,1
0.84,-0.1294034762145846,,-0.1294034762145846,1,66.38635599764095,,66.38635599764095,1,0.3333333333332959,,0.3333333333332959,1,0.0666666666666591,,0.0666666666666591,1,-0.0626125579395338,,-0.0626125579395338,1,-0.0779244520695903,,-0.0779244520695903,1,11.245321649537123,,11.245321649537123,1,24.20513865273814,,24.20513865273814,1,132.8825377835525,,132.8825377835525,1,300.84886620009195,,300.84886620009195,1
0.85,-0.1510859134234317,,-0.1510859134234317,1,66.56803936115193,,66.56803936115193,1,0.3999999999999551,,0.3999999999999551,1,0.0666666666666591,,0.0666666666666591,1,-0.0844272023714454,,-0.0844272023714454,1,-0.0316243904325309,,-0.0316243904325309,1,11.171581619430656,,11.171581619430656,1,24.009699347086435,,24.009699347086435,1,131.42680910166567,,131.42680910166567,1,299.2720502059645,,299.2720502059645,1
0.86,-0.1253966098628362,,-0.1253966098628362,1,66.56647620243383,,66.56647620243383,1,0.3333333333332959,,0.3333333333332959,1,0.1333333333333183,,0.1333333333333183,1,-0.1023672917764953,,-0.1023672917764953,1,-0.1337399567812597,,-0.1337399567812597,1,10.747755760213424,,10.747755760213424,1,23.65147646562072,,23.65147646562072,1,127.97256294740654,,127.97256294740654,1,290.6540825426396,,290.6540825426396,1
0.87,-0.1207815857727489,,-0.1207815857727489,1,67.40482895797874,,67.40482895797874,1,0.3333333333332959,,0.3333333333332959,1,0.0666666666666591,,0.0666666666666591,1,-0.1037346708714702,,-0.1037346708714702,1,-0.0005810244554183,,-0.0005810244554183,1,10.943771839946612,,10.943771839946612,1,23.646989659040823,,23.646989659040823,1,128.33942174510054,,128.33942174510054,1,290.9009052550675,,290.9009052550675,1
0.88,-0.1089395730401482,,-0.1089395730401482,1,66.72641547716836,,66.72641547716836,1,0.3333333333332959,,0.3333333333332959,1,0.1333333333333183,,0.1333333333333183,1,-0.0551393117290229,,-0.0551393117290229,1,-0.1369749085116456,,-0.1369749085116456,1,10.717504311634828,,10.717504311634828,1,24.312314772407333,,24.312314772407333,1,138.85544533916388,,138.85544533916388,1,306.9912137264991,,306.9912137264991,1
0.89,-0.1543483780933161,,-0.1543483780933161,1,68.54499470730778,,68.54499470730778,1,0.5333333333332735,,0.5333333333332735,1,0.0666666666666591,,0.0666666666666591,1,-0.006371807819349,,-0.006371807819349,1,-0.2176243942449845,,-0.2176243942449845,1,10.716984981499875,,10.716984981499875,1,24.79744331241232,,24.79744331241232,1,142.6461214210611,,142.6461214210611,1,319.19488250836406,,319.19488250836406,1
0.9,-0.1160755125735436,,-0.1160755125735436,1,59.85807981383608,,59.85807981383608,1,0.3333333333332959,,0.3333333333332959,1,0.0666666666666591,,0.0666666666666591,1,-0.0693822138664966,,-0.0693822138664966,1,-0.0853056867661636,,-0.0853056867661636,1,11.633983700895564,,11.633983700895564,1,24.9461849067497,,24.9461849067497,1,141.12141653790746,,141.12141653790746,1,326.0804220288135,,326.0804220288135,1
0.91,-0.1068360354065734,,-0.1068360354065734,1,63.676342394745504,,63.676342394745504,1,0.3999999999999551,,0.3999999999999551,1,0.0666666666666591,,0.0666666666666591,1,-0.0429585435535298,,-0.0429585435535298,1,0.0811027434979197,,0.0811027434979197,1,10.926459339532997,,10.926459339532997,1,23.61030474808043,,23.61030474808043,1,130.29360552805815,,130.29360552805815,1,293.1687289979214,,293.1687289979214,1
0.92,-0.1447479312373934,,-0.1447479312373934,1,64.72404813431746,,64.72404813431746,1,0.3999999999999551,,0.3999999999999551,1,0.0666666666666591,,0.0666666666666591,1,0.0200674623551821,,0.0200674623551821,1,-0.153720883023152,,-0.153720883023152,1,11.496537690931552,,11.496537690931552,1,24.805317678357326,,24.805317678357326,1,141.79787908256242,,141.79787908256242,1,322.05728773191714,,322.05728773191714,1
0.93,-0.1530229195652546,,-0.1530229195652546,1,67.4415527593167,,67.4415527593167,1,0.3333333333332959,,0.3333333333332959,1,0.1333333333333183,,0.1333333333333183,1,-0.1088917505973305,,-0.1088917505973305,1,-0.0408992701654994,,-0.0408992701654994,1,10.632210947757386,,10.632210947757386,1,25.16673816524614,,25.16673816524614,1,150.26260456517878,,150.26260456517878,1,333.98119580431165,,333.98119580431165,1
0.94,-0.1440221580959167,,-0.1440221580959167,1,68.03093593159139,,68.03093593159139,1,0.3999999999999551,,0.3999999999999551,1,0.0666666666666591,,0.0666666666666591,1,-0.0566405661484568,,-0.0566405661484568,1,-0.1348114173960133,,-0.1348114173960133,1,11.406010435256729,,11.406010435256729,1,24.34741813073918,,24.34741813073918,1,139.18135700208558,,139.18135700208558,1,312.96085467669894,,312.96085467669894,1
0.95,-0.1422173203279345,,-0.1422173203279345,1,65.90170057875694,,65.90170057875694,1,0.3999999999999551,,0.3999999999999551,1,0.1333333333333183,,0.1333333333333183,1,-0.0766213830839194,,-0.0766213830839194,1,-0.0308120082782155,,-0.0308120082782155,1,11.17063225549942,,11.17063225549942,1,24.822487208757902,,24.822487208757902,1,142.74569709646343,,142.74569709646343,1,325.8614817568701,,325.8614817568701,1
0.96,-0.1125665195438331,,-0.1125665195438331,1,64.8206565736731,,64.8206565736731,1,0.3333333333332959,,0.3333333333332959,1,0.0666666666666591,,0.0666666666666591,1,-0.0443692744460751,,-0.0443692744460751,1,-0.1143038189329028,,-0.1143038189329028,1,11.087890729978126,,11.087890729978126,1,23.964608010205485,,23.964608010205485,1,135.83782624332676,,135.83782624332676,1,307.40345084406465,,307.40345084406465,1
0.97,-0.1226465594757758,,-0.1226465594757758,1,64.66447279529928,,64.66447279529928,1,0.3999999999999551,,0.3999999999999551,1,0.0666666666666591,,0.0666666666666591,1,-0.0532926647636081,,-0.0532926647636081,1,0.0426071118985062,,0.0426071118985062,1,11.418697845524589,,11.418697845524589,1,25.12666234209273,,25.12666234209273,1,146.96568414331816,,146.96568414331816,1,335.9125877172437,,335.9125877172437,1
0.98,-0.1241343907000555,,-0.1241343907000555,1,66.87837231121092,,66.87837231121092,1,0.4666666666666142,,0.4666666666666142,1,0.0666666666666591,,0.0666666666666591,1,-0.1183103598224093,,-0.1183103598224093,1,-0.1814100523092896,,-0.1814100523092896,1,11.261118423724978,,11.261118423724978,1,24.348478426526608,,24.348478426526608,1,148.12046997244508,,148.12046997244508,1,320.70764874333054,,320.70764874333054,1
0.99,-0.1219795951314805,,-0.1219795951314805,1,67.65052737340858,,67.65052737340858,1,0.3999999999999551,,0.3999999999999551,1,0.1333333333333183,,0.1333333333333183,1,-0.0273617808190599,,-0.0273617808190599,1,-0.1953843281870383,,-0.1953843281870383,1,11.150618543913298,,11.150618543913298,1,25.973660518752386,,25.973660518752386,1,159.42605301950263,,159.42605301950263,1,357.70870995470943,,357.70870995470943,1
1.0,-0.1101081578254227,,-0.1101081578254227,1,62.44813916841626,,62.44813916841626,1,0.3999999999999551,,0.3999999999999551,1,0.0666666666666591,,0.0666666666666591,1,-0.1126304230076329,,-0.1126304230076329,1,0.0288136900963069,,0.0288136900963069,1,11.393569530321557,,11.393569530321557,1,25.628266479022283,,25.628266479022283,1,160.76266223839505,,160.76266223839505,1,353.3209248620459,,353.3209248620459,1
1.01,-0.1126594348541221,,-0.1126594348541221,1,65.27970779671405,,65.27970779671405,1,0.3333333333332959,,0.3333333333332959,1,0.0666666666666591,,0.0666666666666591,1,-0.0762884931743007,,-0.0762884931743007,1,-0.1510736434598794,,-0.1510736434598794,1,10.46597804079219,,10.46597804079219,1,26.11649591627595,,26.11649591627595,1,165.6794973085729,,165.6794973085729,1,366.3398117845898,,366.3398117845898,1
1.02,-0.1416361053240338,,-0.1416361053240338,1,69.28435739607286,,69.28435739607286,1,0.3333333333332959,,0.3333333333332959,1,0.0666666666666591,,0.0666666666666591,1,-0.0502887281506971,,-0.0502887281506971,1,-0.2375093368310003,,-0.2375093368310003,1,11.812964858093812,,11.812964858093812,1,26.409681075262007,,26.409681075262007,1,168.42455252602625,,168.42455252602625,1,372.9767588046024,,372.9767588046024,1
1.03,-0.1338832425895864,,-0.1338832425895864,1,67.40747871359633,,67.40747871359633,1,0.3333333333332959,,0.3333333333332959,1,0.1999999999999775,,0.1999999999999775,1,-0.1281264719091318,,-0.1281264719091318,1,-0.1962986796277265,,-0.1962986796277265,1,11.625568549629186,,11.625568549629186,1,26.3767239494816,,26.3767239494816,1,168.7698803483404,,168.7698803483404,1,373.2668828636214,,373.2668828636214,1
1.04,-0.1454783990343262,,-0.1454783990343262,1,63.78134656013059,,63.78134656013059,1,0.3333333333332959,,0.3333333333332959,1,0.1333333333333183,,0.1333333333333183,1,-0.0310498530763367,,-0.0310498530763367,1,-0.2069752511930241,,-0.2069752511930241,1,11.786046200663977,,11.786046200663977,1,25.57549484539711,,25.57549484539711,1,159.78279779975549,,159.78279779975549,1,352.2403335612115,,352.2403335612115,1
1.05,-0.1187040122852851,,-0.1187040122852851,1,68.2145631569374,,68.2145631569374,1,0.2666666666666367,,0.2666666666666367,1,0.0666666666666591,,0.0666666666666591,1,-0.0145430311512133,,-0.0145430311512133,1,0.1254508970026155,,0.1254508970026155,1,11.13213744366619,,11.13213744366619,1,24.5493497163588,,24.5493497163588,1,149.94934551369292,,149.94934551369292,1,326.93253298494807,,326.93253298494807,1
1.06,-0.1103180180666534,,-0.1103180180666534,1,63.85361176670743,,63.85361176670743,1,0.3333333333332959,,0.3333333333332959,1,0.1333333333333183,,0.1333333333333183,1,-0.0999848810382161,,-0.0999848810382161,1,-0.1765957915304657,,-0.1765957915304657,1,11.594871608768653,,11.594871608768653,1,25.69135844251265,,25.69135844251265,1,157.85289683489637,,157.85289683489637,1,356.9180129796882,,356.9180129796882,1
1.07,-0.1189687160230296,,-0.1189687160230296,1,60.27943820402191,,60.27943820402191,1,0.3333333333332959,,0.3333333333332959,1,0.0666666666666591,,0.0666666666666591,1,-0.1168803486354739,,-0.1168803486354739,1,-0.1880554203080664,,-0.1880554203080664,1,12.0940049671082,,12.0940049671082,1,26.821276866370024,,26.821276866370024,1,171.81518177137508,,171.81518177137508,1,390.6336663160729,,390.6336663160729,1
1.08,-0.1234688795627668,,-0.1234688795627668,1,67.65957840957878,,67.65957840957878,1,0.5333333333332735,,0.5333333333332735,1,0.0666666666666591,,0.0666666666666591,1,-0.0594466466517545,,-0.0594466466517545,1,-0.1853911415167907,,-0.1853911415167907,1,10.956308998052382,,10.956308998052382,1,23.948210371032097,,23.948210371032097,1,144.9124927145827,,144.9124927145827,1,315.76834767221834,,315.76834767221834,1
1.09,-0.1093245128279264,,-0.1093245128279264,1,62.442261971723326,,62.442261971723326,1,0.3333333333332959,,0.3333333333332959,1,0.1333333333333183,,0.1333333333333183,1,-0.0008299469362302,,-0.0008299469362302,1,-0.1526458768239143,,-0.1526458768239143,1,11.963603240935848,,11.963603240935848,1,25.50257580489956,,25.50257580489956,1,158.39810059208256,,158.39810059208256,1,355.4881520057284,,355.4881520057284,1
1.1,-0.13895766205065,,-0.13895766205065,1,62.60658970262084,,62.60658970262084,1,0.1333333333333183,,0.1333333333333183,1,0.0666666666666591,,0.0666666666666591,1,-0.317131440382512,,-0.317131440382512,1,-0.2462918617376031,,-0.2462918617376031,1,11.83260276552773,,11.83260276552773,1,25.998245648431897,,25.998245648431897,1,164.2052764902355,,164.2052764902355,1,369.8277980174573,,369.8277980174573,1
1.11,-0.1171833517236995,,-0.1171833517236995,1,69.82047645223022,,69.82047645223022,1,0.3999999999999551,,0.3999999999999551,1,0.0666666666666591,,0.0666666666666591,1,-0.0238493368329646,,-0.0238493368329646,1,-0.1873502238437904,,-0.1873502238437904,1,11.683597888844927,,11.683597888844927,1,26.53621727581888,,26.53621727581888,1,172.6394447790181,,172.6394447790181,1,384.8792209308143,,384.8792209308143,1
1.12,-0.1353440883095611,,-0.1353440883095611,1,65.07231520550415,,65.07231520550415,1,0.4666666666666142,,0.4666666666666142,1,0.3333333333332959,,0.3333333333332959,1,-0.0647518187061744,,-0.0647518187061744,1,-0.1682361452638345,,-0.1682361452638345,1,11.975616010607132,,11.975616010607132,1,25.257038769451725,,25.257038769451725,1,160.43145570423428,,160.43145570423428,1,351.41872334029205,,351.41872334029205,1
1.13,-0.133661284158215,,-0.133661284158215,1,62.043770167001725,,62.043770167001725,1,0.0666666666666591,,0.0666666666666591,1,0.0666666666666591,,0.0666666666666591,1,-0.2406266078055002,,-0.2406266078055002,1,-0.1845928968897699,,-0.1845928968897699,1,11.878658780504448,,11.878658780504448,1,25.488722031592896,,25.488722031592896,1,158.13926781844236,,158.13926781844236,1,359.2533737505552,,359.2533737505552,1
1.14,-0.1382329069057827,,-0.1382329069057827,1,66.00425317624234,,66.00425317624234,1,0.4666666666666142,,0.4666666666666142,1,0.0666666666666591,,0.0666666666666591,1,-0.0342905825481857,,-0.0342905825481857,1,-0.010090542170904,,-0.010090542170904,1,11.765846450853571,,11.765846450853571,1,24.52646117752232,,24.52646117752232,1,153.00315333789308,,153.00315333789308,1,335.00574185144364,,335.00574185144364,1
1.15,-0.1053077703580039,,-0.1053077703580039,1,69.06314756493948,,69.06314756493948,1,0.3333333333332959,,0.3333333333332959,1,0.0666666666666591,,0.0666666666666591,1,-0.0322199652510816,,-0.0322199652510816,1,-0.1663286406463296,,-0.1663286406463296,1,11.08959934521151,,11.08959934521151,1,25.937754002525025,,25.937754002525025,1,169.07629083155928,,169.07629083155928,1,371.8524502890366,,371.8524502890366,1
1.16,-0.1125559762763105,,-0.1125559762763105,1,67.24068574565368,,67.24068574565368,1,0.3999999999999551,,0.3999999999999551,1,0.0666666666666591,,0.0666666666666591,1,-0.0828832821949116,,-0.0828832821949116,1,0.0497102359989083,,0.0497102359989083,1,10.787628628071351,,10.787628628071351,1,25.175470867911795,,25.175470867911795,1,164.93985156578003,,164.93985156578003,1,356.8404554212124,,356.8404554212124,1
1.17,-0.1014248313469745,,-0.1014248313469745,1,66.60395001034155,,66.60395001034155,1,0.3999999999999551,,0.3999999999999551,1,0.0666666666666591,,0.0666666666666591,1,-0.0522147419052791,,-0.0522147419052791,1,-0.0356846761782596,,-0.0356846761782596,1,11.173290169714903,,11.173290169714903,1,25.078651938348816,,25.078651938348816,1,161.31044475917255,,161.31044475917255,1,350.9068724522838,,350.9068724522838,1
1.18,-0.1240670653778385,,-0.1240670653778385,1,64.34611160958696,,64.34611160958696,1,0.4666666666666142,,0.4666666666666142,1,0.1999999999999775,,0.1999999999999775,1,-0.0190857430894964,,-0.0190857430894964,1,0.0489209703931544,,0.0489209703931544,1,11.6600507516701,,11.6600507516701,1,26.12963237471756,,26.12963237471756,1,171.1599543257645,,171.1599543257645,1,380.1365291004352,,380.1365291004352,1
1.19,-0.1122465213308234,,-0.1122465213308234,1,63.53229968854723,,63.53229968854723,1,0.3999999999999551,,0.3999999999999551,1,0.1333333333333183,,0.1333333333333183,1,-0.0672901394772509,,-0.0672901394772509,1,-0.1501676161717955,,-0.1501676161717955,1,10.563718340708771,,10.563718340708771,1,26.654333861351645,,26.654333861351645,1,182.0789017098645,,182.0789017098645,1,398.67029541553256,,398.67029541553256,1
1.2,-0.1343491070615697,,-0.1343491070615697,1,66.58386074862128,,66.58386074862128,1,0.3999999999999551,,0.3999999999999551,1,0.0666666666666591,,0.0666666666666591,1,-0.0772374125353633,,-0.0772374125353633,1,-0.0415775297414892,,-0.0415775297414892,1,12.209044403572642,,12.209044403572642,1,26.81062883194603,,26.81062883194603,1,182.4218952542171,,182.4218952542171,1,402.6088655749505,,402.6088655749505,1
1.21,-0.1028015859207327,,-0.1028015859207327,1,64.80500721405744,,64.80500721405744,1,0.3333333333332959,,0.3333333333332959,1,0.0666666666666591,,0.0666666666666591,1,-0.0227118198209046,,-0.0227118198209046,1,-0.0987269012608232,,-0.0987269012608232,1,12.352720362155448,,12.352720362155448,1,25.54919231190272,,25.54919231190272,1,168.66977157769918,,168.66977157769918,1,368.2348724479689,,368.2348724479689,1
1.22,-0.1230419666329242,,-0.1230419666329242,1,65.04456688288559,,65.04456688288559,1,0.3999999999999551,,0.3999999999999551,1,0.0666666666666591,,0.0666666666666591,1,-0.0755057054548196,,-0.0755057054548196,1,-0.1768276972213786,,-0.1768276972213786,1,12.0564510617651,,12.0564510617651,1,27.230538166682244,,27.230538166682244,1,185.20250346135683,,185.20250346135683,1,413.8400014359314,,413.8400014359314,1
1.23,-0.1265784882476759,,-0.1265784882476759,1,67.55286903968364,,67.55286903968364,1,0.3333333333332959,,0.3333333333332959,1,0.0666666666666591,,0.0666666666666591,1,-0.0897183828113498,,-0.0897183828113498,1,-0.1241398651931411,,-0.1241398651931411,1,11.636226442257932,,11.636226442257932,1,26.12006145185677,,26.12006145185677,1,177.47962637410052,,177.47962637410052,1,385.5891915721034,,385.5891915721034,1
1.24,-0.121332388341114,,-0.121332388341114,1,65.62865782382639,,65.62865782382639,1,0.3333333333332959,,0.3333333333332959,1,0.1333333333333183,,0.1333333333333183,1,-0.077643561827219,,-0.077643561827219,1,-0.1074527406182714,,-0.1074527406182714,1,12.19371133342112,,12.19371133342112,1,26.662511468552943,,26.662511468552943,1,180.6198985876657,,180.6198985876657,1,401.5155521523919,,401.5155521523919,1
1.25,-0.1415929331407482,,-0.1415929331407482,1,64.06525493871099,,64.06525493871099,1,0.0666666666666591,,0.0666666666666591,1,0.0666666666666591,,0.0666666666666591,1,-0.2588362156514719,,-0.2588362156514719,1,-0.107574873985499,,-0.107574873985499,1,12.049533142522018,,12.049533142522018,1,25.141230112818853,,25.141230112818853,1,159.010864645929,,159.010864645929,1,361.3103972615715,,361.3103972615715,1
1.26,-0.1408633056491409,,-0.1408633056491409,1,66.26274376359314,,66.26274376359314,1,0.0666666666666591,,0.0666666666666591,1,0.1333333333333183,,0.1333333333333183,1,-0.2516279602198586,,-0.2516279602198586,1,-0.1876287800763807,,-0.1876287800763807,1,12.312615220411155,,12.312615220411155,1,26.72129763279568,,26.72129763279568,1,185.7695482539473,,185.7695482539473,1,406.6999838255666,,406.6999838255666,1
1.27,-0.1053091493212107,,-0.1053091493212107,1,61.38388081167464,,61.38388081167464,1,0.1999999999999775,,0.1999999999999775,1,0.0666666666666591,,0.0666666666666591,1,-0.285515273951949,,-0.285515273951949,1,-0.0980192442971839,,-0.0980192442971839,1,12.674913579384578,,12.674913579384578,1,26.52651215252004,,26.52651215252004,1,178.4976198749174,,178.4976198749174,1,403.0222471325026,,403.0222471325026,1
1.28,-0.0987122612170056,,-0.0987122612170056,1,57.68019724939791,,57.68019724939791,1,0.3333333333332959,,0.3333333333332959,1,0.0666666666666591,,0.0666666666666591,1,-0.0791948908616436,,-0.0791948908616436,1,0.0432108900677037,,0.0432108900677037,1,12.440161934901017,,12.440161934901017,1,26.94563441169288,,26.94563441169288,1,190.9010408985017,,190.9010408985017,1,414.9960356722374,,414.9960356722374,1
1.29,-0.1207839272216509,,-0.1207839272216509,1,64.53259425058563,,64.53259425058563,1,0.3333333333332959,,0.3333333333332959,1,0.3333333333332959,,0.3333333333332959,1,-0.0784339768849158,,-0.0784339768849158,1,-0.2251088453743785,,-0.2251088453743785,1,12.499314572314294,,12.499314572314294,1,27.012743557635456,,27.012743557635456,1,187.540320197088,,187.540320197088,1,416.0019504501498,,416.0019504501498,1
1.3,-0.1167421369677603,,-0.1167421369677603,1,67.98255823704275,,67.98255823704275,1,0.3999999999999551,,0.3999999999999551,1,0.1333333333333183,,0.1333333333333183,1,-0.0585368399369573,,-0.0585368399369573,1,-0.1318312412503432,,-0.1318312412503432,1,12.504580628475289,,12.504580628475289,1,26.83343093280209,,26.83343093280209,1,187.95240833986892,,187.95240833986892,1,412.05287874075015,,412.05287874075015,1
1.31,-0.1277362074376971,,-0.1277362074376971,1,65.41581348106438,,65.41581348106438,1,0.3999999999999551,,0.3999999999999551,1,0.0666666666666591,,0.0666666666666591,1,-0.0741493092291704,,-0.0741493092291704,1,-0.1972961120779183,,-0.1972961120779183,1,12.44151994760869,,12.44151994760869,1,26.13441060424267,,26.13441060424267,1,178.46891922357923,,178.46891922357923,1,392.1838144354932,,392.1838144354932,1
1.32,-0.1289064329179483,,-0.1289064329179483,1,65.76772393001242,,65.76772393001242,1,0.3999999999999551,,0.3999999999999551,1,0.0666666666666591,,0.0666666666666591,1,0.0032594219512759,,0.0032594219512759,1,-0.2258252606963734,,-0.2258252606963734,1,12.377843946500407,,12.377843946500407,1,27.97449837391913,,27.97449837391913,1,202.90389836958667,,202.90389836958667,1,447.994186428277,,447.994186428277,1
1.33,-0.0980584896953566,,-0.0980584896953566,1,66.95574585643996,,66.95574585643996,1,0.4666666666666142,,0.4666666666666142,1,0.0666666666666591,,0.0666666666666591,1,-0.0338199878493414,,-0.0338199878493414,1,-0.2013459127555847,,-0.2013459127555847,1,12.060146049806844,,12.060146049806844,1,26.289054778654112,,26.289054778654112,1,185.14368319736863,,185.14368319736863,1,400.7346976652578,,400.7346976652578,1
1.34,-0.1427233153162033,,-0.1427233153162033,1,71.7778055500207,,71.7778055500207,1,0.4666666666666142,,0.4666666666666142,1,0.0666666666666591,,0.0666666666666591,1,-0.0854342323004314,,-0.0854342323004314,1,-0.1520535608480525,,-0.1520535608480525,1,12.282044140840538,,12.282044140840538,1,28.0702189284194,,28.0702189284194,1,206.18664344392343,,206.18664344392343,1,454.3478749026991,,454.3478749026991,1
1.35,-0.1179525444472103,,-0.1179525444472103,1,62.2048512013702,,62.2048512013702,1,0.1333333333333183,,0.1333333333333183,1,0.1999999999999775,,0.1999999999999775,1,-0.2548395417236709,,-0.2548395417236709,1,-0.2136557779170335,,-0.2136557779170335,1,12.734813862165716,,12.734813862165716,1,26.688104404307115,,26.688104404307115,1,185.56845231962689,,185.56845231962689,1,411.52193475082817,,411.52193475082817,1
1.36,-0.1088854443564354,,-0.1088854443564354,1,60.65966005520576,,60.65966005520576,1,0.2666666666666367,,0.2666666666666367,1,0.0666666666666591,,0.0666666666666591,1,-0.2508482250730542,,-0.2508482250730542,1,-0.1932963290677918,,-0.1932963290677918,1,12.36160164484922,,12.36160164484922,1,27.871961124913486,,27.871961124913486,1,205.6277486911926,,205.6277486911926,1,449.9412393741536,,449.9412393741536,1
1.37,-0.1106565365832613,,-0.1106565365832613,1,66.44847747994632,,66.44847747994632,1,0.4666666666666142,,0.4666666666666142,1,0.0666666666666591,,0.0666666666666591,1,-0.0107775346305408,,-0.0107775346305408,1,-0.2403275481397858,,-0.2403275481397858,1,11.78993862914086,,11.78993862914086,1,27.605528790486183,,27.605528790486183,1,201.165308385748,,201.165308385748,1,441.1028128100077,,441.1028128100077,1
1.38,-0.1005785314800655,,-0.1005785314800655,1,66.29590794296308,,66.29590794296308,1,0.3333333333332959,,0.3333333333332959,1,0.1999999999999775,,0.1999999999999775,1,-0.0681772879933839,,-0.0681772879933839,1,-0.2453158009917897,,-0.2453158009917897,1,12.959725881840384,,12.959725881840384,1,28.481325094436684,,28.481325094436684,1,210.73062794200763,,210.73062794200763,1,470.8501693099884,,470.8501693099884,1
1.39,-0.097248558599574,,-0.097248558599574,1,66.25223250336748,,66.25223250336748,1,0.3333333333332959,,0.3333333333332959,1,0.0666666666666591,,0.0666666666666591,1,-0.0824611984531868,,-0.0824611984531868,1,-0.1635565789090813,,-0.1635565789090813,1,11.796891572581169,,11.796891572581169,1,26.90272940827693,,26.90272940827693,1,197.345726920262,,197.345726920262,1,425.3947407042868,,425.3947407042868,1
1.4,-0.1081864319852078,,-0.1081864319852078,1,62.96033429725411,,62.96033429725411,1,0.1333333333333183,,0.1333333333333183,1,0.1999999999999775,,0.1999999999999775,1,-0.2528196244437241,,-0.2528196244437241,1,-0.1584251871472877,,-0.1584251871472877,1,12.499468277550722,,12.499468277550722,1,27.193403307711428,,27.193403307711428,1,196.80098436225853,,196.80098436225853,1,431.8611723513736,,431.8611723513736,1
1.41,-0.0958234424515192,,-0.0958234424515192,1,66.22353838302837,,66.22353838302837,1,0.1333333333333183,,0.1333333333333183,1,0.2666666666666367,,0.2666666666666367,1,-0.2725478019858248,,-0.2725478019858248,1,-0.186524927021721,,-0.186524927021721,1,12.766141238276264,,12.766141238276264,1,28.603808439427866,,28.603808439427866,1,216.7262524326692,,216.7262524326692,1,478.29871031365263,,478.29871031365263,1
1.42,-0.1281570899193087,,-0.1281570899193087,1,65.6296206997587,,65.6296206997587,1,0.3999999999999551,,0.3999999999999551,1,0.1999999999999775,,0.1999999999999775,1,-0.0400946506785136,,-0.0400946506785136,1,-0.0469109189291753,,-0.0469109189291753,1,11.571583958716056,,11.571583958716056,1,26.84844726561296,,26.84844726561296,1,193.6589747423532,,193.6589747423532,1,424.32465916121873,,424.32465916121873,1
1.43,-0.0996658941861103,,-0.0996658941861103,1,64.14181021923174,,64.14181021923174,1,0.3333333333332959,,0.3333333333332959,1,0.0666666666666591,,0.0666666666666591,1,-0.0740401651099948,,-0.0740401651099948,1,-0.1811085889621317,,-0.1811085889621317,1,12.450015264281904,,12.450015264281904,1,27.069823228601194,,27.069823228601194,1,202.1960357793812,,202.1960357793812,1,435.8110155543834,,435.8110155543834,1
1.44,-0.1210451742797032,,-0.1210451742797032,1,59.53686624211901,,59.53686624211901,1,0.1333333333333183,,0.1333333333333183,1,0.0666666666666591,,0.0666666666666591,1,-0.3389741042206469,,-0.3389741042206469,1,-0.1381838664608103,,-0.1381838664608103,1,13.16245493637115,,13.16245493637115,1,27.788212783163647,,27.788212783163647,1,204.8949256702853,,204.8949256702853,1,455.90763371393433,,455.90763371393433,1
1.45,-0.1028548271418924,,-0.1028548271418924,1,65.162220607683,,65.162220607683,1,0.4666666666666142,,0.4666666666666142,1,0.2666666666666367,,0.2666666666666367,1,-0.007507725698918,,-0.007507725698918,1,-0.092635275311262,,-0.092635275311262,1,11.60300160869845,,11.60300160869845,1,27.297026607722888,,27.297026607722888,1,203.84621125592932,,203.84621125592932,1,441.5219644172988,,441.5219644172988,1
1.46,-0.1251529417900781,,-0.1251529417900781,1,64.70975129654258,,64.70975129654258,1,0.0666666666666591,,0.0666666666666591,1,0.1333333333333183,,0.1333333333333183,1,-0.2410479577107945,,-0.2410479577107945,1,-0.2285423724320587,,-0.2285423724320587,1,13.232141556429733,,13.232141556429733,1,28.432034855095747,,28.432034855095747,1,217.7124930153577,,217.7124930153577,1,477.5287148726605,,477.5287148726605,1
1.47,-0.1111361131499093,,-0.1111361131499093,1,59.980130381845086,,59.980130381845086,1,0.0666666666666591,,0.0666666666666591,1,0.1999999999999775,,0.1999999999999775,1,-0.2142167564681666,,-0.2142167564681666,1,-0.17976429507537,,-0.17976429507537,1,12.061064416757128,,12.061064416757128,1,27.82890251022771,,27.82890251022771,1,211.58524107212568,,211.58524107212568,1,459.47520741611856,,459.47520741611856,1
1.48,-0.0937994555311988,,-0.0937994555311988,1,60.88684911235562,,60.88684911235562,1,0.3333333333332959,,0.3333333333332959,1,0.1333333333333183,,0.1333333333333183,1,-0.0733254805888295,,-0.0733254805888295,1,0.1141408433477189,,0.1141408433477189,1,13.279268957792445,,13.279268957792445,1,27.37823858905257,,27.37823858905257,1,202.448905253668,,202.448905253668,1,447.40179038950913,,447.40179038950913,1
1.49,-0.1245562307119659,,-0.1245562307119659,1,62.39118562071902,,62.39118562071902,1,0.1333333333333183,,0.1333333333333183,1,0.0666666666666591,,0.0666666666666591,1,-0.3118076313835181,,-0.3118076313835181,1,-0.1802341912531432,,-0.1802341912531432,1,13.421306724021132,,13.421306724021132,1,28.7544386430748,,28.7544386430748,1,221.0740985551653,,221.0740985551653,1,491.09901119964326,,491.09901119964326,1
1.5,-0.1220808764852088,,-0.1220808764852088,1,60.48863938666922,,60.48863938666922,1,0.1333333333333183,,0.1333333333333183,1,0.3333333333332959,,0.3333333333332959,1,-0.2696708575256344,,-0.2696708575256344,1,0.0169806839259371,,0.0169806839259371,1,12.434871734917635,,12.434871734917635,1,26.599102057133567,,26.599102057133567,1,193.2389951270534,,193.2389951270534,1,423.8427606583381,,423.8427606583381,1
1.51,-0.1122988942395954,,-0.1122988942395954,1,62.97657257770837,,62.97657257770837,1,0.3999999999999551,,0.3999999999999551,1,0.0666666666666591,,0.0666666666666591,1,-0.1036162306618436,,-0.1036162306618436,1,-0.0958789594851622,,-0.0958789594851622,1,12.95273947785623,,12.95273947785623,1,28.275087834545964,,28.275087834545964,1,216.6811183631831,,216.6811183631831,1,477.5715065133232,,477.5715065133232,1
1.52,-0.1109740682239406,,-0.1109740682239406,1,62.9434956191714,,62.9434956191714,1,0.3999999999999551,,0.3999999999999551,1,0.0666666666666591,,0.0666666666666591,1,-0.1020707433350709,,-0.1020707433350709,1,-0.1529534955457471,,-0.1529534955457471,1,12.776940867513035,,12.776940867513035,1,27.35616238509805,,27.35616238509805,1,204.15001709621097,,204.15001709621097,1,448.8441188617274,,448.8441188617274,1
1.53,-0.0864966917638485,,-0.0864966917638485,1,59.27047909481182,,59.27047909481182,1,0.0666666666666591,,0.0666666666666591,1,0.0666666666666591,,0.0666666666666591,1,-0.2375175320450664,,-0.2375175320450664,1,-0.1158823993575153,,-0.1158823993575153,1,13.418061976852254,,13.418061976852254,1,28.02231047325665,,28.02231047325665,1,212.29549152703413,,212.29549152703413,1,471.1573883142953,,471.1573883142953,1
1.54,-0.1004717828231761,,-0.1004717828231761,1,70.14297321225956,,70.14297321225956,1,0.3333333333332959,,0.3333333333332959,1,0.0666666666666591,,0.0666666666666591,1,-0.0411345022584315,,-0.0411345022584315,1,-0.2039896800234898,,-0.2039896800234898,1,12.476057739010187,,12.476057739010187,1,28.823328878144217,,28.823328878144217,1,228.70716326454576,,228.70716326454576,1,498.4966439608736,,498.4966439608736,1
1.55,-0.1180105042217684,,-0.1180105042217684,1,67.5470679809523,,67.5470679809523,1,0.3333333333332959,,0.3333333333332959,1,0.0666666666666591,,0.0666666666666591,1,-0.0558207857625497,,-0.0558207857625497,1,-0.2203228091709992,,-0.2203228091709992,1,13.152555060151451,,13.152555060151451,1,29.31024574729669,,29.31024574729669,1,234.6938741102588,,234.6938741102588,1,516.9519320323159,,516.9519320323159,1
1.56,-0.1224266803930662,,-0.1224266803930662,1,63.243095542874215,,63.243095542874215,1,0.3333333333332959,,0.3333333333332959,1,0.0666666666666591,,0.0666666666666591,1,-0.1039832130657681,,-0.1039832130657681,1,-0.1617019270583393,,-0.1617019270583393,1,13.531427428699844,,13.531427428699844,1,28.71190430301234,,28.71190430301234,1,228.7073715752158,,228.7073715752158,1,495.6099405234972,,495.6099405234972,1
1.57,-0.1199344550843418,,-0.1199344550843418,1,65.44839674537478,,65.44839674537478,1,0.1333333333333183,,0.1333333333333183,1,0.0666666666666591,,0.0666666666666591,1,-0.2683019731853464,,-0.2683019731853464,1,0.007316070333188,,0.007316070333188,1,12.546421234608674,,12.546421234608674,1,29.034007558325204,,29.034007558325204,1,233.8584421624901,,233.8584421624901,1,506.66109253003975,,506.66109253003975,1
1.58,-0.1185912738063296,,-0.1185912738063296,1,60.51280356472719,,60.51280356472719,1,0.1999999999999775,,0.1999999999999775,1,0.0666666666666591,,0.0666666666666591,1,-0.2943700481402015,,-0.2943700481402015,1,-0.0865064705347106,,-0.0865064705347106,1,13.505271712826104,,13.505271712826104,1,29.267323537008394,,29.267323537008394,1,237.6070641545577,,237.6070641545577,1,515.0617345734856,,515.0617345734856,1
1.59,-0.094952564286998,,-0.094952564286998,1,67.56442492816237,,67.56442492816237,1,0.3333333333332959,,0.3333333333332959,1,0.0666666666666591,,0.0666666666666591,1,-0.0888085997715119,,-0.0888085997715119,1,-0.1055825253490363,,-0.1055825253490363,1,12.589248397520214,,12.589248397520214,1,29.44018719462057,,29.44018719462057,1,241.1660853391188,,241.1660853391188,1,522.532543147819,,522.532543147819,1
1.6,-0.1186333495252226,,-0.1186333495252226,1,61.57471798122139,,61.57471798122139,1,0.1333333333333183,,0.1333333333333183,1,0.1999999999999775,,0.1999999999999775,1,-0.2922623063435892,,-0.2922623063435892,1,-0.20630288453915,,-0.20630288453915,1,13.468968424839492,,13.468968424839492,1,29.51661126914185,,29.51661126914185,1,244.01924866829447,,244.01924866829447,1,529.3832982020501,,529.3832982020501,1
1.61,-0.1116706956688989,,-0.1116706956688989,1,70.26875665168004,,70.26875665168004,1,0.5333333333332735,,0.5333333333332735,1,0.0666666666666591,,0.0666666666666591,1,-0.0688780895759142,,-0.0688780895759142,1,-0.2322840278299875,,-0.2322840278299875,1,12.963323681672142,,12.963323681672142,1,29.74182476969336,,29.74182476969336,1,246.28264390296573,,246.28264390296573,1,537.0015871170187,,537.0015871170187,1
1.62,-0.1151756384674368,,-0.1151756384674368,1,60.85768345299718,,60.85768345299718,1,0.1999999999999775,,0.1999999999999775,1,0.1999999999999775,,0.1999999999999775,1,-0.3568316620459714,,-0.3568316620459714,1,-0.2769859574292319,,-0.2769859574292319,1,13.373698231748255,,13.373698231748255,1,29.656238980797102,,29.656238980797102,1,246.4576196703505,,246.4576196703505,1,534.3017648863122,,534.3017648863122,1
1.63,-0.115121649393991,,-0.115121649393991,1,67.29200196624276,,67.29200196624276,1,0.4666666666666142,,0.4666666666666142,1,0.0666666666666591,,0.0666666666666591,1,-0.0484355571263484,,-0.0484355571263484,1,-0.1812319246586077,,-0.1812319246586077,1,12.99789267757131,,12.99789267757131,1,29.63547435915314,,29.63547435915314,1,247.36415778821623,,247.36415778821623,1,537.2397591883117,,537.2397591883117,1
1.64,-0.0945085142492724,,-0.0945085142492724,1,64.82305127101554,,64.82305127101554,1,0.2666666666666367,,0.2666666666666367,1,0.1333333333333183,,0.1333333333333183,1,-0.1924176787135039,,-0.1924176787135039,1,-0.167336103142154,,-0.167336103142154,1,13.308639233295768,,13.308639233295768,1,29.624919887792903,,29.624919887792903,1,247.9007679880629,,247.9007679880629,1,537.9430383984493,,537.9430383984493,1
1.65,-0.0944255248270347,,-0.0944255248270347,1,63.76505879582251,,63.76505879582251,1,0.0666666666666591,,0.0666666666666591,1,0.1333333333333183,,0.1333333333333183,1,-0.2211997595148908,,-0.2211997595148908,1,-0.1388578943994736,,-0.1388578943994736,1,12.37321745090779,,12.37321745090779,1,29.607185425483223,,29.607185425483223,1,247.5774232576215,,247.5774232576215,1,535.6647517925192,,535.6647517925192,1
1.66,-0.1142750952073776,,-0.1142750952073776,1,67.7747284180792,,67.7747284180792,1,0.2666666666666367,,0.2666666666666367,1,0.1333333333333183,,0.1333333333333183,1,-0.1030962269316445,,-0.1030962269316445,1,-0.0801487622685335,,-0.0801487622685335,1,13.08639831344514,,13.08639831344514,1,29.51151148460622,,29.51151148460622,1,248.7335318836573,,248.7335318836573,1,537.5553915703855,,537.5553915703855,1
1.67,-0.1001010489727646,,-0.1001010489727646,1,56.86143674611007,,56.86143674611007,1,0.0666666666666591,,0.0666666666666591,1,0.1333333333333183,,0.1333333333333183,1,-0.1919209096215676,,-0.1919209096215676,1,-0.2056610706863563,,-0.2056610706863563,1,13.01449751910966,,13.01449751910966,1,29.45631395060451,,29.45631395060451,1,248.6050080470837,,248.6050080470837,1,535.9743838405943,,535.9743838405943,1
1.68,-0.0861132719573241,,-0.0861132719573241,1,65.10305593443624,,65.10305593443624,1,0.3333333333332959,,0.3333333333332959,1,0.2666666666666367,,0.2666666666666367,1,-0.0922226810916532,,-0.0922226810916532,1,-0.1498597443472951,,-0.1498597443472951,1,12.166158629338923,,12.166158629338923,1,29.373807329169285,,29.373807329169285,1,248.21246054800903,,248.21246054800903,1,534.1583407376642,,534.1583407376642,1
1.69,-0.1099157089679469,,-0.1099157089679469,1,67.50302349229713,,67.50302349229713,1,0.4666666666666142,,0.4666666666666142,1,0.1333333333333183,,0.1333333333333183,1,-0.0657427246885435,,-0.0657427246885435,1,0.0032398443329537,,0.0032398443329537,1,13.187518823534102,,13.187518823534102,1,29.25914697389908,,29.25914697389908,1,247.7400672277838,,247.7400672277838,1,532.4937586152455,,532.4937586152455,1
1.7,-0.1064459496332766,,-0.1064459496332766,1,65.55103601171393,,65.55103601171393,1,0.1333333333333183,,0.1333333333333183,1,0.0666666666666591,,0.0666666666666591,1,-0.2475825336853935,,-0.2475825336853935,1,0.0330000653953306,,0.0330000653953306,1,13.7638595792935,,13.7638595792935,1,29.199437942536083,,29.199437942536083,1,246.54410007840173,,246.54410007840173,1,529.5563914685961,,529.5563914685961,1
1.71,-0.1029937752981984,,-0.1029937752981984,1,68.88659209163399,,68.88659209163399,1,0.4666666666666142,,0.4666666666666142,1,0.1333333333333183,,0.1333333333333183,1,-0.1056706362769931,,-0.1056706362769931,1,-0.126863519587224,,-0.126863519587224,1,13.147932678667546,,13.147932678667546,1,30.07034521803168,,30.07034521803168,1,255.56338845676268,,255.56338845676268,1,557.29865341043,,557.29865341043,1
1.72,-0.1147850089933861,,-0.1147850089933861,1,65.6543287960113,,65.6543287960113,1,0.3999999999999551,,0.3999999999999551,1,0.0666666666666591,,0.0666666666666591,1,-0.0784598083570007,,-0.0784598083570007,1,-0.0840369127019935,,-0.0840369127019935,1,13.801405923294697,,13.801405923294697,1,29.4237705421538,,29.4237705421538,1,246.06153896811853,,246.06153896811853,1,535.8382923866895,,535.8382923866895,1
1.73,-0.097562123106096,,-0.097562123106096,1,64.87543278816291,,64.87543278816291,1,0.3333333333332959,,0.3333333333332959,1,0.0666666666666591,,0.0666666666666591,1,-0.1157385206775294,,-0.1157385206775294,1,-0.0686257216032866,,-0.0686257216032866,1,13.088900965454814,,13.088900965454814,1,28.791263577751373,,28.791263577751373,1,243.762139379529,,243.762139379529,1,520.7343127332593,,520.7343127332593,1
1.74,-0.1156896106492641,,-0.1156896106492641,1,67.04327133129493,,67.04327133129493,1,0.1999999999999775,,0.1999999999999775,1,0.1333333333333183,,0.1333333333333183,1,-0.05638586353716,,-0.05638586353716,1,-0.0640693169527948,,-0.0640693169527948,1,13.557569995387798,,13.557569995387798,1,30.2078662811507,,30.2078662811507,1,260.2954075491832,,260.2954075491832,1,567.4738480057471,,567.4738480057471,1
1.75,-0.1217683812302496,,-0.1217683812302496,1,68.34843678275462,,68.34843678275462,1,0.4666666666666142,,0.4666666666666142,1,0.1333333333333183,,0.1333333333333183,1,-0.0707556171583705,,-0.0707556171583705,1,-0.1499972883404466,,-0.1499972883404466,1,13.467901401663433,,13.467901401663433,1,28.91014439849021,,28.91014439849021,1,240.60429696686305,,240.60429696686305,1,520.986533002251,,520.986533002251,1
1.76,-0.093092490819997,,-0.093092490819997,1,59.47255298486188,,59.47255298486188,1,0.3333333333332959,,0.3333333333332959,1,0.0666666666666591,,0.0666666666666591,1,-0.1587357029707942,,-0.1587357029707942,1,0.0135519481675033,,0.0135519481675033,1,13.854744144342424,,13.854744144342424,1,29.363750581596467,,29.363750581596467,1,245.2450677359468,,245.2450677359468,1,540.5662766825119,,540.5662766825119,1
1.77,-0.113804454308496,,-0.113804454308496,1,62.81170483137611,,62.81170483137611,1,0.1333333333333183,,0.1333333333333183,1,0.1333333333333183,,0.1333333333333183,1,-0.3258763554369908,,-0.3258763554369908,1,-0.0589334589806619,,-0.0589334589806619,1,14.213560253922635,,14.213560253922635,1,29.47578316475505,,29.47578316475505,1,249.7426766615457,,249.7426766615457,1,544.0054645724906,,544.0054645724906,1
1.78,-0.1191330681436855,,-0.1191330681436855,1,61.432754206228765,,61.432754206228765,1,0.1999999999999775,,0.1999999999999775,1,0.0666666666666591,,0.0666666666666591,1,-0.366832963459903,,-0.366832963459903,1,-0.2088350683703643,,-0.2088350683703643,1,14.073077090304643,,14.073077090304643,1,29.9163676462332,,29.9163676462332,1,256.29010825343227,,256.29010825343227,1,562.660520218422,,562.660520218422,1
1.79,-0.1080956087619672,,-0.1080956087619672,1,56.127523769028926,,56.127523769028926,1,0.0666666666666591,,0.0666666666666591,1,0.0666666666666591,,0.0666666666666591,1,-0.4054866074698963,,-0.4054866074698963,1,-0.1374367039954535,,-0.1374367039954535,1,14.284941651890351,,14.284941651890351,1,29.265200117978004,,29.265200117978004,1,245.58406317570007,,245.58406317570007,1,540.4438142409241,,540.4438142409241,1
1.8,-0.1103491835555756,,-0.1103491835555756,1,69.16004774910783,,69.16004774910783,1,0.3999999999999551,,0.3999999999999551,1,0.0666666666666591,,0.0666666666666591,1,-0.0528164902110201,,-0.0528164902110201,1,-0.0603435430442107,,-0.0603435430442107,1,13.212736740031094,,13.212736740031094,1,29.49777776139347,,29.49777776139347,1,253.16596086008136,,253.16596086008136,1,549.5262456514519,,549.5262456514519,1
1.81,-0.1092173643212993,,-0.1092173643212993,1,68.02276155391618,,68.02276155391618,1,0.3333333333332959,,0.3333333333332959,1,0.0666666666666591,,0.0666666666666591,1,-0.0497909702302328,,-0.0497909702302328,1,-0.084628483315172,,-0.084628483315172,1,12.614941467865098,,12.614941467865098,1,29.44095868568333,,29.44095868568333,1,256.0024513284283,,256.0024513284283,1,549.175294530894,,549.175294530894,1
1.82,-0.0992655402389276,,-0.0992655402389276,1,62.582122190333166,,62.582122190333166,1,0.1333333333333183,,0.1333333333333183,1,0.0666666666666591,,0.0666666666666591,1,-0.2448284429917307,,-0.2448284429917307,1,-0.0745791970703244,,-0.0745791970703244,1,13.70002627674743,,13.70002627674743,1,27.428816517743112,,27.428816517743112,1,228.30165197129327,,228.30165197129327,1,482.76188021233867,,482.76188021233867,1
1.83,-0.1156779948942576,,-0.1156779948942576,1,63.24640586446691,,63.24640586446691,1,0.0666666666666591,,0.0666666666666591,1,0.0666666666666591,,0.0666666666666591,1,-0.3335488391711385,,-0.3335488391711385,1,-0.0533804311257042,,-0.0533804311257042,1,14.330517286663609,,14.330517286663609,1,29.4123386559016,,29.4123386559016,1,247.69397409485416,,247.69397409485416,1,548.5650992990992,,548.5650992990992,1
1.84,-0.1051945178539251,,-0.1051945178539251,1,68.87171990094333,,68.87171990094333,1,0.3999999999999551,,0.3999999999999551,1,0.1333333333333183,,0.1333333333333183,1,-0.0500606453557848,,-0.0500606453557848,1,-0.1861388077435428,,-0.1861388077435428,1,13.904843986027284,,13.904843986027284,1,30.143264461881763,,30.143264461881763,1,265.22543822021504,,265.22543822021504,1,574.1769986421324,,574.1769986421324,1
1.85,-0.1030805173057807,,-0.1030805173057807,1,63.86065007446028,,63.86065007446028,1,0.1333333333333183,,0.1333333333333183,1,0.0666666666666591,,0.0666666666666591,1,-0.2429842519475642,,-0.2429842519475642,1,0.0035472464083518,,0.0035472464083518,1,13.177897861750772,,13.177897861750772,1,29.52552260784414,,29.52552260784414,1,256.93634177159703,,256.93634177159703,1,553.1099685695158,,553.1099685695158,1
1.86,-0.1113004039710772,,-0.1113004039710772,1,70.33722482855867,,70.33722482855867,1,0.3333333333332959,,0.3333333333332959,1,0.0666666666666591,,0.0666666666666591,1,-0.0732675280584322,,-0.0732675280584322,1,-0.0437554678419819,,-0.0437554678419819,1,13.817820439722295,,13.817820439722295,1,29.56627405510537,,29.56627405510537,1,257.3604434255203,,257.3604434255203,1,555.5894243538282,,555.5894243538282,1
1.87,-0.1160409844352995,,-0.1160409844352995,1,65.454447670011,,65.454447670011,1,0.0666666666666591,,0.0666666666666591,1,0.3333333333332959,,0.3333333333332959,1,-0.2662297755882208,,-0.2662297755882208,1,-0.0824057720776087,,-0.0824057720776087,1,12.844741027527569,,12.844741027527569,1,28.416655984752488,,28.416655984752488,1,239.56110333393275,,239.56110333393275,1,515.2383299323549,,515.2383299323549,1
1.88,-0.1064424295371603,,-0.1064424295371603,1,67.30451466988427,,67.30451466988427,1,0.3333333333332959,,0.3333333333332959,1,0.1333333333333183,,0.1333333333333183,1,0.0035952343764228,,0.0035952343764228,1,-0.1498093620689238,,-0.1498093620689238,1,13.519122836321197,,13.519122836321197,1,28.25124013664732,,28.25124013664732,1,238.942731824852,,238.942731824852,1,510.3882296787199,,510.3882296787199,1
1.89,-0.1042129449478945,,-0.1042129449478945,1,63.707210343752266,,63.707210343752266,1,0.2666666666666367,,0.2666666666666367,1,0.2666666666666367,,0.2666666666666367,1,-0.0953875233115348,,-0.0953875233115348,1,-0.0231839952070098,,-0.0231839952070098,1,12.56849913740619,,12.56849913740619,1,27.21682183814028,,27.21682183814028,1,222.80723622564412,,222.80723622564412,1,475.84744056421977,,475.84744056421977,1
1.9,-0.1047150814587834,,-0.1047150814587834,1,65.72338329145342,,65.72338329145342,1,0.2666666666666367,,0.2666666666666367,1,0.0666666666666591,,0.0666666666666591,1,-0.0387350010979088,,-0.0387350010979088,1,-0.1455870071913251,,-0.1455870071913251,1,13.25875723207965,,13.25875723207965,1,29.75475872268656,,29.75475872268656,1,263.171794821535,,263.171794821535,1,567.2035141847471,,567.2035141847471,1
1.91,-0.0883819357072224,,-0.0883819357072224,1,62.81875537625447,,62.81875537625447,1,0.3333333333332959,,0.3333333333332959,1,0.1333333333333183,,0.1333333333333183,1,-0.0569876938059105,,-0.0569876938059105,1,-0.0596096530304753,,-0.0596096530304753,1,14.454020401015816,,14.454020401015816,1,30.294437000136,,30.294437000136,1,269.2272580901094,,269.2272580901094,1,588.282969141612,,588.282969141612,1
1.92,-0.1175731788645487,,-0.1175731788645487,1,65.9141908372574,,65.9141908372574,1,0.0666666666666591,,0.0666666666666591,1,0.0666666666666591,,0.0666666666666591,1,-0.2399802016880976,,-0.2399802016880976,1,-0.1410863099228311,,-0.1410863099228311,1,13.9729374194734,,13.9729374194734,1,30.04954600329013,,30.04954600329013,1,268.6651760634501,,268.6651760634501,1,579.5086578619433,,579.5086578619433,1
1.93,-0.1069547117488881,,-0.1069547117488881,1,63.81195328304664,,63.81195328304664,1,0.0666666666666591,,0.0666666666666591,1,0.0666666666666591,,0.0666666666666591,1,-0.2905311181173088,,-0.2905311181173088,1,-0.097738473032713,,-0.097738473032713,1,13.594110680540044,,13.594110680540044,1,29.73541092899454,,29.73541092899454,1,266.10558388790645,,266.10558388790645,1,570.8171811296722,,570.8171811296722,1
1.94,-0.0860247464746785,,-0.0860247464746785,1,64.42307786645026,,64.42307786645026,1,0.0666666666666591,,0.0666666666666591,1,0.1333333333333183,,0.1333333333333183,1,-0.2307424932965168,,-0.2307424932965168,1,-0.1987016217397516,,-0.1987016217397516,1,14.296630328650934,,14.296630328650934,1,30.88774517852384,,30.88774517852384,1,281.08044466551763,,281.08044466551763,1,613.7047611537316,,613.7047611537316,1
1.95,-0.1266511175494499,,-0.1266511175494499,1,69.66050334803549,,69.66050334803549,1,0.0666666666666591,,0.0666666666666591,1,0.0666666666666591,,0.0666666666666591,1,-0.1104901239233562,,-0.1104901239233562,1,-0.2283962217394721,,-0.2283962217394721,1,13.726854794657172,,13.726854794657172,1,30.742828097909378,,30.742828097909378,1,281.2207099504153,,281.2207099504153,1,609.2658525147846,,609.2658525147846,1
1.96,-0.0915350908878514,,-0.0915350908878514,1,69.53881141899811,,69.53881141899811,1,0.0666666666666591,,0.0666666666666591,1,0.2666666666666367,,0.2666666666666367,1,-0.2571563879826044,,-0.2571563879826044,1,-0.08884993363469,,-0.08884993363469,1,14.005862150698327,,14.005862150698327,1,27.921847720097904,,27.921847720097904,1,240.66906070937057,,240.66906070937057,1,510.79375864940965,,510.79375864940965,1
1.97,-0.1207531870631119,,-0.1207531870631119,1,68.30306505703943,,68.30306505703943,1,0.0666666666666591,,0.0666666666666591,1,0.0666666666666591,,0.0666666666666591,1,-0.263475460621923,,-0.263475460621923,1,-0.1147884368333522,,-0.1147884368333522,1,14.068276703628552,,14.068276703628552,1,28.48035897620709,,28.48035897620709,1,242.2079029131609,,242.2079029131609,1,528.0950159205615,,528.0950159205615,1
1.98,-0.0939292517414066,,-0.0939292517414066,1,67.96353263127315,,67.96353263127315,1,0.0666666666666591,,0.0666666666666591,1,0.0666666666666591,,0.0666666666666591,1,-0.2306169269069941,,-0.2306169269069941,1,0.0459294704206188,,0.0459294704206188,1,14.551022107195214,,14.551022107195214,1,29.89979725393033,,29.89979725393033,1,266.3730793669477,,266.3730793669477,1,581.6720918277022,,581.6720918277022,1
1.99,-0.089352327379632,,-0.089352327379632,1,60.95044686150895,,60.95044686150895,1,0.0666666666666591,,0.0666666666666591,1,0.1999999999999775,,0.1999999999999775,1,-0.0521886187958318,,-0.0521886187958318,1,0.0020057262765564,,0.0020057262765564,1,14.791323353415962,,14.791323353415962,1,30.73493049535428,,30.73493049535428,1,281.0857143086736,,281.0857143086736,1,614.5474798488618,,614.5474798488618,1
2.0,-0.1213557530024826,,-0.1213557530024826,1,65.6608030125163,,65.6608030125163,1,0.0666666666666591,,0.0666666666666591,1,0.0666666666666591,,0.0666666666666591,1,-0.3084705713232942,,-0.3084705713232942,1,-0.1147422651301236,,-0.1147422651301236,1,14.8599302460451,,14.8599302460451,1,31.086680440536377,,31.086680440536377,1,287.7163087807639,,287.7163087807639,1,629.0625430991533,,629.0625430991533,1
2.01,-0.123869703627301,,-0.123869703627301,1,61.59428348419589,,61.59428348419589,1,0.0666666666666591,,0.0666666666666591,1,0.0666666666666591,,0.0666666666666591,1,-0.3107777170971544,,-0.3107777170971544,1,-0.1276141375654193,,-0.1276141375654193,1,14.900744497807167,,14.900744497807167,1,31.224835416810084,,31.224835416810084,1,290.8305325293244,,290.8305325293244,1,635.6504688412119,,635.6504688412119,1
2.02,-0.0894031862642846,,-0.0894031862642846,1,63.54184668913896,,63.54184668913896,1,0.0666666666666591,,0.0666666666666591,1,0.1333333333333183,,0.1333333333333183,1,-0.283981243744952,,-0.283981243744952,1,0.1374859309516336,,0.1374859309516336,1,14.86105422087475,,14.86105422087475,1,31.00194968397486,,31.00194968397486,1,286.9790676972501,,286.9790676972501,1,627.8080235550698,,627.8080235550698,1
2.03,-0.1052978536209352,,-0.1052978536209352,1,63.82159202616812,,63.82159202616812,1,0.1333333333333183,,0.1333333333333183,1,0.0666666666666591,,0.0666666666666591,1,-0.2870253299862949,,-0.2870253299862949,1,-0.1447132588599392,,-0.1447132588599392,1,14.57822578610956,,14.57822578610956,1,30.064097170714977,,30.064097170714977,1,275.3580125694388,,275.3580125694388,1,592.9960516826128,,592.9960516826128,1
2.04,-0.100308735307074,,-0.100308735307074,1,65.92053306418752,,65.92053306418752,1,0.0666666666666591,,0.0666666666666591,1,0.3333333333332959,,0.3333333333332959,1,-0.2293538376013103,,-0.2293538376013103,1,0.0275297102301487,,0.0275297102301487,1,13.671639929559555,,13.671639929559555,1,28.513541528756903,,28.513541528756903,1,249.84004019065367,,249.84004019065367,1,533.4749992845861,,533.4749992845861,1
2.05,-0.0976033032559592,,-0.0976033032559592,1,62.98666195724326,,62.98666195724326,1,0.0666666666666591,,0.0666666666666591,1,0.2666666666666367,,0.2666666666666367,1,-0.2367246567107392,,-0.2367246567107392,1,-0.1371997871254994,,-0.1371997871254994,1,14.551902874395882,,14.551902874395882,1,30.20851848150325,,30.20851848150325,1,276.6957938314772,,276.6957938314772,1,599.8885029568924,,599.8885029568924,1
2.06,-0.0815509516509319,,-0.0815509516509319,1,59.280862582752384,,59.280862582752384,1,0.0666666666666591,,0.0666666666666591,1,0.1333333333333183,,0.1333333333333183,1,-0.014937379033301,,-0.014937379033301,1,-0.097835850732217,,-0.097835850732217,1,15.08380676580237,,15.08380676580237,1,30.669869955913537,,30.669869955913537,1,282.4610352705192,,282.4610352705192,1,620.8410278957638,,620.8410278957638,1
2.07,-0.0982334342143683,,-0.0982334342143683,1,60.10909271113055,,60.10909271113055,1,0.1333333333333183,,0.1333333333333183,1,0.1333333333333183,,0.1333333333333183,1,-0.2903492137659796,,-0.2903492137659796,1,0.0505817218741038,,0.0505817218741038,1,14.648640791162368,,14.648640791162368,1,31.15878432615576,,31.15878432615576,1,298.5845932627419,,298.5845932627419,1,639.5731406284475,,639.5731406284475,1
2.08,-0.1032181116066009,,-0.1032181116066009,1,64.75642720768548,,64.75642720768548,1,0.1333333333333183,,0.1333333333333183,1,0.2666666666666367,,0.2666666666666367,1,-0.2364319795422961,,-0.2364319795422961,1,-0.1306728240678473,,-0.1306728240678473,1,14.6821205793166,,14.6821205793166,1,30.809964157823565,,30.809964157823565,1,289.1485284539103,,289.1485284539103,1,626.6927554933543,,626.6927554933543,1
2.09,-0.0982505513958315,,-0.0982505513958315,1,65.04539602594159,,65.04539602594159,1,0.3333333333332959,,0.3333333333332959,1,0.0666666666666591,,0.0666666666666591,1,-0.0344212100880298,,-0.0344212100880298,1,-0.0707871991050388,,-0.0707871991050388,1,15.137067227361465,,15.137067227361465,1,30.465062519438447,,30.465062519438447,1,280.2804371037781,,280.2804371037781,1,616.542454986125,,616.542454986125,1
2.1,-0.0983621263623993,,-0.0983621263623993,1,65.00286809564582,,65.00286809564582,1,0.3333333333332959,,0.3333333333332959,1,0.1333333333333183,,0.1333333333333183,1,-0.0955576320391722,,-0.0955576320391722,1,-0.1310118656955821,,-0.1310118656955821,1,14.793469521947372,,14.793469521947372,1,30.12808950501566,,30.12808950501566,1,279.267680780038,,279.267680780038,1,602.117492171281,,602.117492171281,1
2.11,-0.0988248757359186,,-0.0988248757359186,1,63.54641400123695,,63.54641400123695,1,0.0666666666666591,,0.0666666666666591,1,0.0666666666666591,,0.0666666666666591,1,-0.1226501946399685,,-0.1226501946399685,1,-0.1036145274630429,,-0.1036145274630429,1,14.75839137549122,,14.75839137549122,1,31.502756319922,,31.502756319922,1,302.2850604026823,,302.2850604026823,1,655.6596383379404,,655.6596383379404,1
2.12,-0.0903270785901933,,-0.0903270785901933,1,64.27959683922916,,64.27959683922916,1,0.1333333333333183,,0.1333333333333183,1,0.1333333333333183,,0.1333333333333183,1,-0.2438165854085328,,-0.2438165854085328,1,-0.170395799311831,,-0.170395799311831,1,13.825793817537862,,13.825793817537862,1,31.13321044621631,,31.13321044621631,1,301.0135485849876,,301.0135485849876,1,644.6129295327065,,644.6129295327065,1
2.13,-0.0845589183701113,,-0.0845589183701113,1,64.07417330770117,,64.07417330770117,1,0.3333333333332959,,0.3333333333332959,1,0.3333333333332959,,0.3333333333332959,1,0.0010733390487518,,0.0010733390487518,1,-0.0778721122537514,,-0.0778721122537514,1,13.431877239885644,,13.431877239885644,1,30.63013006226476,,30.63013006226476,1,294.2307784983065,,294.2307784983065,1,626.9785917376771,,626.9785917376771,1
2.14,-0.0933098523110186,,-0.0933098523110186,1,67.19643148835064,,67.19643148835064,1,0.2666666666666367,,0.2666666666666367,1,0.0666666666666591,,0.0666666666666591,1,-0.0374243355069643,,-0.0374243355069643,1,0.1306064767453107,,0.1306064767453107,1,14.635060790048827,,14.635060790048827,1,29.20297749797044,,29.20297749797044,1,268.12170447779164,,268.12170447779164,1,568.9576344185505,,568.9576344185505,1
2.15,-0.099267580947169,,-0.099267580947169,1,64.74724566133357,,64.74724566133357,1,0.1999999999999775,,0.1999999999999775,1,0.0666666666666591,,0.0666666666666591,1,-0.1168428460517025,,-0.1168428460517025,1,-0.062169210482678,,-0.062169210482678,1,15.1692224805256,,15.1692224805256,1,30.960205754324583,,30.960205754324583,1,296.75122899000854,,296.75122899000854,1,639.6206078254421,,639.6206078254421,1
2.16,-0.0856095349334292,,-0.0856095349334292,1,66.5310122132148,,66.5310122132148,1,0.3999999999999551,,0.3999999999999551,1,0.1333333333333183,,0.1333333333333183,1,-0.0910641217791666,,-0.0910641217791666,1,-0.0953992613769764,,-0.0953992613769764,1,13.434831793194858,,13.434831793194858,1,30.21863549677578,,30.21863549677578,1,286.3023481849346,,286.3023481849346,1,610.4673225011422,,610.4673225011422,1
2.17,-0.1029586942894989,,-0.1029586942894989,1,66.92943005962164,,66.92943005962164,1,0.1333333333333183,,0.1333333333333183,1,0.0666666666666591,,0.0666666666666591,1,-0.2718814268223457,,-0.2718814268223457,1,-0.1337681354098803,,-0.1337681354098803,1,14.804795226791908,,14.804795226791908,1,31.74648233033978,,31.74648233033978,1,311.48476026304024,,311.48476026304024,1,671.1323024164047,,671.1323024164047,1
2.18,-0.0866334058601063,,-0.0866334058601063,1,63.795022561274,,63.795022561274,1,0.0666666666666591,,0.0666666666666591,1,0.0666666666666591,,0.0666666666666591,1,-0.2527672037124539,,-0.2527672037124539,1,-0.0943964113503498,,-0.0943964113503498,1,14.985154483308913,,14.985154483308913,1,29.725726752363936,,29.725726752363936,1,274.10592594186954,,274.10592594186954,1,599.2970444976709,,599.2970444976709,1
2.19,-0.0929231094142236,,-0.0929231094142236,1,68.8347622955246,,68.8347622955246,1,0.3999999999999551,,0.3999999999999551,1,0.0666666666666591,,0.0666666666666591,1,-0.0333001430061188,,-0.0333001430061188,1,-0.128490600477728,,-0.128490600477728,1,14.054934193205918,,14.054934193205918,1,31.29696331204733,,31.29696331204733,1,305.5055984136871,,305.5055984136871,1,656.70011252024,,656.70011252024,1
2.2,-0.086689581138838,,-0.086689581138838,1,66.90432099559783,,66.90432099559783,1,0.1333333333333183,,0.1333333333333183,1,0.0666666666666591,,0.0666666666666591,1,-0.2263472681915452,,-0.2263472681915452,1,-0.1439824473915622,,-0.1439824473915622,1,14.763911199888826,,14.763911199888826,1,31.75262213142381,,31.75262213142381,1,313.6242271863936,,313.6242271863936,1,679.0174341617035,,679.0174341617035,1
2.21,-0.0920746965488174,,-0.0920746965488174,1,63.51462868889445,,63.51462868889445,1,0.3999999999999551,,0.3999999999999551,1,0.1333333333333183,,0.1333333333333183,1,-0.0873662323691095,,-0.0873662323691095,1,0.067677089973902,,0.067677089973902,1,15.123230026011232,,15.123230026011232,1,29.98809143487116,,29.98809143487116,1,278.78028650993537,,278.78028650993537,1,611.2357752954194,,611.2357752954194,1
2.22,-0.0846378074425714,,-0.0846378074425714,1,67.19439330609936,,67.19439330609936,1,0.3333333333332959,,0.3333333333332959,1,0.0666666666666591,,0.0666666666666591,1,-0.0637362716182873,,-0.0637362716182873,1,-0.1377845474064749,,-0.1377845474064749,1,14.853241821412205,,14.853241821412205,1,31.40654174354718,,31.40654174354718,1,310.934358081164,,310.934358081164,1,663.5089898395784,,663.5089898395784,1
2.23,-0.0867457889389545,,-0.0867457889389545,1,61.97820530885339,,61.97820530885339,1,0.1333333333333183,,0.1333333333333183,1,0.0666666666666591,,0.0666666666666591,1,-0.0567174068364467,,-0.0567174068364467,1,-0.0169563673211942,,-0.0169563673211942,1,14.724945054775644,,14.724945054775644,1,31.271107685819327,,31.271107685819327,1,311.7252601343061,,311.7252601343061,1,663.5623157626593,,663.5623157626593,1
2.24,-0.0937805689216206,,-0.0937805689216206,1,61.94208534652949,,61.94208534652949,1,0.2666666666666367,,0.2666666666666367,1,0.0666666666666591,,0.0666666666666591,1,-0.0410933367280062,,-0.0410933367280062,1,0.0489798437442349,,0.0489798437442349,1,14.837257717813104,,14.837257717813104,1,30.553765781607936,,30.553765781607936,1,292.01526235312883,,292.01526235312883,1,630.771008192833,,630.771008192833,1
2.25,-0.0861494021666701,,-0.0861494021666701,1,63.86266154948571,,63.86266154948571,1,0.1999999999999775,,0.1999999999999775,1,0.1999999999999775,,0.1999999999999775,1,-0.3074731632041467,,-0.3074731632041467,1,-0.1886352868658074,,-0.1886352868658074,1,14.869936387457448,,14.869936387457448,1,31.323942942740587,,31.323942942740587,1,308.86514228479314,,308.86514228479314,1,666.0434792904309,,666.0434792904309,1
2.26,-0.094483331237036,,-0.094483331237036,1,65.01637681634713,,65.01637681634713,1,0.3333333333332959,,0.3333333333332959,1,0.0666666666666591,,0.0666666666666591,1,-0.0723964523381611,,-0.0723964523381611,1,0.0709542609815126,,0.0709542609815126,1,14.967408075176923,,14.967408075176923,1,31.80892614172787,,31.80892614172787,1,316.5120462971065,,316.5120462971065,1,684.9149226202659,,684.9149226202659,1
2.27,-0.0997482463025886,,-0.0997482463025886,1,67.31302674254798,,67.31302674254798,1,0.3999999999999551,,0.3999999999999551,1,0.0666666666666591,,0.0666666666666591,1,-0.0421547437998001,,-0.0421547437998001,1,-0.1343976471847579,,-0.1343976471847579,1,14.480933480431853,,14.480933480431853,1,28.568003093920822,,28.568003093920822,1,268.6812848461899,,268.6812848461899,1,563.0931203717494,,563.0931203717494,1
2.28,-0.0965520030800884,,-0.0965520030800884,1,60.67582852898174,,60.67582852898174,1,0.1999999999999775,,0.1999999999999775,1,0.1999999999999775,,0.1999999999999775,1,-0.3193879604628137,,-0.3193879604628137,1,-0.1679361721605036,,-0.1679361721605036,1,15.26832566880401,,15.26832566880401,1,31.363629608942023,,31.363629608942023,1,309.27152391175525,,309.27152391175525,1,670.7355698206934,,670.7355698206934,1
2.29,-0.1204426093317576,,-0.1204426093317576,1,71.94122922627686,,71.94122922627686,1,0.4666666666666142,,0.4666666666666142,1,0.1333333333333183,,0.1333333333333183,1,-0.0433415834122181,,-0.0433415834122181,1,-0.1754836494796298,,-0.1754836494796298,1,14.53170570356903,,14.53170570356903,1,32.383297600787515,,32.383297600787515,1,333.08891980749013,,333.08891980749013,1,712.5556398019428,,712.5556398019428,1
2.3000000000000003,-0.0883766452896372,,-0.0883766452896372,1,65.99227050877069,,65.99227050877069,1,0.3999999999999551,,0.3999999999999551,1,0.0666666666666591,,0.0666666666666591,1,-0.0403198588379744,,-0.0403198588379744,1,-0.0380274434215582,,-0.0380274434215582,1,14.684071403374304,,14.684071403374304,1,30.513996146078338,,30.513996146078338,1,296.2929635391206,,296.2929635391206,1,636.8771958921875,,636.8771958921875,1
2.31,-0.1113740060640619,,-0.1113740060640619,1,67.58083743527226,,67.58083743527226,1,0.0666666666666591,,0.0666666666666591,1,0.0666666666666591,,0.0666666666666591,1,-0.0637252097394515,,-0.0637252097394515,1,-0.0434094452051613,,-0.0434094452051613,1,15.024912706310882,,15.024912706310882,1,31.43775682830673,,31.43775682830673,1,315.0375060239004,,315.0375060239004,1,673.7597774950832,,673.7597774950832,1
2.32,-0.0992725120832311,,-0.0992725120832311,1,65.49270426390434,,65.49270426390434,1,0.1333333333333183,,0.1333333333333183,1,0.1333333333333183,,0.1333333333333183,1,-0.2861562713704071,,-0.2861562713704071,1,-0.1292422472291772,,-0.1292422472291772,1,15.136488065671507,,15.136488065671507,1,30.89256259755085,,30.89256259755085,1,303.9919853640389,,303.9919853640389,1,656.6952721802511,,656.6952721802511,1
2.33,-0.0967583486253612,,-0.0967583486253612,1,65.92932742202434,,65.92932742202434,1,0.2666666666666367,,0.2666666666666367,1,0.1999999999999775,,0.1999999999999775,1,-0.2585338877909945,,-0.2585338877909945,1,-0.0820773911065318,,-0.0820773911065318,1,15.096734091605382,,15.096734091605382,1,30.91043104591596,,30.91043104591596,1,303.176974372638,,303.176974372638,1,654.2388086466035,,654.2388086466035,1
2.34,-0.0889502013530732,,-0.0889502013530732,1,65.55941216351911,,65.55941216351911,1,0.1333333333333183,,0.1333333333333183,1,0.1999999999999775,,0.1999999999999775,1,-0.2564652897159524,,-0.2564652897159524,1,0.0657006089567603,,0.0657006089567603,1,14.84943274346379,,14.84943274346379,1,30.751985880109604,,30.751985880109604,1,305.5811461959676,,305.5811461959676,1,651.8313232859064,,651.8313232859064,1
2.35,-0.0859717738172003,,-0.0859717738172003,1,67.58044826519168,,67.58044826519168,1,0.3333333333332959,,0.3333333333332959,1,0.1333333333333183,,0.1333333333333183,1,-0.0646850738387319,,-0.0646850738387319,1,0.121786147852137,,0.121786147852137,1,15.252357962943655,,15.252357962943655,1,31.384628095787505,,31.384628095787505,1,321.7707572108285,,321.7707572108285,1,681.5086131316398,,681.5086131316398,1
2.36,-0.1060535100119411,,-0.1060535100119411,1,67.55573703360554,,67.55573703360554,1,0.0666666666666591,,0.0666666666666591,1,0.0666666666666591,,0.0666666666666591,1,-0.0926707366429129,,-0.0926707366429129,1,-0.0310918505652121,,-0.0310918505652121,1,14.782433458188706,,14.782433458188706,1,32.019144476032764,,32.019144476032764,1,330.90139464616567,,330.90139464616567,1,708.529929748579,,708.529929748579,1
2.37,-0.099196536602256,,-0.099196536602256,1,66.37912496341139,,66.37912496341139,1,0.2666666666666367,,0.2666666666666367,1,0.1333333333333183,,0.1333333333333183,1,-0.0702643242375239,,-0.0702643242375239,1,-0.1197523700633456,,-0.1197523700633456,1,14.689789257566268,,14.689789257566268,1,30.479613433170243,,30.479613433170243,1,307.3068457584199,,307.3068457584199,1,648.0966727981009,,648.0966727981009,1
2.38,-0.0962164491664688,,-0.0962164491664688,1,62.23269926364892,,62.23269926364892,1,0.1333333333333183,,0.1333333333333183,1,0.0666666666666591,,0.0666666666666591,1,-0.1176562218597181,,-0.1176562218597181,1,0.0389603464201715,,0.0389603464201715,1,14.224195693141102,,14.224195693141102,1,31.4756246829948,,31.4756246829948,1,322.8206678550302,,322.8206678550302,1,687.0453684906652,,687.0453684906652,1
2.39,-0.0954771797041356,,-0.0954771797041356,1,67.0439112633464,,67.0439112633464,1,0.0666666666666591,,0.0666666666666591,1,0.1999999999999775,,0.1999999999999775,1,-0.267712144647676,,-0.267712144647676,1,-0.1734807644347452,,-0.1734807644347452,1,14.71583272705687,,14.71583272705687,1,30.35606607147936,,30.35606607147936,1,296.53769669372247,,296.53769669372247,1,636.5386573883405,,636.5386573883405,1
2.4,-0.0860741640444374,,-0.0860741640444374,1,63.98554649095028,,63.98554649095028,1,0.1333333333333183,,0.1333333333333183,1,0.1333333333333183,,0.1333333333333183,1,-0.244926932976066,,-0.244926932976066,1,-0.0469108291199672,,-0.0469108291199672,1,15.71669068217188,,15.71669068217188,1,32.23076116916136,,32.23076116916136,1,333.27341474456165,,333.27341474456165,1,720.5334126484511,,720.5334126484511,1
2.41,-0.0923773529567415,,-0.0923773529567415,1,62.11805384290979,,62.11805384290979,1,0.0666666666666591,,0.0666666666666591,1,0.0666666666666591,,0.0666666666666591,1,-0.2847231642943189,,-0.2847231642943189,1,-0.1589526087863289,,-0.1589526087863289,1,15.418865561761702,,15.418865561761702,1,31.438660383729225,,31.438660383729225,1,316.9851869704099,,316.9851869704099,1,688.8769781083136,,688.8769781083136,1
2.42,-0.0928696763526382,,-0.0928696763526382,1,68.832235926965,,68.832235926965,1,0.4666666666666142,,0.4666666666666142,1,0.0666666666666591,,0.0666666666666591,1,-0.0893801517153064,,-0.0893801517153064,1,-0.0879631740955425,,-0.0879631740955425,1,15.172871380866235,,15.172871380866235,1,32.69659766689972,,32.69659766689972,1,344.00098525698564,,344.00098525698564,1,737.9553712248739,,737.9553712248739,1
2.43,-0.0759701705504403,,-0.0759701705504403,1,64.09823009148461,,64.09823009148461,1,0.3333333333332959,,0.3333333333332959,1,0.0666666666666591,,0.0666666666666591,1,-0.0416781029192953,,-0.0416781029192953,1,-0.1522885328154084,,-0.1522885328154084,1,14.89049657740262,,14.89049657740262,1,32.434143758292485,,32.434143758292485,1,346.26826911501115,,346.26826911501115,1,734.0815709747263,,734.0815709747263,1
2.44,-0.0716883002803557,,-0.0716883002803557,1,67.1138806705298,,67.1138806705298,1,0.0666666666666591,,0.0666666666666591,1,0.0666666666666591,,0.0666666666666591,1,-0.1981169910306983,,-0.1981169910306983,1,-0.0663241225202039,,-0.0663241225202039,1,15.336968480836406,,15.336968480836406,1,32.889999104722826,,32.889999104722826,1,351.3432311222374,,351.3432311222374,1,753.8827549798933,,753.8827549798933,1
2.45,-0.0805790842457637,,-0.0805790842457637,1,65.92809893200388,,65.92809893200388,1,0.3333333333332959,,0.3333333333332959,1,0.0666666666666591,,0.0666666666666591,1,-0.104083999201007,,-0.104083999201007,1,0.0115496753163361,,0.0115496753163361,1,14.054438363375812,,14.054438363375812,1,32.3044026783925,,32.3044026783925,1,344.4837003516036,,344.4837003516036,1,729.6836737388378,,729.6836737388378,1
2.46,-0.0703149935481209,,-0.0703149935481209,1,65.9535344406016,,65.9535344406016,1,0.2666666666666367,,0.2666666666666367,1,0.0666666666666591,,0.0666666666666591,1,-0.0642486360695359,,-0.0642486360695359,1,0.1705112492869656,,0.1705112492869656,1,13.497970580018494,,13.497970580018494,1,29.44871308587673,,29.44871308587673,1,292.84174275287006,,292.84174275287006,1,616.8525186295471,,616.8525186295471,1
2.47,-0.0872937848195202,,-0.0872937848195202,1,60.51669775390848,,60.51669775390848,1,0.2666666666666367,,0.2666666666666367,1,0.0666666666666591,,0.0666666666666591,1,-0.289828861110791,,-0.289828861110791,1,0.0062120301656931,,0.0062120301656931,1,15.901334121257436,,15.901334121257436,1,33.05041922699308,,33.05041922699308,1,354.17799478213954,,354.17799478213954,1,762.3152227520459,,762.3152227520459,1
2.48,-0.0722603486294848,,-0.0722603486294848,1,65.53542940397786,,65.53542940397786,1,0.2666666666666367,,0.2666666666666367,1,0.0666666666666591,,0.0666666666666591,1,-0.0452626297783521,,-0.0452626297783521,1,-0.0645350969951599,,-0.0645350969951599,1,13.52292977223722,,13.52292977223722,1,28.90206495974424,,28.90206495974424,1,277.7136555627088,,277.7136555627088,1,583.5418331568944,,583.5418331568944,1
2.49,-0.0729846342048286,,-0.0729846342048286,1,64.78504578351432,,64.78504578351432,1,0.2666666666666367,,0.2666666666666367,1,0.1999999999999775,,0.1999999999999775,1,-0.0565853241741678,,-0.0565853241741678,1,0.1256577632071437,,0.1256577632071437,1,14.845144168210531,,14.845144168210531,1,28.37195711544609,,28.37195711544609,1,278.8143368108415,,278.8143368108415,1,579.4872982432203,,579.4872982432203,1
2.5,-0.1041006452995804,,-0.1041006452995804,1,68.924416171409,,68.924416171409,1,0.1333333333333183,,0.1333333333333183,1,0.0666666666666591,,0.0666666666666591,1,-0.2517394076141633,,-0.2517394076141633,1,-0.1679121946190841,,-0.1679121946190841,1,15.169228484840763,,15.169228484840763,1,33.02605835199529,,33.02605835199529,1,358.362910391505,,358.362910391505,1,766.9961823039189,,766.9961823039189,1
2.51,-0.0844077144745406,,-0.0844077144745406,1,63.00800533088501,,63.00800533088501,1,0.0666666666666591,,0.0666666666666591,1,0.1333333333333183,,0.1333333333333183,1,-0.2872527502907517,,-0.2872527502907517,1,-0.1692841393834057,,-0.1692841393834057,1,15.941664123925245,,15.941664123925245,1,32.62875938181891,,32.62875938181891,1,348.2997798397085,,348.2997798397085,1,749.9731510830894,,749.9731510830894,1
2.52,-0.0762055140699853,,-0.0762055140699853,1,63.400941197699055,,63.400941197699055,1,0.1333333333333183,,0.1333333333333183,1,0.0666666666666591,,0.0666666666666591,1,-0.2510577762871444,,-0.2510577762871444,1,-0.088947057604438,,-0.088947057604438,1,16.089033725539352,,16.089033725539352,1,32.99775047601119,,32.99775047601119,1,356.86985023768733,,356.86985023768733,1,768.9696538321657,,768.9696538321657,1
2.53,-0.0800646184378579,,-0.0800646184378579,1,66.48720666980998,,66.48720666980998,1,0.2666666666666367,,0.2666666666666367,1,0.0666666666666591,,0.0666666666666591,1,-0.0771357103566201,,-0.0771357103566201,1,-0.1645497918263972,,-0.1645497918263972,1,14.383265406761431,,14.383265406761431,1,32.60471909184936,,32.60471909184936,1,356.6257614141915,,356.6257614141915,1,753.8863322360404,,753.8863322360404,1
2.54,-0.101412671247126,,-0.101412671247126,1,67.96307965917237,,67.96307965917237,1,0.0666666666666591,,0.0666666666666591,1,0.0666666666666591,,0.0666666666666591,1,-0.2727378642937025,,-0.2727378642937025,1,-0.0686698161114816,,-0.0686698161114816,1,13.812838604320277,,13.812838604320277,1,30.915269389161395,,30.915269389161395,1,322.62176789402486,,322.62176789402486,1,679.7501679252282,,679.7501679252282,1
2.5500000000000003,-0.0882754748297079,,-0.0882754748297079,1,64.88317352464225,,64.88317352464225,1,0.0666666666666591,,0.0666666666666591,1,0.2666666666666367,,0.2666666666666367,1,-0.2302671248862028,,-0.2302671248862028,1,0.0282254519732104,,0.0282254519732104,1,14.730843632329195,,14.730843632329195,1,32.419055114183216,,32.419055114183216,1,349.00693853339607,,349.00693853339607,1,742.4999314584702,,742.4999314584702,1
2.56,-0.089312413916463,,-0.089312413916463,1,59.7310195788432,,59.7310195788432,1,0.0666666666666591,,0.0666666666666591,1,0.3333333333332959,,0.3333333333332959,1,-0.3342557499743399,,-0.3342557499743399,1,-0.0161546760607868,,-0.0161546760607868,1,16.169081340648574,,16.169081340648574,1,33.51907464972711,,33.51907464972711,1,369.6579983800395,,369.6579983800395,1,794.5569020526698,,794.5569020526698,1
2.57,-0.0831176354241169,,-0.0831176354241169,1,63.58901166908493,,63.58901166908493,1,0.0666666666666591,,0.0666666666666591,1,0.0666666666666591,,0.0666666666666591,1,-0.2575186173470004,,-0.2575186173470004,1,-0.1823271863221482,,-0.1823271863221482,1,16.186306734042194,,16.186306734042194,1,34.046150064652814,,34.046150064652814,1,382.33701995983625,,382.33701995983625,1,820.9217496987739,,820.9217496987739,1
2.58,-0.1010399143968997,,-0.1010399143968997,1,68.13993225507582,,68.13993225507582,1,0.0666666666666591,,0.0666666666666591,1,0.0666666666666591,,0.0666666666666591,1,-0.2710661274986355,,-0.2710661274986355,1,-0.0030851507387195,,-0.0030851507387195,1,16.062274250495154,,16.062274250495154,1,33.890334320993624,,33.890334320993624,1,380.54726090371366,,380.54726090371366,1,815.3825455870929,,815.3825455870929,1
2.59,-0.0947462830859237,,-0.0947462830859237,1,61.62488818198135,,61.62488818198135,1,0.0666666666666591,,0.0666666666666591,1,0.1999999999999775,,0.1999999999999775,1,-0.3398907909614597,,-0.3398907909614597,1,-0.1528704878975709,,-0.1528704878975709,1,16.25499284702824,,16.25499284702824,1,34.02398732385036,,34.02398732385036,1,382.65013149439153,,382.65013149439153,1,822.3756681102254,,822.3756681102254,1
2.6,-0.0864534203315052,,-0.0864534203315052,1,62.86666137257392,,62.86666137257392,1,0.0666666666666591,,0.0666666666666591,1,0.1333333333333183,,0.1333333333333183,1,-0.2953382321162397,,-0.2953382321162397,1,-0.0660137490771695,,-0.0660137490771695,1,16.26507260950553,,16.26507260950553,1,33.52478702626039,,33.52478702626039,1,372.6198035087467,,372.6198035087467,1,800.9728054008331,,800.9728054008331,1
2.61,-0.0929654537311422,,-0.0929654537311422,1,69.22168613204605,,69.22168613204605,1,0.0666666666666591,,0.0666666666666591,1,0.1333333333333183,,0.1333333333333183,1,-0.2510062636277754,,-0.2510062636277754,1,-0.2028565153852498,,-0.2028565153852498,1,15.556744998950988,,15.556744998950988,1,33.90051405851908,,33.90051405851908,1,384.3737214170712,,384.3737214170712,1,818.6356117704981,,818.6356117704981,1
2.62,-0.0841955905477959,,-0.0841955905477959,1,63.42435079201596,,63.42435079201596,1,0.0666666666666591,,0.0666666666666591,1,0.1333333333333183,,0.1333333333333183,1,-0.2926664492971896,,-0.2926664492971896,1,-0.101273779348144,,-0.101273779348144,1,16.06268143533627,,16.06268143533627,1,34.19540827412593,,34.19540827412593,1,388.9499363707776,,388.9499363707776,1,831.592736295451,,831.592736295451,1
2.63,-0.0763057800722783,,-0.0763057800722783,1,68.75885903718675,,68.75885903718675,1,0.0666666666666591,,0.0666666666666591,1,0.3333333333332959,,0.3333333333332959,1,-0.2603068397341026,,-0.2603068397341026,1,0.0176018449968136,,0.0176018449968136,1,14.496781940414152,,14.496781940414152,1,31.25905247099657,,31.25905247099657,1,335.6507912432091,,335.6507912432091,1,705.896791916527,,705.896791916527,1
2.64,-0.0841530627794116,,-0.0841530627794116,1,64.76273669381132,,64.76273669381132,1,0.0666666666666591,,0.0666666666666591,1,0.1999999999999775,,0.1999999999999775,1,-0.2848580030976409,,-0.2848580030976409,1,0.0624715764148536,,0.0624715764148536,1,15.638736083112327,,15.638736083112327,1,30.91813142061713,,30.91813142061713,1,322.0454788247536,,322.0454788247536,1,680.9150890364784,,680.9150890364784,1
2.65,-0.1020169164565914,,-0.1020169164565914,1,66.76523493192359,,66.76523493192359,1,0.0666666666666591,,0.0666666666666591,1,0.2666666666666367,,0.2666666666666367,1,-0.1617321149730225,,-0.1617321149730225,1,-0.1656937414274847,,-0.1656937414274847,1,15.2261054195856,,15.2261054195856,1,33.85532947815562,,33.85532947815562,1,387.3734139134849,,387.3734139134849,1,820.8352112517929,,820.8352112517929,1
2.66,-0.0797588614422445,,-0.0797588614422445,1,68.78583485488275,,68.78583485488275,1,0.3333333333332959,,0.3333333333332959,1,0.0666666666666591,,0.0666666666666591,1,-0.0848509182693419,,-0.0848509182693419,1,0.0649504188415289,,0.0649504188415289,1,15.510575292659228,,15.510575292659228,1,33.494978714487914,,33.494978714487914,1,377.08406031260506,,377.08406031260506,1,804.2923286851848,,804.2923286851848,1
2.67,-0.0922188416950005,,-0.0922188416950005,1,65.03738023957197,,65.03738023957197,1,0.3999999999999551,,0.3999999999999551,1,0.0666666666666591,,0.0666666666666591,1,-0.0344517550899527,,-0.0344517550899527,1,-0.0748681166612802,,-0.0748681166612802,1,15.92136016064008,,15.92136016064008,1,31.78647029255595,,31.78647029255595,1,338.9612070719789,,338.9612070719789,1,733.0624335570928,,733.0624335570928,1
2.68,-0.0867255876342851,,-0.0867255876342851,1,64.43475773226514,,64.43475773226514,1,0.0666666666666591,,0.0666666666666591,1,0.0666666666666591,,0.0666666666666591,1,-0.1154247857924095,,-0.1154247857924095,1,0.0379120248037815,,0.0379120248037815,1,15.924229572954728,,15.924229572954728,1,32.96573041758084,,32.96573041758084,1,363.5097770211201,,363.5097770211201,1,783.247187870866,,783.247187870866,1
2.69,-0.0994666071371329,,-0.0994666071371329,1,65.73923709068438,,65.73923709068438,1,0.0666666666666591,,0.0666666666666591,1,0.0666666666666591,,0.0666666666666591,1,-0.1402216470109668,,-0.1402216470109668,1,-0.1717500348300957,,-0.1717500348300957,1,15.7183914069685,,15.7183914069685,1,31.91777958207118,,31.91777958207118,1,345.74828572865755,,345.74828572865755,1,733.4158846183658,,733.4158846183658,1
2.7,-0.0947766996271303,,-0.0947766996271303,1,66.36465969135158,,66.36465969135158,1,0.4666666666666142,,0.4666666666666142,1,0.0666666666666591,,0.0666666666666591,1,-0.0556764911582262,,-0.0556764911582262,1,0.0612086381135009,,0.0612086381135009,1,15.86398744031849,,15.86398744031849,1,32.79335735856788,,32.79335735856788,1,370.7311310664125,,370.7311310664125,1,780.5109697931263,,780.5109697931263,1
2.71,-0.0988145151220401,,-0.0988145151220401,1,66.4925493153446,,66.4925493153446,1,0.1333333333333183,,0.1333333333333183,1,0.0666666666666591,,0.0666666666666591,1,-0.100476889905559,,-0.100476889905559,1,-0.1569200507720264,,-0.1569200507720264,1,16.121345073688072,,16.121345073688072,1,33.0986333791001,,33.0986333791001,1,371.9860843818781,,371.9860843818781,1,792.8963907175331,,792.8963907175331,1
2.72,-0.0885697212670088,,-0.0885697212670088,1,61.60475889477318,,61.60475889477318,1,0.0666666666666591,,0.0666666666666591,1,0.0666666666666591,,0.0666666666666591,1,-0.299543295830285,,-0.299543295830285,1,-0.0723133009505214,,-0.0723133009505214,1,16.22695233156884,,16.22695233156884,1,33.866269142699096,,33.866269142699096,1,391.0828443366461,,391.0828443366461,1,828.6028295088199,,828.6028295088199,1
2.73,-0.0819854639776082,,-0.0819854639776082,1,63.91682857703837,,63.91682857703837,1,0.1333333333333183,,0.1333333333333183,1,0.0666666666666591,,0.0666666666666591,1,-0.2641527956859502,,-0.2641527956859502,1,0.0996445206452113,,0.0996445206452113,1,16.16401115720344,,16.16401115720344,1,32.970259255195494,,32.970259255195494,1,373.7980757157244,,373.7980757157244,1,788.175369145595,,788.175369145595,1
2.74,-0.0699242567282892,,-0.0699242567282892,1,67.33532956625558,,67.33532956625558,1,0.1333333333333183,,0.1333333333333183,1,0.1999999999999775,,0.1999999999999775,1,-0.261616518044826,,-0.261616518044826,1,-0.0670657633845224,,-0.0670657633845224,1,15.213763500929227,,15.213763500929227,1,32.86614468803886,,32.86614468803886,1,374.4378082705063,,374.4378082705063,1,787.2751913665655,,787.2751913665655,1
2.75,-0.0751392761078828,,-0.0751392761078828,1,65.27250034342437,,65.27250034342437,1,0.0666666666666591,,0.0666666666666591,1,0.0666666666666591,,0.0666666666666591,1,-0.2104759848334318,,-0.2104759848334318,1,-0.06251488934756,,-0.06251488934756,1,15.653171579880944,,15.653171579880944,1,33.26988071171783,,33.26988071171783,1,384.34240225391153,,384.34240225391153,1,808.6758409354766,,808.6758409354766,1
2.76,-0.075220708437195,,-0.075220708437195,1,62.31726052247389,,62.31726052247389,1,0.3333333333332959,,0.3333333333332959,1,0.0666666666666591,,0.0666666666666591,1,-0.0451532462552978,,-0.0451532462552978,1,-0.1225423864979128,,-0.1225423864979128,1,16.393778604104448,,16.393778604104448,1,33.664856912962165,,33.664856912962165,1,392.6395200929683,,392.6395200929683,1,827.4665832848983,,827.4665832848983,1
2.77,-0.0759337126817566,,-0.0759337126817566,1,65.90366007501777,,65.90366007501777,1,0.0666666666666591,,0.0666666666666591,1,0.0666666666666591,,0.0666666666666591,1,-0.1943554286462464,,-0.1943554286462464,1,0.0320604243911265,,0.0320604243911265,1,16.31927037184425,,16.31927037184425,1,34.956735091754645,,34.956735091754645,1,415.224432136259,,415.224432136259,1,886.3188968444856,,886.3188968444856,1
2.78,-0.0913349820581778,,-0.0913349820581778,1,62.5882892011664,,62.5882892011664,1,0.0666666666666591,,0.0666666666666591,1,0.1333333333333183,,0.1333333333333183,1,-0.1733729827751119,,-0.1733729827751119,1,-0.1728269419616978,,-0.1728269419616978,1,16.19606983951862,,16.19606983951862,1,34.60144709913879,,34.60144709913879,1,408.3542895699134,,408.3542895699134,1,870.7633498126315,,870.7633498126315,1
2.79,-0.0966987856331224,,-0.0966987856331224,1,62.60066263517486,,62.60066263517486,1,0.2666666666666367,,0.2666666666666367,1,0.0666666666666591,,0.0666666666666591,1,-0.3504240858130681,,-0.3504240858130681,1,-0.0023833441177885,,-0.0023833441177885,1,16.222599864838944,,16.222599864838944,1,34.66360805130741,,34.66360805130741,1,414.3768067072776,,414.3768067072776,1,876.7440137356476,,876.7440137356476,1
2.8000000000000003,-0.0896364389439073,,-0.0896364389439073,1,63.584505643863885,,63.584505643863885,1,0.0666666666666591,,0.0666666666666591,1,0.1333333333333183,,0.1333333333333183,1,-0.1954437280316069,,-0.1954437280316069,1,-0.1546498982282018,,-0.1546498982282018,1,15.941094243399522,,15.941094243399522,1,34.766340311716554,,34.766340311716554,1,415.09344361982886,,415.09344361982886,1,881.6739497651536,,881.6739497651536,1
2.81,-0.084830025437942,,-0.084830025437942,1,67.03726063832389,,67.03726063832389,1,0.2666666666666367,,0.2666666666666367,1,0.1333333333333183,,0.1333333333333183,1,-0.0694119313691616,,-0.0694119313691616,1,-0.1914990728312985,,-0.1914990728312985,1,15.634076535479002,,15.634076535479002,1,34.728630757630334,,34.728630757630334,1,416.40244327011857,,416.40244327011857,1,881.0630343077154,,881.0630343077154,1
2.82,-0.0965238803164213,,-0.0965238803164213,1,69.78185123335297,,69.78185123335297,1,0.4666666666666142,,0.4666666666666142,1,0.0666666666666591,,0.0666666666666591,1,-0.0849901725645722,,-0.0849901725645722,1,-0.0520567188023644,,-0.0520567188023644,1,15.649985994090391,,15.649985994090391,1,34.25509417106983,,34.25509417106983,1,405.8592369370381,,405.8592369370381,1,858.1253914964063,,858.1253914964063,1
2.83,-0.0953367839922643,,-0.0953367839922643,1,63.653934123447314,,63.653934123447314,1,0.0666666666666591,,0.0666666666666591,1,0.1333333333333183,,0.1333333333333183,1,-0.3099991169200147,,-0.3099991169200147,1,-0.1887129425388554,,-0.1887129425388554,1,15.84339648168048,,15.84339648168048,1,33.74025592016105,,33.74025592016105,1,394.6557731769541,,394.6557731769541,1,835.0609208402341,,835.0609208402341,1
2.84,-0.0904782550130903,,-0.0904782550130903,1,61.40546314997109,,61.40546314997109,1,0.1333333333333183,,0.1333333333333183,1,0.0666666666666591,,0.0666666666666591,1,-0.1349346866451467,,-0.1349346866451467,1,-0.1285393010165648,,-0.1285393010165648,1,16.67503814872955,,16.67503814872955,1,34.308808338103475,,34.308808338103475,1,404.5597108924294,,404.5597108924294,1,863.4318107483844,,863.4318107483844,1
2.85,-0.0905308482414289,,-0.0905308482414289,1,62.282566387943454,,62.282566387943454,1,0.0666666666666591,,0.0666666666666591,1,0.1333333333333183,,0.1333333333333183,1,-0.2430681871327376,,-0.2430681871327376,1,-0.1494258454425564,,-0.1494258454425564,1,15.285640399731616,,15.285640399731616,1,32.80818808070511,,32.80818808070511,1,376.9722027479712,,376.9722027479712,1,793.7467542499463,,793.7467542499463,1
2.86,-0.0690962568714169,,-0.0690962568714169,1,61.31583886110475,,61.31583886110475,1,0.1333333333333183,,0.1333333333333183,1,0.1999999999999775,,0.1999999999999775,1,-0.3543687964317218,,-0.3543687964317218,1,0.0179282832093947,,0.0179282832093947,1,16.59284274111084,,16.59284274111084,1,33.58495485894549,,33.58495485894549,1,395.9036813978589,,395.9036813978589,1,833.6736069345033,,833.6736069345033,1
2.87,-0.0815185024944369,,-0.0815185024944369,1,66.26653503454682,,66.26653503454682,1,0.5333333333332735,,0.5333333333332735,1,0.2666666666666367,,0.2666666666666367,1,-0.016985161711732,,-0.016985161711732,1,0.0425985577209859,,0.0425985577209859,1,15.576920299791087,,15.576920299791087,1,32.40389327106439,,32.40389327106439,1,366.6098499253365,,366.6098499253365,1,772.498361176099,,772.498361176099,1
2.88,-0.0995070081893609,,-0.0995070081893609,1,67.11451357153548,,67.11451357153548,1,0.0666666666666591,,0.0666666666666591,1,0.1999999999999775,,0.1999999999999775,1,-0.2904811638188075,,-0.2904811638188075,1,-0.1661115140904602,,-0.1661115140904602,1,16.928509201576976,,16.928509201576976,1,35.085965879409905,,35.085965879409905,1,425.3486106355185,,425.3486106355185,1,909.7660194333176,,909.7660194333176,1
2.89,-0.1023273137555747,,-0.1023273137555747,1,67.13384925158871,,67.13384925158871,1,0.0666666666666591,,0.0666666666666591,1,0.0666666666666591,,0.0666666666666591,1,-0.1469398825544053,,-0.1469398825544053,1,-0.0702450622263852,,-0.0702450622263852,1,16.226458661196148,,16.226458661196148,1,33.908156054238155,,33.908156054238155,1,399.0811890688121,,399.0811890688121,1,848.7882221892476,,848.7882221892476,1
2.9,-0.0868825329546444,,-0.0868825329546444,1,67.58008201215907,,67.58008201215907,1,0.3999999999999551,,0.3999999999999551,1,0.0666666666666591,,0.0666666666666591,1,-0.0950799439395206,,-0.0950799439395206,1,-0.0940686226032868,,-0.0940686226032868,1,16.068788407776964,,16.068788407776964,1,33.90499746625564,,33.90499746625564,1,401.6951478036722,,401.6951478036722,1,849.5322155333473,,849.5322155333473,1
2.91,-0.0975324307680915,,-0.0975324307680915,1,65.8044543560577,,65.8044543560577,1,0.0666666666666591,,0.0666666666666591,1,0.1999999999999775,,0.1999999999999775,1,-0.2296126810499581,,-0.2296126810499581,1,0.0102355678275515,,0.0102355678275515,1,15.734192835959169,,15.734192835959169,1,33.867548239307226,,33.867548239307226,1,402.262747982723,,402.262747982723,1,849.2518996779743,,849.2518996779743,1
2.92,-0.0974632364839278,,-0.0974632364839278,1,64.60800875751349,,64.60800875751349,1,0.0666666666666591,,0.0666666666666591,1,0.0666666666666591,,0.0666666666666591,1,-0.2267848390506399,,-0.2267848390506399,1,-0.1084552321503534,,-0.1084552321503534,1,16.39429002740199,,16.39429002740199,1,34.98718141854354,,34.98718141854354,1,425.6948470642316,,425.6948470642316,1,903.7262227648852,,903.7262227648852,1
2.93,-0.090637819450581,,-0.090637819450581,1,66.69934131466584,,66.69934131466584,1,0.3333333333332959,,0.3333333333332959,1,0.1333333333333183,,0.1333333333333183,1,-0.0922168967010426,,-0.0922168967010426,1,-0.2241239150812444,,-0.2241239150812444,1,16.854666574091144,,16.854666574091144,1,35.69637425125654,,35.69637425125654,1,443.1252057961509,,443.1252057961509,1,941.661748002828,,941.661748002828,1
2.94,-0.0739972201560969,,-0.0739972201560969,1,59.782948334321446,,59.782948334321446,1,0.1333333333333183,,0.1333333333333183,1,0.1999999999999775,,0.1999999999999775,1,-0.3111503099932858,,-0.3111503099932858,1,-0.1464405971364903,,-0.1464405971364903,1,17.09494341822367,,17.09494341822367,1,35.95130685046151,,35.95130685046151,1,450.4658366104668,,450.4658366104668,1,960.047530577143,,960.047530577143,1
2.95,-0.0821919099464447,,-0.0821919099464447,1,60.87148252315403,,60.87148252315403,1,0.0666666666666591,,0.0666666666666591,1,0.0666666666666591,,0.0666666666666591,1,-0.0875435668606233,,-0.0875435668606233,1,0.0090231318092213,,0.0090231318092213,1,17.164665258807336,,17.164665258807336,1,35.85308027990214,,35.85308027990214,1,447.5338349121167,,447.5338349121167,1,956.4090956806358,,956.4090956806358,1
2.96,-0.0857504502858786,,-0.0857504502858786,1,62.99878230616445,,62.99878230616445,1,0.0666666666666591,,0.0666666666666591,1,0.0666666666666591,,0.0666666666666591,1,-0.0619159076154772,,-0.0619159076154772,1,-0.0449134544728822,,-0.0449134544728822,1,17.0885303622115,,17.0885303622115,1,35.44876433129158,,35.44876433129158,1,437.309618932399,,437.309618932399,1,933.2707410996608,,933.2707410996608,1
2.97,-0.0709565041253555,,-0.0709565041253555,1,63.1702141118785,,63.1702141118785,1,0.3999999999999551,,0.3999999999999551,1,0.4666666666666142,,0.4666666666666142,1,-0.1155906457505665,,-0.1155906457505665,1,0.0676723691640898,,0.0676723691640898,1,16.83184285830383,,16.83184285830383,1,34.65983590505754,,34.65983590505754,1,421.8141063300137,,421.8141063300137,1,897.3344391124209,,897.3344391124209,1
2.98,-0.0817685320969901,,-0.0817685320969901,1,63.382123873162776,,63.382123873162776,1,0.1333333333333183,,0.1333333333333183,1,0.1999999999999775,,0.1999999999999775,1,-0.263618461387662,,-0.263618461387662,1,0.0314899104192993,,0.0314899104192993,1,16.859061451226992,,16.859061451226992,1,34.09152377781694,,34.09152377781694,1,407.848936304532,,407.848936304532,1,871.5214292389403,,871.5214292389403,1
2.99,-0.1036137455114911,,-0.1036137455114911,1,70.57756820460058,,70.57756820460058,1,0.5333333333332735,,0.5333333333332735,1,0.0666666666666591,,0.0666666666666591,1,-0.0777462680633706,,-0.0777462680633706,1,0.0041190527142773,,0.0041190527142773,1,16.087301582977844,,16.087301582977844,1,34.6422536785722,,34.6422536785722,1,423.9583315124836,,423.9583315124836,1,898.6674147073717,,898.6674147073717,1
3.0,-0.0786863777848767,,-0.0786863777848767,1,64.9968349703683,,64.9968349703683,1,0.1999999999999775,,0.1999999999999775,1,0.1999999999999775,,0.1999999999999775,1,-0.0807301537529402,,-0.0807301537529402,1,-0.16482574411945,,-0.16482574411945,1,15.8375824185829,,15.8375824185829,1,34.2121784961181,,34.2121784961181,1,416.1554991791726,,416.1554991791726,1,876.3606701487795,,876.3606701487795,1
3.01,-0.0945109577913574,,-0.0945109577913574,1,67.25542318838328,,67.25542318838328,1,0.0666666666666591,,0.0666666666666591,1,0.0666666666666591,,0.0666666666666591,1,-0.1385167992559645,,-0.1385167992559645,1,-0.1014901214539077,,-0.1014901214539077,1,16.333521996487303,,16.333521996487303,1,34.254020122276394,,34.254020122276394,1,412.1799546532004,,412.1799546532004,1,878.4945331934226,,878.4945331934226,1
3.02,-0.0749949531848872,,-0.0749949531848872,1,59.70990122458569,,59.70990122458569,1,0.0666666666666591,,0.0666666666666591,1,0.1333333333333183,,0.1333333333333183,1,-0.1840764340972682,,-0.1840764340972682,1,-0.0394847248131846,,-0.0394847248131846,1,16.891501207189606,,16.891501207189606,1,35.21023152089011,,35.21023152089011,1,438.2423299442636,,438.2423299442636,1,933.383943858024,,933.383943858024,1
3.03,-0.0710974017172464,,-0.0710974017172464,1,64.9634610939735,,64.9634610939735,1,0.2666666666666367,,0.2666666666666367,1,0.2666666666666367,,0.2666666666666367,1,-0.2446672564789825,,-0.2446672564789825,1,0.1088620100383787,,0.1088620100383787,1,16.909942547896854,,16.909942547896854,1,34.50146790834174,,34.50146790834174,1,417.5693358986294,,417.5693358986294,1,895.9641664498612,,895.9641664498612,1
3.04,-0.0940907941119263,,-0.0940907941119263,1,63.91047054580185,,63.91047054580185,1,0.2666666666666367,,0.2666666666666367,1,0.1999999999999775,,0.1999999999999775,1,-0.1380286989873316,,-0.1380286989873316,1,-0.1263384033734055,,-0.1263384033734055,1,16.018169370354364,,16.018169370354364,1,35.08031924472071,,35.08031924472071,1,437.062458626933,,437.062458626933,1,923.5205435375362,,923.5205435375362,1
3.0500000000000003,-0.0706492096885044,,-0.0706492096885044,1,60.87890985815713,,60.87890985815713,1,0.3333333333332959,,0.3333333333332959,1,0.0666666666666591,,0.0666666666666591,1,-0.0801250621043808,,-0.0801250621043808,1,-0.0518623745340454,,-0.0518623745340454,1,17.48869126766191,,17.48869126766191,1,35.11277064129428,,35.11277064129428,1,434.1445344998663,,434.1445344998663,1,930.1089270379764,,930.1089270379764,1
3.06,-0.0744799457177031,,-0.0744799457177031,1,64.15816067178866,,64.15816067178866,1,0.2666666666666367,,0.2666666666666367,1,0.0666666666666591,,0.0666666666666591,1,-0.2455102008083957,,-0.2455102008083957,1,-0.1742813993493361,,-0.1742813993493361,1,16.24095516408661,,16.24095516408661,1,34.11702708091352,,34.11702708091352,1,414.0462235276008,,414.0462235276008,1,875.1666155215615,,875.1666155215615,1
3.0700000000000003,-0.0837309425556482,,-0.0837309425556482,1,64.7599977425123,,64.7599977425123,1,0.1333333333333183,,0.1333333333333183,1,0.0666666666666591,,0.0666666666666591,1,-0.251473326079059,,-0.251473326079059,1,-0.1949645307746626,,-0.1949645307746626,1,16.594851040350267,,16.594851040350267,1,34.4519773747331,,34.4519773747331,1,426.72662060145336,,426.72662060145336,1,898.989695092241,,898.989695092241,1
3.08,-0.0889661602520686,,-0.0889661602520686,1,63.92163356559903,,63.92163356559903,1,0.0666666666666591,,0.0666666666666591,1,0.0666666666666591,,0.0666666666666591,1,-0.2660710766215248,,-0.2660710766215248,1,-0.1829044108897186,,-0.1829044108897186,1,16.498034082861363,,16.498034082861363,1,36.09003808418039,,36.09003808418039,1,466.7988083033106,,466.7988083033106,1,985.5102795296192,,985.5102795296192,1
3.09,-0.0977735161860164,,-0.0977735161860164,1,67.49585285991891,,67.49585285991891,1,0.0666666666666591,,0.0666666666666591,1,0.4666666666666142,,0.4666666666666142,1,-0.2537919485084043,,-0.2537919485084043,1,-0.1253250698505676,,-0.1253250698505676,1,16.799689887572082,,16.799689887572082,1,33.71855549225775,,33.71855549225775,1,413.5382463361073,,413.5382463361073,1,865.6431950366306,,865.6431950366306,1
3.1,-0.0850001156196749,,-0.0850001156196749,1,67.13455690123646,,67.13455690123646,1,0.0666666666666591,,0.0666666666666591,1,0.0666666666666591,,0.0666666666666591,1,-0.1947310726438357,,-0.1947310726438357,1,-0.0004664985657325,,-0.0004664985657325,1,16.406903306788095,,16.406903306788095,1,34.72930607204418,,34.72930607204418,1,430.3738336834299,,430.3738336834299,1,913.6092267720926,,913.6092267720926,1
3.11,-0.0616805918942607,,-0.0616805918942607,1,62.69938508013314,,62.69938508013314,1,0.3333333333332959,,0.3333333333332959,1,0.0666666666666591,,0.0666666666666591,1,-0.2151991703869697,,-0.2151991703869697,1,-0.1230676678079365,,-0.1230676678079365,1,17.261685027444475,,17.261685027444475,1,35.68976390159656,,35.68976390159656,1,452.9027212055326,,452.9027212055326,1,961.4998629296576,,961.4998629296576,1
3.12,-0.0824011708437718,,-0.0824011708437718,1,67.54984745445168,,67.54984745445168,1,0.0666666666666591,,0.0666666666666591,1,0.0666666666666591,,0.0666666666666591,1,-0.2562952103730443,,-0.2562952103730443,1,-0.0681421106538248,,-0.0681421106538248,1,17.575296855589126,,17.575296855589126,1,35.91852839912378,,35.91852839912378,1,458.24129538202254,,458.24129538202254,1,976.1656363272356,,976.1656363272356,1
3.13,-0.0874668644965071,,-0.0874668644965071,1,64.53310013710946,,64.53310013710946,1,0.0666666666666591,,0.0666666666666591,1,0.0666666666666591,,0.0666666666666591,1,-0.2658298710886025,,-0.2658298710886025,1,-0.1276563238738663,,-0.1276563238738663,1,17.627858421259546,,17.627858421259546,1,35.684054635273945,,35.684054635273945,1,456.82163471976753,,456.82163471976753,1,975.2467836728324,,975.2467836728324,1
3.14,-0.0731698339647985,,-0.0731698339647985,1,62.78738439546757,,62.78738439546757,1,0.0666666666666591,,0.0666666666666591,1,0.0666666666666591,,0.0666666666666591,1,-0.2528198503338491,,-0.2528198503338491,1,-0.0296067047655091,,-0.0296067047655091,1,17.682256090525048,,17.682256090525048,1,35.5072922882704,,35.5072922882704,1,449.8530367890526,,449.8530367890526,1,961.9819915223368,,961.9819915223368,1
3.15,-0.0767305784053539,,-0.0767305784053539,1,62.37265847956682,,62.37265847956682,1,0.0666666666666591,,0.0666666666666591,1,0.0666666666666591,,0.0666666666666591,1,-0.187619162473811,,-0.187619162473811,1,-0.0700383567873062,,-0.0700383567873062,1,17.638048697463237,,17.638048697463237,1,35.1587641082432,,35.1587641082432,1,442.7692434789155,,442.7692434789155,1,944.902453393632,,944.902453393632,1
3.16,-0.0926489837788556,,-0.0926489837788556,1,60.59035407042295,,60.59035407042295,1,0.1999999999999775,,0.1999999999999775,1,0.2666666666666367,,0.2666666666666367,1,-0.0954915400338061,,-0.0954915400338061,1,-0.108881627192018,,-0.108881627192018,1,17.552020464484187,,17.552020464484187,1,34.88945829307907,,34.88945829307907,1,436.8215603948475,,436.8215603948475,1,930.2722893443804,,930.2722893443804,1
3.17,-0.0736582270906621,,-0.0736582270906621,1,63.05172405274317,,63.05172405274317,1,0.3333333333332959,,0.3333333333332959,1,0.0666666666666591,,0.0666666666666591,1,-0.2335268968336272,,-0.2335268968336272,1,0.041420880598072,,0.041420880598072,1,17.41457653776823,,17.41457653776823,1,35.338527935146224,,35.338527935146224,1,452.0432775522849,,452.0432775522849,1,956.8393383829087,,956.8393383829087,1
3.18,-0.0938223467735722,,-0.0938223467735722,1,65.17945402858794,,65.17945402858794,1,0.0666666666666591,,0.0666666666666591,1,0.0666666666666591,,0.0666666666666591,1,-0.0681990173201437,,-0.0681990173201437,1,-0.0918954599414747,,-0.0918954599414747,1,17.29094795713267,,17.29094795713267,1,35.5930699164487,,35.5930699164487,1,458.6416958960744,,458.6416958960744,1,968.44442218648,,968.44442218648,1
3.19,-0.0871775665106597,,-0.0871775665106597,1,65.74041487267576,,65.74041487267576,1,0.0666666666666591,,0.0666666666666591,1,0.0666666666666591,,0.0666666666666591,1,-0.0325624015762427,,-0.0325624015762427,1,-0.0860916791944816,,-0.0860916791944816,1,17.15337180557483,,17.15337180557483,1,33.588271467547365,,33.588271467547365,1,413.5834718085129,,413.5834718085129,1,865.7898446970613,,865.7898446970613,1
3.2,-0.094973155965613,,-0.094973155965613,1,65.07483129124884,,65.07483129124884,1,0.0666666666666591,,0.0666666666666591,1,0.1333333333333183,,0.1333333333333183,1,-0.292516053546285,,-0.292516053546285,1,-0.200404784329946,,-0.200404784329946,1,17.050043837825374,,17.050043837825374,1,35.836619566136704,,35.836619566136704,1,468.6257012174854,,468.6257012174854,1,988.6400667911734,,988.6400667911734,1
3.21,-0.0849680008476431,,-0.0849680008476431,1,64.7695175718963,,64.7695175718963,1,0.0666666666666591,,0.0666666666666591,1,0.1333333333333183,,0.1333333333333183,1,-0.2398652405234356,,-0.2398652405234356,1,0.0237902194886151,,0.0237902194886151,1,16.81779579036026,,16.81779579036026,1,32.670291106613135,,32.670291106613135,1,388.09584433256987,,388.09584433256987,1,824.9384154548906,,824.9384154548906,1
3.22,-0.079305765351987,,-0.079305765351987,1,66.04711059840787,,66.04711059840787,1,0.0666666666666591,,0.0666666666666591,1,0.0666666666666591,,0.0666666666666591,1,-0.2123985928245171,,-0.2123985928245171,1,-0.1516270418195582,,-0.1516270418195582,1,16.668463873124743,,16.668463873124743,1,34.5499739546147,,34.5499739546147,1,430.4652753577189,,430.4652753577189,1,915.2837249416287,,915.2837249416287,1
3.23,-0.0822299155550741,,-0.0822299155550741,1,67.8461629907371,,67.8461629907371,1,0.0666666666666591,,0.0666666666666591,1,0.1999999999999775,,0.1999999999999775,1,-0.2367056847607768,,-0.2367056847607768,1,0.0848332575537672,,0.0848332575537672,1,16.48849132323182,,16.48849132323182,1,34.988621226440955,,34.988621226440955,1,446.3540853965843,,446.3540853965843,1,937.5330429229554,,937.5330429229554,1
3.24,-0.0672502430909087,,-0.0672502430909087,1,62.00455079743968,,62.00455079743968,1,0.0666666666666591,,0.0666666666666591,1,0.1999999999999775,,0.1999999999999775,1,-0.2069945537907978,,-0.2069945537907978,1,-0.1024438542193713,,-0.1024438542193713,1,16.535426171370002,,16.535426171370002,1,35.98340608167374,,35.98340608167374,1,471.6477441522348,,471.6477441522348,1,991.3497171518466,,991.3497171518466,1
3.25,-0.0860694194844371,,-0.0860694194844371,1,66.93497384946357,,66.93497384946357,1,0.1333333333333183,,0.1333333333333183,1,0.0666666666666591,,0.0666666666666591,1,-0.2526754906112551,,-0.2526754906112551,1,-0.1470239759282038,,-0.1470239759282038,1,17.33807243854833,,17.33807243854833,1,36.88619896702833,,36.88619896702833,1,498.4995589770046,,498.4995589770046,1,1054.057510935471,,1054.057510935471,1
3.26,-0.0860229995997117,,-0.0860229995997117,1,65.70360445661534,,65.70360445661534,1,0.0666666666666591,,0.0666666666666591,1,0.1999999999999775,,0.1999999999999775,1,-0.0306375697491186,,-0.0306375697491186,1,0.0015495215042877,,0.0015495215042877,1,16.289774365441613,,16.289774365441613,1,33.727158057523695,,33.727158057523695,1,413.9406291207252,,413.9406291207252,1,874.4686447568965,,874.4686447568965,1
3.27,-0.0677321019717233,,-0.0677321019717233,1,66.219999612317,,66.219999612317,1,0.3333333333332959,,0.3333333333332959,1,0.0666666666666591,,0.0666666666666591,1,-0.1888935304128576,,-0.1888935304128576,1,0.1328356334407061,,0.1328356334407061,1,16.8732414601157,,16.8732414601157,1,33.74359249399483,,33.74359249399483,1,426.72129224981074,,426.72129224981074,1,890.8935149887444,,890.8935149887444,1
3.28,-0.0779708324435612,,-0.0779708324435612,1,66.6978941767464,,66.6978941767464,1,0.0666666666666591,,0.0666666666666591,1,0.0666666666666591,,0.0666666666666591,1,-0.2641139318518344,,-0.2641139318518344,1,-0.0708150699913469,,-0.0708150699913469,1,16.790800988452947,,16.790800988452947,1,36.355014091676615,,36.355014091676615,1,479.7923193434157,,479.7923193434157,1,1012.8434023056252,,1012.8434023056252,1
3.29,-0.0763538820354021,,-0.0763538820354021,1,60.86346680484844,,60.86346680484844,1,0.1333333333333183,,0.1333333333333183,1,0.0666666666666591,,0.0666666666666591,1,-0.3091935159981486,,-0.3091935159981486,1,0.036303772816287,,0.036303772816287,1,17.040059197401934,,17.040059197401934,1,36.56653653078365,,36.56653653078365,1,488.42371158325824,,488.42371158325824,1,1026.2073382376427,,1026.2073382376427,1
3.3000000000000003,-0.0721723606015287,,-0.0721723606015287,1,61.21915683402163,,61.21915683402163,1,0.1999999999999775,,0.1999999999999775,1,0.1999999999999775,,0.1999999999999775,1,-0.30863079485296,,-0.30863079485296,1,-0.022765626182645,,-0.022765626182645,1,17.207453823591443,,17.207453823591443,1,36.44812140397649,,36.44812140397649,1,489.6374624183364,,489.6374624183364,1,1032.6847932171893,,1032.6847932171893,1
3.31,-0.079604579852657,,-0.079604579852657,1,63.75938592627936,,63.75938592627936,1,0.1333333333333183,,0.1333333333333183,1,0.0666666666666591,,0.0666666666666591,1,0.0158129411395576,,0.0158129411395576,1,-0.1337851659150837,,-0.1337851659150837,1,15.874027247211556,,15.874027247211556,1,33.474149047643586,,33.474149047643586,1,411.2070004753262,,411.2070004753262,1,866.7455793364528,,866.7455793364528,1
3.3200000000000003,-0.0806229926451911,,-0.0806229926451911,1,66.12152522600834,,66.12152522600834,1,0.1999999999999775,,0.1999999999999775,1,0.1333333333333183,,0.1333333333333183,1,-0.2803480692047038,,-0.2803480692047038,1,0.019170932493627,,0.019170932493627,1,17.379070730256696,,17.379070730256696,1,36.89496161846021,,36.89496161846021,1,504.21930708112654,,504.21930708112654,1,1063.991232562679,,1063.991232562679,1
3.33,-0.0875320387273353,,-0.0875320387273353,1,63.50319660699361,,63.50319660699361,1,0.0666666666666591,,0.0666666666666591,1,0.0666666666666591,,0.0666666666666591,1,-0.0372583405225315,,-0.0372583405225315,1,-0.159124207335633,,-0.159124207335633,1,17.213013366640723,,17.213013366640723,1,37.10520750755727,,37.10520750755727,1,506.7559503390892,,506.7559503390892,1,1069.8205603097852,,1069.8205603097852,1
3.34,-0.0584097042429454,,-0.0584097042429454,1,66.57833504205654,,66.57833504205654,1,0.0666666666666591,,0.0666666666666591,1,0.1333333333333183,,0.1333333333333183,1,-0.2023420274653046,,-0.2023420274653046,1,-0.1328650971205123,,-0.1328650971205123,1,16.006052352662046,,16.006052352662046,1,35.32815134955859,,35.32815134955859,1,464.9811008986608,,464.9811008986608,1,973.9365721907844,,973.9365721907844,1
3.35,-0.0787294822101056,,-0.0787294822101056,1,64.6933639130823,,64.6933639130823,1,0.1333333333333183,,0.1333333333333183,1,0.0666666666666591,,0.0666666666666591,1,-0.2039161203596333,,-0.2039161203596333,1,-0.1266719219950638,,-0.1266719219950638,1,16.95080007609751,,16.95080007609751,1,36.56555266601266,,36.56555266601266,1,491.0687382355423,,491.0687382355423,1,1034.6522816581194,,1034.6522816581194,1
3.36,-0.0868091530907916,,-0.0868091530907916,1,65.12780482128751,,65.12780482128751,1,0.0666666666666591,,0.0666666666666591,1,0.1333333333333183,,0.1333333333333183,1,-0.1948900741771569,,-0.1948900741771569,1,-0.0939273469040823,,-0.0939273469040823,1,17.19613847774768,,17.19613847774768,1,36.449032891909326,,36.449032891909326,1,494.5741070570538,,494.5741070570538,1,1038.446933699337,,1038.446933699337,1
3.37,-0.0784747802226391,,-0.0784747802226391,1,66.488944957779,,66.488944957779,1,0.0666666666666591,,0.0666666666666591,1,0.0666666666666591,,0.0666666666666591,1,-0.1889964617586422,,-0.1889964617586422,1,0.0152205404290496,,0.0152205404290496,1,17.340171000938867,,17.340171000938867,1,36.57578670723319,,36.57578670723319,1,492.8922207039759,,492.8922207039759,1,1041.6989971338623,,1041.6989971338623,1
3.38,-0.0791963842980302,,-0.0791963842980302,1,66.63974201837553,,66.63974201837553,1,0.0666666666666591,,0.0666666666666591,1,0.0666666666666591,,0.0666666666666591,1,-0.0812815563983888,,-0.0812815563983888,1,-0.0905578584326837,,-0.0905578584326837,1,17.41853069010347,,17.41853069010347,1,35.97532382598224,,35.97532382598224,1,479.4608661880144,,479.4608661880144,1,1010.4565273868388,,1010.4565273868388,1
3.39,-0.0883531676963119,,-0.0883531676963119,1,67.93888054741296,,67.93888054741296,1,0.0666666666666591,,0.0666666666666591,1,0.0666666666666591,,0.0666666666666591,1,-0.2013139617925845,,-0.2013139617925845,1,0.0165897613079871,,0.0165897613079871,1,16.66441870676365,,16.66441870676365,1,34.36146874734628,,34.36146874734628,1,443.38631381905947,,443.38631381905947,1,925.7998428485524,,925.7998428485524,1
3.4,-0.0870062880946329,,-0.0870062880946329,1,67.2709816613602,,67.2709816613602,1,0.0666666666666591,,0.0666666666666591,1,0.0666666666666591,,0.0666666666666591,1,-0.0288298728947658,,-0.0288298728947658,1,-0.2164093862675591,,-0.2164093862675591,1,17.447397060866248,,17.447397060866248,1,37.35643452478309,,37.35643452478309,1,518.7491677825168,,518.7491677825168,1,1095.177665041754,,1095.177665041754,1
3.41,-0.0712476588614785,,-0.0712476588614785,1,65.39497857225416,,65.39497857225416,1,0.0666666666666591,,0.0666666666666591,1,0.0666666666666591,,0.0666666666666591,1,-0.0230667785483107,,-0.0230667785483107,1,0.1167928451915953,,0.1167928451915953,1,17.515755454653814,,17.515755454653814,1,34.28669760315504,,34.28669760315504,1,447.6813571888527,,447.6813571888527,1,932.6697730141376,,932.6697730141376,1
3.42,-0.0747696153398534,,-0.0747696153398534,1,65.02017844325567,,65.02017844325567,1,0.2666666666666367,,0.2666666666666367,1,0.0666666666666591,,0.0666666666666591,1,-0.200691758541283,,-0.200691758541283,1,-0.109457969317239,,-0.109457969317239,1,17.934003177260948,,17.934003177260948,1,35.251739919466004,,35.251739919466004,1,463.45406414119225,,463.45406414119225,1,987.575876289169,,987.575876289169,1
3.43,-0.0709498647075861,,-0.0709498647075861,1,63.9284951769151,,63.9284951769151,1,0.3333333333332959,,0.3333333333332959,1,0.1999999999999775,,0.1999999999999775,1,-0.020151159559013,,-0.020151159559013,1,-0.0459657758022089,,-0.0459657758022089,1,17.94989063035255,,17.94989063035255,1,36.05832429439154,,36.05832429439154,1,479.4347463841037,,479.4347463841037,1,1016.474864245544,,1016.474864245544,1
3.44,-0.0851028833139379,,-0.0851028833139379,1,69.17772524661137,,69.17772524661137,1,0.0666666666666591,,0.0666666666666591,1,0.1999999999999775,,0.1999999999999775,1,-0.2694982668752532,,-0.2694982668752532,1,-0.0359218755538129,,-0.0359218755538129,1,17.99930270906596,,17.99930270906596,1,37.35719810982413,,37.35719810982413,1,517.6604048181331,,517.6604048181331,1,1096.47558388491,,1096.47558388491,1
3.45,-0.0687773516456001,,-0.0687773516456001,1,65.83652618344232,,65.83652618344232,1,0.3333333333332959,,0.3333333333332959,1,0.1333333333333183,,0.1333333333333183,1,-0.2076854733942754,,-0.2076854733942754,1,0.0516799972833459,,0.0516799972833459,1,16.654066642835808,,16.654066642835808,1,36.17429584960694,,36.17429584960694,1,496.8702314436543,,496.8702314436543,1,1039.715219463241,,1039.715219463241,1
3.46,-0.0819714700849132,,-0.0819714700849132,1,63.04576052244201,,63.04576052244201,1,0.0666666666666591,,0.0666666666666591,1,0.0666666666666591,,0.0666666666666591,1,-0.2074699547289811,,-0.2074699547289811,1,0.0088916612637185,,0.0088916612637185,1,17.772099270836495,,17.772099270836495,1,36.89482979707226,,36.89482979707226,1,509.0088504537469,,509.0088504537469,1,1076.9435877743358,,1076.9435877743358,1
3.47,-0.077873892851499,,-0.077873892851499,1,65.90076433292879,,65.90076433292879,1,0.0666666666666591,,0.0666666666666591,1,0.1333333333333183,,0.1333333333333183,1,-0.1720775344517374,,-0.1720775344517374,1,-0.1550331794476179,,-0.1550331794476179,1,17.394381375277945,,17.394381375277945,1,35.40083506175378,,35.40083506175378,1,479.2309131516084,,479.2309131516084,1,1000.2389531709152,,1000.2389531709152,1
3.48,-0.0732529099086195,,-0.0732529099086195,1,65.49294852332578,,65.49294852332578,1,0.1999999999999775,,0.1999999999999775,1,0.0666666666666591,,0.0666666666666591,1,-0.2526396870565602,,-0.2526396870565602,1,-0.1033138813359055,,-0.1033138813359055,1,16.79466827317724,,16.79466827317724,1,35.07907069415745,,35.07907069415745,1,470.24094080010735,,470.24094080010735,1,984.2477760822292,,984.2477760822292,1
3.49,-0.0739395366368899,,-0.0739395366368899,1,67.53153026072711,,67.53153026072711,1,0.0666666666666591,,0.0666666666666591,1,0.1333333333333183,,0.1333333333333183,1,-0.2787798636317279,,-0.2787798636317279,1,-0.1814013949722982,,-0.1814013949722982,1,16.742706171024494,,16.742706171024494,1,34.40778978435626,,34.40778978435626,1,453.5449997477855,,453.5449997477855,1,946.2124460722774,,946.2124460722774,1
3.5,-0.0756255600115195,,-0.0756255600115195,1,67.81943921195396,,67.81943921195396,1,0.1333333333333183,,0.1333333333333183,1,0.1999999999999775,,0.1999999999999775,1,0.0304933752463054,,0.0304933752463054,1,-0.1322794221780721,,-0.1322794221780721,1,16.356125010233015,,16.356125010233015,1,35.616471268005185,,35.616471268005185,1,481.3347193448963,,481.3347193448963,1,1007.5269796591748,,1007.5269796591748,1
3.51,-0.0713829167981414,,-0.0713829167981414,1,64.22559234766902,,64.22559234766902,1,0.0666666666666591,,0.0666666666666591,1,0.0666666666666591,,0.0666666666666591,1,-0.0104463866556711,,-0.0104463866556711,1,-0.1189018831927887,,-0.1189018831927887,1,17.849787455896077,,17.849787455896077,1,37.30851607383142,,37.30851607383142,1,520.8994993562576,,520.8994993562576,1,1099.9453265253633,,1099.9453265253633,1
3.52,-0.06731671125583,,-0.06731671125583,1,62.33786035341197,,62.33786035341197,1,0.0666666666666591,,0.0666666666666591,1,0.0666666666666591,,0.0666666666666591,1,-0.2714011139805962,,-0.2714011139805962,1,-0.1295220974559846,,-0.1295220974559846,1,18.04889801092055,,18.04889801092055,1,35.45894302700716,,35.45894302700716,1,468.8788673958527,,468.8788673958527,1,997.1759101208984,,997.1759101208984,1
3.53,-0.0553924376195743,,-0.0553924376195743,1,65.26410814415242,,65.26410814415242,1,0.0666666666666591,,0.0666666666666591,1,0.0666666666666591,,0.0666666666666591,1,-0.2339120437240284,,-0.2339120437240284,1,-0.17142768672147,,-0.17142768672147,1,17.498279196811808,,17.498279196811808,1,37.19667985675493,,37.19667985675493,1,522.5295109467953,,522.5295109467953,1,1101.3268972854792,,1101.3268972854792,1
3.54,-0.067606777019798,,-0.067606777019798,1,60.45216212709056,,60.45216212709056,1,0.0666666666666591,,0.0666666666666591,1,0.0666666666666591,,0.0666666666666591,1,-0.3119069684899483,,-0.3119069684899483,1,0.0207938734710801,,0.0207938734710801,1,18.182449219800308,,18.182449219800308,1,37.932471548739365,,37.932471548739365,1,540.9889439313688,,540.9889439313688,1,1143.808525913366,,1143.808525913366,1
3.5500000000000003,-0.0706305410373675,,-0.0706305410373675,1,61.79212273872505,,61.79212273872505,1,0.0666666666666591,,0.0666666666666591,1,0.0666666666666591,,0.0666666666666591,1,-0.1899959662522281,,-0.1899959662522281,1,-0.1535438374822837,,-0.1535438374822837,1,17.306550379257345,,17.306550379257345,1,37.2225658674461,,37.2225658674461,1,529.1907024517681,,529.1907024517681,1,1110.0425246235084,,1110.0425246235084,1
3.56,-0.0754751522181971,,-0.0754751522181971,1,66.32918935946967,,66.32918935946967,1,0.0666666666666591,,0.0666666666666591,1,0.0666666666666591,,0.0666666666666591,1,-0.2903174452316867,,-0.2903174452316867,1,-0.1730924325187152,,-0.1730924325187152,1,17.053561384820505,,17.053561384820505,1,33.62761056900714,,33.62761056900714,1,438.5142941921282,,438.5142941921282,1,911.4082735161372,,911.4082735161372,1
3.5700000000000003,-0.0701982772285062,,-0.0701982772285062,1,64.66964296017635,,64.66964296017635,1,0.0666666666666591,,0.0666666666666591,1,0.1333333333333183,,0.1333333333333183,1,-0.3042859736601334,,-0.3042859736601334,1,-0.2346519948797681,,-0.2346519948797681,1,17.620490798963772,,17.620490798963772,1,37.507451417002216,,37.507451417002216,1,534.2185713599729,,534.2185713599729,1,1126.0213061527277,,1126.0213061527277,1
3.58,-0.0650674161539753,,-0.0650674161539753,1,64.04910850752553,,64.04910850752553,1,0.0666666666666591,,0.0666666666666591,1,0.0666666666666591,,0.0666666666666591,1,-0.2711001518668762,,-0.2711001518668762,1,-0.1723064425677824,,-0.1723064425677824,1,17.46537959098557,,17.46537959098557,1,35.13007991933338,,35.13007991933338,1,480.0783949733273,,480.0783949733273,1,999.678371831903,,999.678371831903,1
3.59,-0.0714431707084196,,-0.0714431707084196,1,66.87877626150495,,66.87877626150495,1,0.0666666666666591,,0.0666666666666591,1,0.0666666666666591,,0.0666666666666591,1,-0.2980208775625468,,-0.2980208775625468,1,-0.2101714832463911,,-0.2101714832463911,1,16.47969847264032,,16.47969847264032,1,36.05298272438022,,36.05298272438022,1,498.9803366595192,,498.9803366595192,1,1043.040733305285,,1043.040733305285,1
3.6,-0.0702441969473826,,-0.0702441969473826,1,65.74376419173886,,65.74376419173886,1,0.0666666666666591,,0.0666666666666591,1,0.0666666666666591,,0.0666666666666591,1,-0.3866251407195771,,-0.3866251407195771,1,-0.2376666461968369,,-0.2376666461968369,1,17.884362389527162,,17.884362389527162,1,37.06240879004775,,37.06240879004775,1,521.1138786229159,,521.1138786229159,1,1102.9486694419409,,1102.9486694419409,1
3.61,-0.0737231451453143,,-0.0737231451453143,1,66.11400784143524,,66.11400784143524,1,0.0666666666666591,,0.0666666666666591,1,0.0666666666666591,,0.0666666666666591,1,-0.2765906721459356,,-0.2765906721459356,1,-0.1690776199368905,,-0.1690776199368905,1,15.986315855093634,,15.986315855093634,1,32.140627984658586,,32.140627984658586,1,407.5265804337965,,407.5265804337965,1,842.6049798979797,,842.6049798979797,1
3.62,-0.0669433199799426,,-0.0669433199799426,1,64.76240663045076,,64.76240663045076,1,0.0666666666666591,,0.0666666666666591,1,0.0666666666666591,,0.0666666666666591,1,-0.2642556804522326,,-0.2642556804522326,1,-0.1762863607863975,,-0.1762863607863975,1,17.287198584614714,,17.287198584614714,1,33.028595649940435,,33.028595649940435,1,416.90525286750665,,416.90525286750665,1,875.8020903375473,,875.8020903375473,1
3.63,-0.0720441125518101,,-0.0720441125518101,1,67.18491656837645,,67.18491656837645,1,0.0666666666666591,,0.0666666666666591,1,0.0666666666666591,,0.0666666666666591,1,-0.2878560427061851,,-0.2878560427061851,1,-0.1836821229321153,,-0.1836821229321153,1,17.974155575742948,,17.974155575742948,1,35.90544163777641,,35.90544163777641,1,493.7974378022728,,493.7974378022728,1,1031.514571622833,,1031.514571622833,1
3.64,-0.0814011439246255,,-0.0814011439246255,1,68.0886379245668,,68.0886379245668,1,0.0666666666666591,,0.0666666666666591,1,0.1333333333333183,,0.1333333333333183,1,-0.2986978935490141,,-0.2986978935490141,1,-0.2338301198545524,,-0.2338301198545524,1,17.892023117200893,,17.892023117200893,1,37.237466955977766,,37.237466955977766,1,534.3214154820586,,534.3214154820586,1,1120.537922313153,,1120.537922313153,1
3.65,-0.0696619973213507,,-0.0696619973213507,1,61.775356586244186,,61.775356586244186,1,0.0666666666666591,,0.0666666666666591,1,0.0666666666666591,,0.0666666666666591,1,-0.3432972822117269,,-0.3432972822117269,1,-0.17584279928577,,-0.17584279928577,1,17.690418902366076,,17.690418902366076,1,34.57397875986418,,34.57397875986418,1,465.1724360805927,,465.1724360805927,1,966.5489308333908,,966.5489308333908,1
3.66,-0.080641701095908,,-0.080641701095908,1,66.40931379845449,,66.40931379845449,1,0.0666666666666591,,0.0666666666666591,1,0.0666666666666591,,0.0666666666666591,1,-0.1990391487036392,,-0.1990391487036392,1,0.0614790233248968,,0.0614790233248968,1,17.86709409538011,,17.86709409538011,1,37.891446787743256,,37.891446787743256,1,547.8346429943725,,547.8346429943725,1,1151.397235873691,,1151.397235873691,1
3.67,-0.0704937544743734,,-0.0704937544743734,1,63.51219922650425,,63.51219922650425,1,0.0666666666666591,,0.0666666666666591,1,0.0666666666666591,,0.0666666666666591,1,-0.2966705841229128,,-0.2966705841229128,1,-0.1652584040374812,,-0.1652584040374812,1,17.926583079936798,,17.926583079936798,1,35.371108685114294,,35.371108685114294,1,476.0109194458758,,476.0109194458758,1,1001.3317829135108,,1001.3317829135108,1
3.68,-0.0615354718567761,,-0.0615354718567761,1,67.5991366878042,,67.5991366878042,1,0.0666666666666591,,0.0666666666666591,1,0.0666666666666591,,0.0666666666666591,1,-0.1722334914344868,,-0.1722334914344868,1,-0.0651084798242766,,-0.0651084798242766,1,18.060942249969056,,18.060942249969056,1,36.61255043904671,,36.61255043904671,1,509.0383256089905,,509.0383256089905,1,1075.1146422943507,,1075.1146422943507,1
3.69,-0.0757083538316424,,-0.0757083538316424,1,68.65971722306554,,68.65971722306554,1,0.0666666666666591,,0.0666666666666591,1,0.0666666666666591,,0.0666666666666591,1,-0.2437484506230533,,-0.2437484506230533,1,-0.1333421510397293,,-0.1333421510397293,1,17.938834243648497,,17.938834243648497,1,34.82522339627834,,34.82522339627834,1,478.5465980577908,,478.5465980577908,1,994.9164923417284,,994.9164923417284,1
3.7,-0.0789553212956381,,-0.0789553212956381,1,67.1420472807777,,67.1420472807777,1,0.0666666666666591,,0.0666666666666591,1,0.1999999999999775,,0.1999999999999775,1,-0.2329795883349465,,-0.2329795883349465,1,-0.20805178519296,,-0.20805178519296,1,17.63122525722936,,17.63122525722936,1,37.8826135597907,,37.8826135597907,1,554.5534368561636,,554.5534368561636,1,1162.9356952152768,,1162.9356952152768,1
3.71,-0.0698544227474941,,-0.0698544227474941,1,63.15402189603509,,63.15402189603509,1,0.0666666666666591,,0.0666666666666591,1,0.1333333333333183,,0.1333333333333183,1,-0.2384513643024959,,-0.2384513643024959,1,-0.1664014172826743,,-0.1664014172826743,1,18.018859919734137,,18.018859919734137,1,35.49646241061417,,35.49646241061417,1,496.55137846265904,,496.55137846265904,1,1032.55723407979,,1032.55723407979,1
3.72,-0.0787275318571743,,-0.0787275318571743,1,67.67617687412488,,67.67617687412488,1,0.0666666666666591,,0.0666666666666591,1,0.0666666666666591,,0.0666666666666591,1,-0.1670673279823221,,-0.1670673279823221,1,-0.1156316612625268,,-0.1156316612625268,1,18.20715964808094,,18.20715964808094,1,36.98757904314412,,36.98757904314412,1,528.5148274278357,,528.5148274278357,1,1114.1776621872352,,1114.1776621872352,1
3.73,-0.0768046975187007,,-0.0768046975187007,1,64.1146963269353,,64.1146963269353,1,0.0666666666666591,,0.0666666666666591,1,0.0666666666666591,,0.0666666666666591,1,-0.2657024708239944,,-0.2657024708239944,1,-0.1773178816170844,,-0.1773178816170844,1,17.910374350089057,,17.910374350089057,1,38.497518600102445,,38.497518600102445,1,571.8224397322067,,571.8224397322067,1,1201.638184069432,,1201.638184069432,1
3.74,-0.0736436128649784,,-0.0736436128649784,1,66.29359234807579,,66.29359234807579,1,0.0666666666666591,,0.0666666666666591,1,0.1333333333333183,,0.1333333333333183,1,-0.2847936723754174,,-0.2847936723754174,1,0.0016128945316232,,0.0016128945316232,1,18.31465102368705,,18.31465102368705,1,38.56905518489836,,38.56905518489836,1,574.4220399444583,,574.4220399444583,1,1207.300089936314,,1207.300089936314,1
3.75,-0.0778960283479245,,-0.0778960283479245,1,66.48281702220058,,66.48281702220058,1,0.1999999999999775,,0.1999999999999775,1,0.1333333333333183,,0.1333333333333183,1,-0.2951842879162511,,-0.2951842879162511,1,-0.114568588047576,,-0.114568588047576,1,17.484439314645797,,17.484439314645797,1,35.432302928899084,,35.432302928899084,1,487.1998840651302,,487.1998840651302,1,1020.9128256311676,,1020.9128256311676,1
3.76,-0.0714358424064196,,-0.0714358424064196,1,63.720052344505824,,63.720052344505824,1,0.0666666666666591,,0.0666666666666591,1,0.1999999999999775,,0.1999999999999775,1,-0.3300098098647576,,-0.3300098098647576,1,-0.1544989079224521,,-0.1544989079224521,1,17.57580987210369,,17.57580987210369,1,33.67963896390158,,33.67963896390158,1,441.4191521049776,,441.4191521049776,1,926.3531772246928,,926.3531772246928,1
3.77,-0.072129434679139,,-0.072129434679139,1,64.379871047065,,64.379871047065,1,0.0666666666666591,,0.0666666666666591,1,0.3333333333332959,,0.3333333333332959,1,-0.3092627054292275,,-0.3092627054292275,1,-0.1490606885197112,,-0.1490606885197112,1,18.20585937878969,,18.20585937878969,1,37.13779677969985,,37.13779677969985,1,533.5148179072585,,533.5148179072585,1,1123.299060138658,,1123.299060138658,1
3.78,-0.0917095908006183,,-0.0917095908006183,1,67.65512481553043,,67.65512481553043,1,0.0666666666666591,,0.0666666666666591,1,0.0666666666666591,,0.0666666666666591,1,-0.2925066748236906,,-0.2925066748236906,1,0.0129631886023375,,0.0129631886023375,1,17.78534787858755,,17.78534787858755,1,37.56784817699064,,37.56784817699064,1,549.32055639839,,549.32055639839,1,1153.3714306669342,,1153.3714306669342,1
3.79,-0.0665762378659571,,-0.0665762378659571,1,62.81825470254432,,62.81825470254432,1,0.0666666666666591,,0.0666666666666591,1,0.0666666666666591,,0.0666666666666591,1,-0.2475511482788575,,-0.2475511482788575,1,-0.0863114706087793,,-0.0863114706087793,1,17.742616664307796,,17.742616664307796,1,36.217073144958086,,36.217073144958086,1,507.2271956221088,,507.2271956221088,1,1061.817337326825,,1061.817337326825,1
3.8,-0.0890982120582152,,-0.0890982120582152,1,68.00428019592768,,68.00428019592768,1,0.0666666666666591,,0.0666666666666591,1,0.0666666666666591,,0.0666666666666591,1,-0.2640770016572821,,-0.2640770016572821,1,-0.1151360683218231,,-0.1151360683218231,1,18.31257950673401,,18.31257950673401,1,36.46542802896417,,36.46542802896417,1,520.2006639828994,,520.2006639828994,1,1092.6035566166645,,1092.6035566166645,1
3.81,-0.0536026717630404,,-0.0536026717630404,1,62.45354950622326,,62.45354950622326,1,0.0666666666666591,,0.0666666666666591,1,0.0666666666666591,,0.0666666666666591,1,-0.1853961318785353,,-0.1853961318785353,1,-0.088113128800182,,-0.088113128800182,1,13.961315699074069,,13.961315699074069,1,32.794868314115135,,32.794868314115135,1,432.46868605638656,,432.46868605638656,1,894.3199179977152,,894.3199179977152,1
3.82,-0.0688232259225944,,-0.0688232259225944,1,65.34611229804837,,65.34611229804837,1,0.0666666666666591,,0.0666666666666591,1,0.0666666666666591,,0.0666666666666591,1,-0.004185716675383,,-0.004185716675383,1,0.0379719635175156,,0.0379719635175156,1,18.234339370129327,,18.234339370129327,1,35.17388459613189,,35.17388459613189,1,476.0505046061432,,476.0505046061432,1,1011.2836322931938,,1011.2836322931938,1
3.83,-0.0694593561870788,,-0.0694593561870788,1,65.14609208642199,,65.14609208642199,1,0.1333333333333183,,0.1333333333333183,1,0.0666666666666591,,0.0666666666666591,1,-0.2840340799049829,,-0.2840340799049829,1,-0.1288898341173381,,-0.1288898341173381,1,17.58929581156134,,17.58929581156134,1,37.71076530143141,,37.71076530143141,1,561.1113579037299,,561.1113579037299,1,1170.436985121548,,1170.436985121548,1
3.84,-0.0770913777992195,,-0.0770913777992195,1,64.23341866886331,,64.23341866886331,1,0.0666666666666591,,0.0666666666666591,1,0.3333333333332959,,0.3333333333332959,1,-0.2082834130859021,,-0.2082834130859021,1,-0.1889188858458822,,-0.1889188858458822,1,18.55722032475662,,18.55722032475662,1,37.55528618824393,,37.55528618824393,1,548.6752684464109,,548.6752684464109,1,1158.9968095358,,1158.9968095358,1
3.85,-0.074323901271563,,-0.074323901271563,1,70.5525549982466,,70.5525549982466,1,0.1333333333333183,,0.1333333333333183,1,0.0666666666666591,,0.0666666666666591,1,-0.3367211235161976,,-0.3367211235161976,1,0.2076494010901274,,0.2076494010901274,1,17.8191993333778,,17.8191993333778,1,36.657032128567344,,36.657032128567344,1,522.6031535481548,,522.6031535481548,1,1095.6801313566646,,1095.6801313566646,1
3.86,-0.0784277024775306,,-0.0784277024775306,1,67.91754916533414,,67.91754916533414,1,0.0666666666666591,,0.0666666666666591,1,0.0666666666666591,,0.0666666666666591,1,-0.2905722440697859,,-0.2905722440697859,1,-0.1198829328644337,,-0.1198829328644337,1,18.6461931254228,,18.6461931254228,1,39.00849358120381,,39.00849358120381,1,593.6665515926736,,593.6665515926736,1,1249.1723558290485,,1249.1723558290485,1
3.87,-0.0692699462189556,,-0.0692699462189556,1,62.707841622868735,,62.707841622868735,1,0.0666666666666591,,0.0666666666666591,1,0.0666666666666591,,0.0666666666666591,1,-0.2871429515451479,,-0.2871429515451479,1,-0.1587198797377238,,-0.1587198797377238,1,17.802495754825305,,17.802495754825305,1,35.94097168938387,,35.94097168938387,1,511.4047864624585,,511.4047864624585,1,1066.217144148683,,1066.217144148683,1
3.88,-0.0656456020990007,,-0.0656456020990007,1,64.56797418854083,,64.56797418854083,1,0.0666666666666591,,0.0666666666666591,1,0.0666666666666591,,0.0666666666666591,1,-0.2841299408841298,,-0.2841299408841298,1,-0.1375274454715977,,-0.1375274454715977,1,18.107659685471823,,18.107659685471823,1,37.0336436546972,,37.0336436546972,1,540.8816099255037,,540.8816099255037,1,1135.6378331767592,,1135.6378331767592,1
3.89,-0.0767105862721794,,-0.0767105862721794,1,66.81569626381781,,66.81569626381781,1,0.0666666666666591,,0.0666666666666591,1,0.0666666666666591,,0.0666666666666591,1,0.0259670241801819,,0.0259670241801819,1,0.0387214657257521,,0.0387214657257521,1,18.837600731398403,,18.837600731398403,1,38.54753608040392,,38.54753608040392,1,581.124690445277,,581.124690445277,1,1223.374602360995,,1223.374602360995,1
3.9,-0.0824804500230043,,-0.0824804500230043,1,65.01258473106907,,65.01258473106907,1,0.0666666666666591,,0.0666666666666591,1,0.0666666666666591,,0.0666666666666591,1,-0.1919807594929394,,-0.1919807594929394,1,-0.0250529845304628,,-0.0250529845304628,1,18.97746806533639,,18.97746806533639,1,37.59578480637173,,37.59578480637173,1,551.8621889394643,,551.8621889394643,1,1168.2720652298392,,1168.2720652298392,1
3.91,-0.0750770642271157,,-0.0750770642271157,1,63.11337619679967,,63.11337619679967,1,0.1999999999999775,,0.1999999999999775,1,0.1333333333333183,,0.1333333333333183,1,-0.2594222466839086,,-0.2594222466839086,1,0.0099572486077181,,0.0099572486077181,1,19.021417564625708,,19.021417564625708,1,39.50867101703568,,39.50867101703568,1,611.6914288191681,,611.6914288191681,1,1287.0609931520426,,1287.0609931520426,1
3.92,-0.0671176515170993,,-0.0671176515170993,1,63.57711989266118,,63.57711989266118,1,0.1999999999999775,,0.1999999999999775,1,0.0666666666666591,,0.0666666666666591,1,-0.2673253106482157,,-0.2673253106482157,1,-0.1877760956079633,,-0.1877760956079633,1,18.57149024849135,,18.57149024849135,1,37.28099835804861,,37.28099835804861,1,547.6928295163902,,547.6928295163902,1,1150.1312411809995,,1150.1312411809995,1
3.93,-0.0625817066781123,,-0.0625817066781123,1,65.10142662119534,,65.10142662119534,1,0.3333333333332959,,0.3333333333332959,1,0.0666666666666591,,0.0666666666666591,1,-0.1887791219736815,,-0.1887791219736815,1,-0.1217441761576542,,-0.1217441761576542,1,17.566301890036875,,17.566301890036875,1,37.34892572740894,,37.34892572740894,1,552.5511872996985,,552.5511872996985,1,1154.063891654836,,1154.063891654836,1
3.94,-0.0861866897900256,,-0.0861866897900256,1,68.34607716597957,,68.34607716597957,1,0.0666666666666591,,0.0666666666666591,1,0.0666666666666591,,0.0666666666666591,1,-0.1177135117308408,,-0.1177135117308408,1,0.037041268058619,,0.037041268058619,1,18.47198579753995,,18.47198579753995,1,37.43340692206824,,37.43340692206824,1,552.9139234430365,,552.9139234430365,1,1165.499220274822,,1165.499220274822,1
3.95,-0.0749964360175264,,-0.0749964360175264,1,66.74744851028578,,66.74744851028578,1,0.0666666666666591,,0.0666666666666591,1,0.0666666666666591,,0.0666666666666591,1,-0.0230201926878681,,-0.0230201926878681,1,0.0945980115751997,,0.0945980115751997,1,17.994423661186424,,17.994423661186424,1,37.63469103824594,,37.63469103824594,1,561.0771074409801,,561.0771074409801,1,1176.1979786642023,,1176.1979786642023,1
3.96,-0.0795509400641183,,-0.0795509400641183,1,68.38619647616565,,68.38619647616565,1,0.1333333333333183,,0.1333333333333183,1,0.1333333333333183,,0.1333333333333183,1,-0.2112608678541241,,-0.2112608678541241,1,-0.0749228040392291,,-0.0749228040392291,1,18.39482607267825,,18.39482607267825,1,38.46968512026285,,38.46968512026285,1,585.7974464107085,,585.7974464107085,1,1226.7406903631252,,1226.7406903631252,1
3.97,-0.0779859062403709,,-0.0779859062403709,1,68.16976293992099,,68.16976293992099,1,0.3333333333332959,,0.3333333333332959,1,0.0666666666666591,,0.0666666666666591,1,-0.2292241117763857,,-0.2292241117763857,1,-0.1090599962650348,,-0.1090599962650348,1,18.15679579394449,,18.15679579394449,1,37.40809270409601,,37.40809270409601,1,555.9654364098556,,555.9654364098556,1,1164.0666360571536,,1164.0666360571536,1
3.98,-0.0885177135098549,,-0.0885177135098549,1,70.63824175777756,,70.63824175777756,1,0.0666666666666591,,0.0666666666666591,1,0.1999999999999775,,0.1999999999999775,1,-0.0439836775320961,,-0.0439836775320961,1,-0.135728254352868,,-0.135728254352868,1,18.37060504027418,,18.37060504027418,1,39.16588404026297,,39.16588404026297,1,607.8660894229196,,607.8660894229196,1,1273.5697120778025,,1273.5697120778025,1
3.99,-0.0740980472726031,,-0.0740980472726031,1,65.889376212409,,65.889376212409,1,0.3999999999999551,,0.3999999999999551,1,0.3999999999999551,,0.3999999999999551,1,-0.2112781551639762,,-0.2112781551639762,1,-0.0748103667070976,,-0.0748103667070976,1,19.0426509438008,,19.0426509438008,1,37.770453736275535,,37.770453736275535,1,564.4141285793065,,564.4141285793065,1,1192.8396643773692,,1192.8396643773692,1
4.0,-0.0660565277510386,,-0.0660565277510386,1,66.2549845188652,,66.2549845188652,1,0.0666666666666591,,0.0666666666666591,1,0.0666666666666591,,0.0666666666666591,1,-0.276603926224171,,-0.276603926224171,1,-0.0735030483974853,,-0.0735030483974853,1,18.63358376580184,,18.63358376580184,1,38.71123944816956,,38.71123944816956,1,592.4302854309292,,592.4302854309292,1,1246.96083682093,,1246.96083682093,1
4.01,-0.0868602005568035,,-0.0868602005568035,1,68.4356253286668,,68.4356253286668,1,0.1333333333333183,,0.1333333333333183,1,0.1333333333333183,,0.1333333333333183,1,-0.1002986373852755,,-0.1002986373852755,1,-0.1993385983133177,,-0.1993385983133177,1,17.967174950087383,,17.967174950087383,1,37.884044326821325,,37.884044326821325,1,574.6344368551228,,574.6344368551228,1,1199.0262744467136,,1199.0262744467136,1
4.0200000000000005,-0.0796635775541138,,-0.0796635775541138,1,63.739840940874274,,63.739840940874274,1,0.1333333333333183,,0.1333333333333183,1,0.1333333333333183,,0.1333333333333183,1,-0.0151954030159576,,-0.0151954030159576,1,-0.0733363319429796,,-0.0733363319429796,1,18.45363016709741,,18.45363016709741,1,36.308593519385326,,36.308593519385326,1,524.4474170152359,,524.4474170152359,1,1108.1013606985855,,1108.1013606985855,1
4.03,-0.069811939960546,,-0.069811939960546,1,69.09415576647521,,69.09415576647521,1,0.0666666666666591,,0.0666666666666591,1,0.0666666666666591,,0.0666666666666591,1,-0.2283276264795696,,-0.2283276264795696,1,-0.0134699929673468,,-0.0134699929673468,1,18.602562406600864,,18.602562406600864,1,38.336135514548936,,38.336135514548936,1,588.9920423062944,,588.9920423062944,1,1227.4036901215882,,1227.4036901215882,1
4.04,-0.0875422500459708,,-0.0875422500459708,1,66.71082432768435,,66.71082432768435,1,0.0666666666666591,,0.0666666666666591,1,0.1999999999999775,,0.1999999999999775,1,-0.0406368208967211,,-0.0406368208967211,1,-0.1727924236702243,,-0.1727924236702243,1,18.808705519929884,,18.808705519929884,1,39.65704414473896,,39.65704414473896,1,628.3732470411499,,628.3732470411499,1,1313.8329827930438,,1313.8329827930438,1
4.05,-0.0781995304266326,,-0.0781995304266326,1,64.55284416619281,,64.55284416619281,1,0.0666666666666591,,0.0666666666666591,1,0.1999999999999775,,0.1999999999999775,1,-0.2809842067996961,,-0.2809842067996961,1,-0.0933171456316558,,-0.0933171456316558,1,18.04933665356993,,18.04933665356993,1,38.0828215561228,,38.0828215561228,1,583.1658250438861,,583.1658250438861,1,1216.8528583271986,,1216.8528583271986,1
4.0600000000000005,-0.0806689326518162,,-0.0806689326518162,1,67.58402150529031,,67.58402150529031,1,0.0666666666666591,,0.0666666666666591,1,0.0666666666666591,,0.0666666666666591,1,-0.0325854628927287,,-0.0325854628927287,1,-0.1741872012934624,,-0.1741872012934624,1,18.77314346778056,,18.77314346778056,1,38.78091545912137,,38.78091545912137,1,601.1697137759614,,601.1697137759614,1,1259.1168076028705,,1259.1168076028705,1
4.07,-0.074233411680864,,-0.074233411680864,1,64.87341017555394,,64.87341017555394,1,0.0666666666666591,,0.0666666666666591,1,0.0666666666666591,,0.0666666666666591,1,-0.1236919537320496,,-0.1236919537320496,1,-0.1456975070858869,,-0.1456975070858869,1,18.974745973374127,,18.974745973374127,1,38.544348755638296,,38.544348755638296,1,596.7155490063994,,596.7155490063994,1,1245.7817453780854,,1245.7817453780854,1
4.08,-0.0808357920151537,,-0.0808357920151537,1,67.55278249836584,,67.55278249836584,1,0.1999999999999775,,0.1999999999999775,1,0.1999999999999775,,0.1999999999999775,1,-0.1019030543305069,,-0.1019030543305069,1,-0.0823337083724074,,-0.0823337083724074,1,18.805348545386178,,18.805348545386178,1,38.10279120687727,,38.10279120687727,1,581.7764546763411,,581.7764546763411,1,1220.757425613137,,1220.757425613137,1
4.09,-0.0871295050487768,,-0.0871295050487768,1,71.1514264060753,,71.1514264060753,1,0.0666666666666591,,0.0666666666666591,1,0.1999999999999775,,0.1999999999999775,1,-0.068877597948461,,-0.068877597948461,1,-0.1173681666515795,,-0.1173681666515795,1,18.970589901223818,,18.970589901223818,1,39.203369502265005,,39.203369502265005,1,614.8706941724929,,614.8706941724929,1,1287.055166352211,,1287.055166352211,1
4.1,-0.0712490019316036,,-0.0712490019316036,1,67.27694503832461,,67.27694503832461,1,0.0666666666666591,,0.0666666666666591,1,0.0666666666666591,,0.0666666666666591,1,-0.111882097475427,,-0.111882097475427,1,0.0419542097298674,,0.0419542097298674,1,19.133218330297584,,19.133218330297584,1,38.33142989376091,,38.33142989376091,1,589.4265357241595,,589.4265357241595,1,1239.2442818524532,,1239.2442818524532,1
4.11,-0.083668430856643,,-0.083668430856643,1,65.13734491353873,,65.13734491353873,1,0.0666666666666591,,0.0666666666666591,1,0.0666666666666591,,0.0666666666666591,1,-0.31439966980558,,-0.31439966980558,1,-0.1305428831655369,,-0.1305428831655369,1,19.262146107435857,,19.262146107435857,1,39.65328549040394,,39.65328549040394,1,629.549024594624,,629.549024594624,1,1321.4853900953733,,1321.4853900953733,1
4.12,-0.0876650510875392,,-0.0876650510875392,1,68.06343788544534,,68.06343788544534,1,0.1333333333333183,,0.1333333333333183,1,0.0666666666666591,,0.0666666666666591,1,-0.1660388899660024,,-0.1660388899660024,1,-0.1322431705851935,,-0.1322431705851935,1,19.290558681465946,,19.290558681465946,1,39.91847905458808,,39.91847905458808,1,640.5247653159736,,640.5247653159736,1,1340.2227675090676,,1340.2227675090676,1
4.13,-0.0702806697155943,,-0.0702806697155943,1,65.91024291541078,,65.91024291541078,1,0.1999999999999775,,0.1999999999999775,1,0.1999999999999775,,0.1999999999999775,1,-0.3321898513598191,,-0.3321898513598191,1,-0.1717887674769377,,-0.1717887674769377,1,19.268568020335533,,19.268568020335533,1,38.38581149159529,,38.38581149159529,1,594.4003377504342,,594.4003377504342,1,1240.7005374375597,,1240.7005374375597,1
4.14,-0.0723074083603523,,-0.0723074083603523,1,67.1664447032444,,67.1664447032444,1,0.3333333333332959,,0.3333333333332959,1,0.0666666666666591,,0.0666666666666591,1,-0.2236942949986313,,-0.2236942949986313,1,0.0414683296274667,,0.0414683296274667,1,19.25665942753537,,19.25665942753537,1,37.66549475680616,,37.66549475680616,1,571.2207439395089,,571.2207439395089,1,1206.0544879390864,,1206.0544879390864,1
4.15,-0.0702114143092545,,-0.0702114143092545,1,66.14324213294461,,66.14324213294461,1,0.0666666666666591,,0.0666666666666591,1,0.0666666666666591,,0.0666666666666591,1,-0.1899369845513568,,-0.1899369845513568,1,-0.0400069508136904,,-0.0400069508136904,1,19.23885057297833,,19.23885057297833,1,37.389237215995166,,37.389237215995166,1,562.456353241463,,562.456353241463,1,1188.2479354305704,,1188.2479354305704,1
4.16,-0.0717343120453903,,-0.0717343120453903,1,65.12130206565286,,65.12130206565286,1,0.3333333333332959,,0.3333333333332959,1,0.0666666666666591,,0.0666666666666591,1,-0.2367958318422762,,-0.2367958318422762,1,0.0234575357762485,,0.0234575357762485,1,19.16656134634063,,19.16656134634063,1,37.77051371191061,,37.77051371191061,1,575.3922126965616,,575.3922126965616,1,1213.3448513093283,,1213.3448513093283,1
4.17,-0.0809029938366821,,-0.0809029938366821,1,68.13963189415226,,68.13963189415226,1,0.0666666666666591,,0.0666666666666591,1,0.733333333333251,,0.733333333333251,1,-0.2465507664886149,,-0.2465507664886149,1,-0.0653586559076373,,-0.0653586559076373,1,18.97045572934972,,18.97045572934972,1,38.29669161398364,,38.29669161398364,1,596.7233434255464,,596.7233434255464,1,1243.5871856037504,,1243.5871856037504,1
4.18,-0.0746447201258776,,-0.0746447201258776,1,65.4465291181134,,65.4465291181134,1,0.0666666666666591,,0.0666666666666591,1,0.2666666666666367,,0.2666666666666367,1,-0.118544845408094,,-0.118544845408094,1,-0.0489823245295605,,-0.0489823245295605,1,19.10222068659125,,19.10222068659125,1,39.42059403080909,,39.42059403080909,1,626.8452990682595,,626.8452990682595,1,1315.792251071579,,1315.792251071579,1
4.19,-0.0815208164465038,,-0.0815208164465038,1,62.31535444598912,,62.31535444598912,1,0.0666666666666591,,0.0666666666666591,1,0.5999999999999327,,0.5999999999999327,1,-0.2043740532413764,,-0.2043740532413764,1,-0.0947373982779086,,-0.0947373982779086,1,18.99651447045423,,18.99651447045423,1,37.92696759013451,,37.92696759013451,1,582.1773103503057,,582.1773103503057,1,1223.966533594457,,1223.966533594457,1
4.2,-0.0809637363588011,,-0.0809637363588011,1,68.76382903288808,,68.76382903288808,1,0.0666666666666591,,0.0666666666666591,1,0.1333333333333183,,0.1333333333333183,1,-0.2259674061810258,,-0.2259674061810258,1,-0.1798248254183784,,-0.1798248254183784,1,18.593385438639785,,18.593385438639785,1,39.77590230895551,,39.77590230895551,1,643.066864704804,,643.066864704804,1,1342.308604537896,,1342.308604537896,1
4.21,-0.0713955336803662,,-0.0713955336803662,1,68.0772128103474,,68.0772128103474,1,0.0666666666666591,,0.0666666666666591,1,0.0666666666666591,,0.0666666666666591,1,-0.2768060078138957,,-0.2768060078138957,1,-0.1239407281851818,,-0.1239407281851818,1,18.6609710593141,,18.6609710593141,1,37.35862326443365,,37.35862326443365,1,572.3816958900425,,572.3816958900425,1,1188.439162771676,,1188.439162771676,1
4.22,-0.0923438009404457,,-0.0923438009404457,1,73.32782558566157,,73.32782558566157,1,0.0666666666666591,,0.0666666666666591,1,0.0666666666666591,,0.0666666666666591,1,0.0088260010133618,,0.0088260010133618,1,0.0260555349636392,,0.0260555349636392,1,18.672009926824245,,18.672009926824245,1,39.59175900358126,,39.59175900358126,1,636.7649929487559,,636.7649929487559,1,1330.560175196939,,1330.560175196939,1
4.23,-0.0777545943670401,,-0.0777545943670401,1,64.66952492012794,,64.66952492012794,1,0.0666666666666591,,0.0666666666666591,1,0.0666666666666591,,0.0666666666666591,1,-0.2754051110761968,,-0.2754051110761968,1,-0.061011771763812,,-0.061011771763812,1,18.71979829023472,,18.71979829023472,1,39.16113182579775,,39.16113182579775,1,621.0996502680376,,621.0996502680376,1,1297.8796896638842,,1297.8796896638842,1
4.24,-0.0733104729990523,,-0.0733104729990523,1,64.47173489000542,,64.47173489000542,1,0.1333333333333183,,0.1333333333333183,1,0.0666666666666591,,0.0666666666666591,1,-0.2866085256117972,,-0.2866085256117972,1,-0.1657866451445891,,-0.1657866451445891,1,18.78229983436441,,18.78229983436441,1,36.71796533505582,,36.71796533505582,1,554.7854109992567,,554.7854109992567,1,1151.5245993458784,,1151.5245993458784,1
4.25,-0.0579383695508148,,-0.0579383695508148,1,64.02798638135216,,64.02798638135216,1,0.3333333333332959,,0.3333333333332959,1,0.0666666666666591,,0.0666666666666591,1,-0.2163698065271752,,-0.2163698065271752,1,0.084734974563432,,0.084734974563432,1,19.322194959374983,,19.322194959374983,1,37.96590947407637,,37.96590947407637,1,583.6864158039091,,583.6864158039091,1,1231.8786208216209,,1231.8786208216209,1
4.26,-0.07886968223989,,-0.07886968223989,1,66.14554873011161,,66.14554873011161,1,0.0666666666666591,,0.0666666666666591,1,0.1333333333333183,,0.1333333333333183,1,-0.2045242569263382,,-0.2045242569263382,1,-0.1612636206078387,,-0.1612636206078387,1,19.478977624961058,,19.478977624961058,1,39.834760823978975,,39.834760823978975,1,647.2927634078011,,647.2927634078011,1,1353.3851415375016,,1353.3851415375016,1
4.2700000000000005,-0.0630743033756824,,-0.0630743033756824,1,65.67461678023335,,65.67461678023335,1,0.2666666666666367,,0.2666666666666367,1,0.3333333333332959,,0.3333333333332959,1,-0.1796527219310633,,-0.1796527219310633,1,-0.0680452116805617,,-0.0680452116805617,1,18.23692316024077,,18.23692316024077,1,38.76290898935138,,38.76290898935138,1,618.5987077757861,,618.5987077757861,1,1286.5944767796811,,1286.5944767796811,1
4.28,-0.064326452529862,,-0.064326452529862,1,64.13715620064606,,64.13715620064606,1,0.0666666666666591,,0.0666666666666591,1,0.0666666666666591,,0.0666666666666591,1,-0.0297945755577699,,-0.0297945755577699,1,0.0011846802387957,,0.0011846802387957,1,17.535558222411662,,17.535558222411662,1,38.90196888578843,,38.90196888578843,1,624.3957555688229,,624.3957555688229,1,1296.2365809910773,,1296.2365809910773,1
4.29,-0.0700910387901814,,-0.0700910387901814,1,65.85411658708182,,65.85411658708182,1,0.1333333333333183,,0.1333333333333183,1,0.1333333333333183,,0.1333333333333183,1,-0.2913289410655024,,-0.2913289410655024,1,-0.1967973347498829,,-0.1967973347498829,1,19.446035856824206,,19.446035856824206,1,40.42230516072336,,40.42230516072336,1,667.6975414203931,,667.6975414203931,1,1399.2240967170903,,1399.2240967170903,1
4.3,-0.0513208988450716,,-0.0513208988450716,1,63.34451621343926,,63.34451621343926,1,0.0666666666666591,,0.0666666666666591,1,0.3333333333332959,,0.3333333333332959,1,-0.1056058699350777,,-0.1056058699350777,1,-0.0874496762060957,,-0.0874496762060957,1,19.36845125403945,,19.36845125403945,1,38.36561719186543,,38.36561719186543,1,605.7179798353636,,605.7179798353636,1,1258.7221310295815,,1258.7221310295815,1
4.3100000000000005,-0.0699072221716655,,-0.0699072221716655,1,66.2111666925424,,66.2111666925424,1,0.1999999999999775,,0.1999999999999775,1,0.0666666666666591,,0.0666666666666591,1,-0.3066971676366217,,-0.3066971676366217,1,-0.1988439049063026,,-0.1988439049063026,1,19.56814901010157,,19.56814901010157,1,40.13527960959938,,40.13527960959938,1,661.203047789846,,661.203047789846,1,1381.2249211736894,,1381.2249211736894,1
4.32,-0.0481947586129346,,-0.0481947586129346,1,65.97190694242099,,65.97190694242099,1,0.3333333333332959,,0.3333333333332959,1,0.0666666666666591,,0.0666666666666591,1,-0.1818458118041737,,-0.1818458118041737,1,-0.0558384311244983,,-0.0558384311244983,1,16.554731327664147,,16.554731327664147,1,37.74743008038858,,37.74743008038858,1,592.8853831659227,,592.8853831659227,1,1230.1500383134978,,1230.1500383134978,1
4.33,-0.0584938205941332,,-0.0584938205941332,1,66.9799868111047,,66.9799868111047,1,0.0666666666666591,,0.0666666666666591,1,0.0666666666666591,,0.0666666666666591,1,-0.2918361018352811,,-0.2918361018352811,1,-0.0705712741429447,,-0.0705712741429447,1,19.491916599873967,,19.491916599873967,1,40.072145513918514,,40.072145513918514,1,658.4087109758833,,658.4087109758833,1,1379.533240776234,,1379.533240776234,1
4.34,-0.0581523417017032,,-0.0581523417017032,1,65.39357900924938,,65.39357900924938,1,0.2666666666666367,,0.2666666666666367,1,0.1333333333333183,,0.1333333333333183,1,-0.1790612196460046,,-0.1790612196460046,1,-0.1242376109675336,,-0.1242376109675336,1,18.35204742092165,,18.35204742092165,1,39.91504484583969,,39.91504484583969,1,656.5522250862807,,656.5522250862807,1,1369.906638342092,,1369.906638342092,1
4.3500000000000005,-0.0619518064876899,,-0.0619518064876899,1,68.46564243366402,,68.46564243366402,1,0.1333333333333183,,0.1333333333333183,1,0.1999999999999775,,0.1999999999999775,1,-0.2295574557260081,,-0.2295574557260081,1,-0.0600201311664512,,-0.0600201311664512,1,19.12287627015951,,19.12287627015951,1,36.7573305919295,,36.7573305919295,1,568.8157449645623,,568.8157449645623,1,1175.747289072789,,1175.747289072789,1
4.36,-0.0721079740075155,,-0.0721079740075155,1,68.31792912342956,,68.31792912342956,1,0.0666666666666591,,0.0666666666666591,1,0.0666666666666591,,0.0666666666666591,1,-0.2312354028591065,,-0.2312354028591065,1,0.0258983417633615,,0.0258983417633615,1,19.529920527713685,,19.529920527713685,1,39.51633377247625,,39.51633377247625,1,645.4870391752843,,645.4870391752843,1,1344.9515612030875,,1344.9515612030875,1
4.37,-0.0643051748504917,,-0.0643051748504917,1,66.19052422908827,,66.19052422908827,1,0.1333333333333183,,0.1333333333333183,1,0.1333333333333183,,0.1333333333333183,1,-0.2343811232981504,,-0.2343811232981504,1,-0.0589677158386758,,-0.0589677158386758,1,18.83792063495613,,18.83792063495613,1,39.44239542147171,,39.44239542147171,1,637.9143025828301,,637.9143025828301,1,1335.2219256353123,,1335.2219256353123,1
4.38,-0.0718487929562858,,-0.0718487929562858,1,67.6882011172149,,67.6882011172149,1,0.0666666666666591,,0.0666666666666591,1,0.0666666666666591,,0.0666666666666591,1,-0.0543489026778748,,-0.0543489026778748,1,-0.0381097914528097,,-0.0381097914528097,1,17.769829871849275,,17.769829871849275,1,39.56502958442667,,39.56502958442667,1,650.9984264977816,,650.9984264977816,1,1353.5957281307938,,1353.5957281307938,1
4.39,-0.0643119227091447,,-0.0643119227091447,1,67.98043829288214,,67.98043829288214,1,0.3333333333332959,,0.3333333333332959,1,0.0666666666666591,,0.0666666666666591,1,-0.1974160690724994,,-0.1974160690724994,1,-0.2074069096899634,,-0.2074069096899634,1,19.652485421754328,,19.652485421754328,1,41.11265685074646,,41.11265685074646,1,699.2596529020755,,699.2596529020755,1,1463.079497988101,,1463.079497988101,1
4.4,-0.068770628106506,,-0.068770628106506,1,67.78491960135584,,67.78491960135584,1,0.0666666666666591,,0.0666666666666591,1,0.0666666666666591,,0.0666666666666591,1,-0.1452131029441661,,-0.1452131029441661,1,-0.0422402714660512,,-0.0422402714660512,1,19.612367028745226,,19.612367028745226,1,40.42306650890705,,40.42306650890705,1,676.0311026632592,,676.0311026632592,1,1414.2875266972303,,1414.2875266972303,1
4.41,-0.0694023175012858,,-0.0694023175012858,1,63.72222045717642,,63.72222045717642,1,0.0666666666666591,,0.0666666666666591,1,0.1333333333333183,,0.1333333333333183,1,-0.2384790796164906,,-0.2384790796164906,1,0.0372886496964009,,0.0372886496964009,1,19.23006586777992,,19.23006586777992,1,39.819464829173,,39.819464829173,1,660.3446368707695,,660.3446368707695,1,1374.0734388447104,,1374.0734388447104,1
4.42,-0.0589119104648394,,-0.0589119104648394,1,66.42990669378285,,66.42990669378285,1,0.2666666666666367,,0.2666666666666367,1,0.0666666666666591,,0.0666666666666591,1,-0.1814566756996461,,-0.1814566756996461,1,-0.0603014088788071,,-0.0603014088788071,1,19.04851663626836,,19.04851663626836,1,40.04062737923382,,40.04062737923382,1,666.4562007683289,,666.4562007683289,1,1389.663141373179,,1389.663141373179,1
4.43,-0.0711819413837924,,-0.0711819413837924,1,66.7077469514868,,66.7077469514868,1,0.2666666666666367,,0.2666666666666367,1,0.0666666666666591,,0.0666666666666591,1,-0.1998255949342103,,-0.1998255949342103,1,-0.1152668092473651,,-0.1152668092473651,1,19.88637993252649,,19.88637993252649,1,39.40642761849376,,39.40642761849376,1,640.8081285842269,,640.8081285842269,1,1347.2321007635917,,1347.2321007635917,1
4.44,-0.0633980656468278,,-0.0633980656468278,1,66.1514508362225,,66.1514508362225,1,0.1333333333333183,,0.1333333333333183,1,0.0666666666666591,,0.0666666666666591,1,-0.0008794797858756,,-0.0008794797858756,1,-0.0075817966526428,,-0.0075817966526428,1,18.34832493686091,,18.34832493686091,1,38.15663960089535,,38.15663960089535,1,604.1077239431371,,604.1077239431371,1,1255.0668274369157,,1255.0668274369157,1
4.45,-0.0791691435663363,,-0.0791691435663363,1,70.59274045079229,,70.59274045079229,1,0.1333333333333183,,0.1333333333333183,1,0.1999999999999775,,0.1999999999999775,1,-0.018288076663147,,-0.018288076663147,1,-0.1533245511513138,,-0.1533245511513138,1,19.14883664660157,,19.14883664660157,1,40.0213131288924,,40.0213131288924,1,661.7320717350777,,661.7320717350777,1,1387.9985694504046,,1387.9985694504046,1
4.46,-0.0769349844395664,,-0.0769349844395664,1,69.92972429270199,,69.92972429270199,1,0.1333333333333183,,0.1333333333333183,1,0.0666666666666591,,0.0666666666666591,1,-0.2033494474163361,,-0.2033494474163361,1,0.0598730664170552,,0.0598730664170552,1,18.48899908872168,,18.48899908872168,1,37.96271807995627,,37.96271807995627,1,606.5493132006691,,606.5493132006691,1,1256.7554345672634,,1256.7554345672634,1
4.47,-0.0855459035739812,,-0.0855459035739812,1,71.73515280182198,,71.73515280182198,1,0.0666666666666591,,0.0666666666666591,1,0.0666666666666591,,0.0666666666666591,1,-0.2460706746267651,,-0.2460706746267651,1,-0.1076491498931479,,-0.1076491498931479,1,19.09949559645893,,19.09949559645893,1,40.10787888612015,,40.10787888612015,1,668.541487342394,,668.541487342394,1,1396.1579343512797,,1396.1579343512797,1
4.48,-0.0834136559979093,,-0.0834136559979093,1,69.88079892207372,,69.88079892207372,1,0.0666666666666591,,0.0666666666666591,1,0.0666666666666591,,0.0666666666666591,1,0.0215111042056581,,0.0215111042056581,1,-0.1645542309856422,,-0.1645542309856422,1,18.9750842980529,,18.9750842980529,1,40.89729953843425,,40.89729953843425,1,698.6003041463727,,698.6003041463727,1,1454.544884162563,,1454.544884162563,1
4.49,-0.0851896830202845,,-0.0851896830202845,1,70.2852816307214,,70.2852816307214,1,0.2666666666666367,,0.2666666666666367,1,0.2666666666666367,,0.2666666666666367,1,-0.2763506732222527,,-0.2763506732222527,1,-0.0631178822070716,,-0.0631178822070716,1,19.57837462096666,,19.57837462096666,1,40.459698285799256,,40.459698285799256,1,683.5646057102389,,683.5646057102389,1,1427.1913633716683,,1427.1913633716683,1
4.5,-0.0601044692082372,,-0.0601044692082372,1,65.34856320489027,,65.34856320489027,1,0.0666666666666591,,0.0666666666666591,1,0.1333333333333183,,0.1333333333333183,1,0.0233640813448679,,0.0233640813448679,1,0.1031301083838893,,0.1031301083838893,1,17.317898903870066,,17.317898903870066,1,39.06911612903349,,39.06911612903349,1,645.6275609032843,,645.6275609032843,1,1337.285212515989,,1337.285212515989,1
4.51,-0.0631783782914584,,-0.0631783782914584,1,64.93855317569589,,64.93855317569589,1,0.0666666666666591,,0.0666666666666591,1,0.1333333333333183,,0.1333333333333183,1,-0.2791353581655509,,-0.2791353581655509,1,-0.1236493945103954,,-0.1236493945103954,1,19.870963678931503,,19.870963678931503,1,40.36676100255424,,40.36676100255424,1,677.3332233947106,,677.3332233947106,1,1420.806399885082,,1420.806399885082,1
4.5200000000000005,-0.0710475773778443,,-0.0710475773778443,1,64.64336686919334,,64.64336686919334,1,0.1999999999999775,,0.1999999999999775,1,0.1333333333333183,,0.1333333333333183,1,-0.2925200675179555,,-0.2925200675179555,1,-0.1678385945927938,,-0.1678385945927938,1,19.166843265741868,,19.166843265741868,1,40.94024107158695,,40.94024107158695,1,704.0696002184895,,704.0696002184895,1,1468.7152954113062,,1468.7152954113062,1
4.53,-0.074611230105966,,-0.074611230105966,1,66.79375755230234,,66.79375755230234,1,0.0666666666666591,,0.0666666666666591,1,0.0666666666666591,,0.0666666666666591,1,-0.1558802726877029,,-0.1558802726877029,1,-0.1727286916897651,,-0.1727286916897651,1,19.45588362610695,,19.45588362610695,1,40.78902154650254,,40.78902154650254,1,703.2272664450855,,703.2272664450855,1,1462.0713744940754,,1462.0713744940754,1
4.54,-0.0847728824191322,,-0.0847728824191322,1,69.41825100087641,,69.41825100087641,1,0.0666666666666591,,0.0666666666666591,1,0.0666666666666591,,0.0666666666666591,1,-0.1684499511076025,,-0.1684499511076025,1,-0.1695687640642182,,-0.1695687640642182,1,19.79554402021064,,19.79554402021064,1,40.747299223562266,,40.747299223562266,1,693.1163408226195,,693.1163408226195,1,1447.3793743280507,,1447.3793743280507,1
4.55,-0.0698572958090303,,-0.0698572958090303,1,67.43788528113262,,67.43788528113262,1,0.0666666666666591,,0.0666666666666591,1,0.0666666666666591,,0.0666666666666591,1,-0.2118090452089421,,-0.2118090452089421,1,-0.1018431356111471,,-0.1018431356111471,1,19.05938776340628,,19.05938776340628,1,40.03399395214475,,40.03399395214475,1,675.7854652491441,,675.7854652491441,1,1407.876697194366,,1407.876697194366,1
4.5600000000000005,-0.0743790008896417,,-0.0743790008896417,1,67.8922940876167,,67.8922940876167,1,0.1999999999999775,,0.1999999999999775,1,0.0666666666666591,,0.0666666666666591,1,0.0055123575027659,,0.0055123575027659,1,-0.0326373698117505,,-0.0326373698117505,1,17.44276601412223,,17.44276601412223,1,36.68735900162531,,36.68735900162531,1,578.4171045392015,,578.4171045392015,1,1192.7769139743998,,1192.7769139743998,1
4.57,-0.0718792346282977,,-0.0718792346282977,1,68.11851451911187,,68.11851451911187,1,0.0666666666666591,,0.0666666666666591,1,0.1333333333333183,,0.1333333333333183,1,-0.1009270075440459,,-0.1009270075440459,1,-0.1612262966655206,,-0.1612262966655206,1,19.385268359852223,,19.385268359852223,1,40.17157651387294,,40.17157651387294,1,676.3736001662006,,676.3736001662006,1,1416.9442890935463,,1416.9442890935463,1
4.58,-0.070518206986179,,-0.070518206986179,1,68.65829576624733,,68.65829576624733,1,0.0666666666666591,,0.0666666666666591,1,0.1999999999999775,,0.1999999999999775,1,-0.0654477520659113,,-0.0654477520659113,1,-0.1418228513062235,,-0.1418228513062235,1,19.30363387040949,,19.30363387040949,1,40.67314704339839,,40.67314704339839,1,698.8342559144634,,698.8342559144634,1,1458.4693217617814,,1458.4693217617814,1
4.59,-0.0692231475759292,,-0.0692231475759292,1,68.61989886494115,,68.61989886494115,1,0.3999999999999551,,0.3999999999999551,1,0.1999999999999775,,0.1999999999999775,1,-0.2337963723628923,,-0.2337963723628923,1,0.0181275358940453,,0.0181275358940453,1,18.55228483509025,,18.55228483509025,1,39.30543330526474,,39.30543330526474,1,654.4889978101463,,654.4889978101463,1,1358.0961246831987,,1358.0961246831987,1
4.6000000000000005,-0.0709936518244788,,-0.0709936518244788,1,67.7987887230087,,67.7987887230087,1,0.0666666666666591,,0.0666666666666591,1,0.0666666666666591,,0.0666666666666591,1,0.0628747905309029,,0.0628747905309029,1,-0.1367555273213269,,-0.1367555273213269,1,20.04304345167179,,20.04304345167179,1,41.6935572975092,,41.6935572975092,1,727.1578218973541,,727.1578218973541,1,1514.9996370106808,,1514.9996370106808,1
4.61,-0.0776094447671509,,-0.0776094447671509,1,68.35134354502651,,68.35134354502651,1,0.0666666666666591,,0.0666666666666591,1,0.1999999999999775,,0.1999999999999775,1,-0.2777720413948829,,-0.2777720413948829,1,-0.0822321997585096,,-0.0822321997585096,1,20.253242505026208,,20.253242505026208,1,41.91402241033944,,41.91402241033944,1,739.7059680562728,,739.7059680562728,1,1546.6636920878336,,1546.6636920878336,1
4.62,-0.0571946936412881,,-0.0571946936412881,1,60.989750707260825,,60.989750707260825,1,0.0666666666666591,,0.0666666666666591,1,0.1999999999999775,,0.1999999999999775,1,-0.0341413090910259,,-0.0341413090910259,1,0.0987027385671125,,0.0987027385671125,1,19.856541861608484,,19.856541861608484,1,40.62937912076077,,40.62937912076077,1,692.0646898968598,,692.0646898968598,1,1452.0161047460756,,1452.0161047460756,1
4.63,-0.0734616492410735,,-0.0734616492410735,1,71.4273112232431,,71.4273112232431,1,0.0666666666666591,,0.0666666666666591,1,0.0666666666666591,,0.0666666666666591,1,-0.2102378316085781,,-0.2102378316085781,1,-0.1719081894765991,,-0.1719081894765991,1,19.72509191974818,,19.72509191974818,1,41.346229435455164,,41.346229435455164,1,717.6825413534793,,717.6825413534793,1,1496.752361594518,,1496.752361594518,1
4.64,-0.0699318826726973,,-0.0699318826726973,1,66.2992482291107,,66.2992482291107,1,0.0666666666666591,,0.0666666666666591,1,0.1999999999999775,,0.1999999999999775,1,-0.1883699781632259,,-0.1883699781632259,1,-0.1928475167359956,,-0.1928475167359956,1,19.34338213769156,,19.34338213769156,1,41.277516264293865,,41.277516264293865,1,717.6703246317759,,717.6703246317759,1,1497.238728099519,,1497.238728099519,1
4.65,-0.0634910896551774,,-0.0634910896551774,1,67.36903823981028,,67.36903823981028,1,0.0666666666666591,,0.0666666666666591,1,0.1999999999999775,,0.1999999999999775,1,-0.0474066786481689,,-0.0474066786481689,1,-0.09184953517865,,-0.09184953517865,1,19.871475942711168,,19.871475942711168,1,40.853883324169736,,40.853883324169736,1,709.245222643723,,709.245222643723,1,1481.438478935636,,1481.438478935636,1
4.66,-0.0563505312350972,,-0.0563505312350972,1,65.53585487205181,,65.53585487205181,1,0.2666666666666367,,0.2666666666666367,1,0.1333333333333183,,0.1333333333333183,1,-0.2262769292999349,,-0.2262769292999349,1,-0.0259000418525506,,-0.0259000418525506,1,19.49079247995652,,19.49079247995652,1,39.86515688217009,,39.86515688217009,1,678.4180400534442,,678.4180400534442,1,1406.0933070473998,,1406.0933070473998,1
4.67,-0.0712948900726601,,-0.0712948900726601,1,64.74189616716808,,64.74189616716808,1,0.0666666666666591,,0.0666666666666591,1,0.0666666666666591,,0.0666666666666591,1,-0.3148195677044624,,-0.3148195677044624,1,-0.1406236364411781,,-0.1406236364411781,1,19.68426794615089,,19.68426794615089,1,41.51610430906271,,41.51610430906271,1,735.2826037511711,,735.2826037511711,1,1527.9351639277395,,1527.9351639277395,1
4.68,-0.0801680527003359,,-0.0801680527003359,1,66.39286768025599,,66.39286768025599,1,0.0666666666666591,,0.0666666666666591,1,0.0666666666666591,,0.0666666666666591,1,-0.2235177350814739,,-0.2235177350814739,1,-0.0966044367891738,,-0.0966044367891738,1,20.069240589473925,,20.069240589473925,1,40.6066877177863,,40.6066877177863,1,694.878933828333,,694.878933828333,1,1453.5764098728996,,1453.5764098728996,1
4.69,-0.0819196581973405,,-0.0819196581973405,1,68.15023827247467,,68.15023827247467,1,0.0666666666666591,,0.0666666666666591,1,0.0666666666666591,,0.0666666666666591,1,-0.438188771404871,,-0.438188771404871,1,-0.0581502367703135,,-0.0581502367703135,1,19.983417517511857,,19.983417517511857,1,40.64539750035988,,40.64539750035988,1,698.0816791249302,,698.0816791249302,1,1459.153927509014,,1459.153927509014,1
4.7,-0.0668061223822339,,-0.0668061223822339,1,66.09330430247552,,66.09330430247552,1,0.0666666666666591,,0.0666666666666591,1,0.3999999999999551,,0.3999999999999551,1,-0.2762257819701929,,-0.2762257819701929,1,-0.0830371884368555,,-0.0830371884368555,1,20.21145951805223,,20.21145951805223,1,41.39434000487884,,41.39434000487884,1,732.1304396674655,,732.1304396674655,1,1527.060323140245,,1527.060323140245,1
4.71,-0.0775277066288951,,-0.0775277066288951,1,69.91251314304473,,69.91251314304473,1,0.0666666666666591,,0.0666666666666591,1,0.0666666666666591,,0.0666666666666591,1,-0.3328119398248853,,-0.3328119398248853,1,-0.2000054397227104,,-0.2000054397227104,1,20.55719331035281,,20.55719331035281,1,41.61946733542047,,41.61946733542047,1,740.7972858786318,,740.7972858786318,1,1543.9114522689142,,1543.9114522689142,1
4.72,-0.0722792857605029,,-0.0722792857605029,1,65.29988199514061,,65.29988199514061,1,0.0666666666666591,,0.0666666666666591,1,0.0666666666666591,,0.0666666666666591,1,-0.3275007758212713,,-0.3275007758212713,1,-0.0178675708084398,,-0.0178675708084398,1,20.58380710037243,,20.58380710037243,1,41.18230563620489,,41.18230563620489,1,714.9696889015084,,714.9696889015084,1,1499.2990811935144,,1499.2990811935144,1
4.73,-0.0737615266249208,,-0.0737615266249208,1,66.007087495556,,66.007087495556,1,0.1999999999999775,,0.1999999999999775,1,0.0666666666666591,,0.0666666666666591,1,-0.310019018188047,,-0.310019018188047,1,-0.0678465258569829,,-0.0678465258569829,1,20.39751860755146,,20.39751860755146,1,41.42846096324198,,41.42846096324198,1,733.876949020647,,733.876949020647,1,1527.091472438351,,1527.091472438351,1
4.74,-0.0602292722872765,,-0.0602292722872765,1,66.01269456915371,,66.01269456915371,1,0.0666666666666591,,0.0666666666666591,1,0.0666666666666591,,0.0666666666666591,1,-0.0564444218338781,,-0.0564444218338781,1,-0.0686473530609214,,-0.0686473530609214,1,20.287215955379345,,20.287215955379345,1,41.70665515445463,,41.70665515445463,1,743.491441562581,,743.491441562581,1,1553.1633185643193,,1553.1633185643193,1
4.75,-0.0782064292289448,,-0.0782064292289448,1,68.67971091033803,,68.67971091033803,1,0.1333333333333183,,0.1333333333333183,1,0.2666666666666367,,0.2666666666666367,1,-0.2885456050717484,,-0.2885456050717484,1,-0.1698173302470426,,-0.1698173302470426,1,19.97522210234076,,19.97522210234076,1,39.31691832879245,,39.31691832879245,1,667.8826000566472,,667.8826000566472,1,1380.4154788675214,,1380.4154788675214,1
4.76,-0.0717924568379563,,-0.0717924568379563,1,66.10444105976251,,66.10444105976251,1,0.0666666666666591,,0.0666666666666591,1,0.1999999999999775,,0.1999999999999775,1,-0.3107674653568939,,-0.3107674653568939,1,-0.1332330563816717,,-0.1332330563816717,1,19.730676529787026,,19.730676529787026,1,38.55383902066903,,38.55383902066903,1,637.6726361811569,,637.6726361811569,1,1333.65030954192,,1333.65030954192,1
4.7700000000000005,-0.082315781817112,,-0.082315781817112,1,67.77357064657645,,67.77357064657645,1,0.1333333333333183,,0.1333333333333183,1,0.3333333333332959,,0.3333333333332959,1,-0.2514471573882468,,-0.2514471573882468,1,-0.0933468243753885,,-0.0933468243753885,1,19.48991454009484,,19.48991454009484,1,39.62676348747485,,39.62676348747485,1,679.6965745478471,,679.6965745478471,1,1405.33122898486,,1405.33122898486,1
4.78,-0.0712177225520848,,-0.0712177225520848,1,67.28540236882111,,67.28540236882111,1,0.0666666666666591,,0.0666666666666591,1,0.1999999999999775,,0.1999999999999775,1,-0.2664684985921875,,-0.2664684985921875,1,0.0322198900725976,,0.0322198900725976,1,19.38009272456313,,19.38009272456313,1,39.69422644703445,,39.69422644703445,1,678.6631302507492,,678.6631302507492,1,1411.7455982589918,,1411.7455982589918,1
4.79,-0.0612016575422129,,-0.0612016575422129,1,64.77937767643132,,64.77937767643132,1,0.0666666666666591,,0.0666666666666591,1,0.1333333333333183,,0.1333333333333183,1,-0.2514302284314078,,-0.2514302284314078,1,0.1482379543142869,,0.1482379543142869,1,20.52212902630576,,20.52212902630576,1,40.80593769125322,,40.80593769125322,1,714.3523305116773,,714.3523305116773,1,1486.7771425440912,,1486.7771425440912,1
4.8,-0.0657888722928515,,-0.0657888722928515,1,65.62859101421984,,65.62859101421984,1,0.0666666666666591,,0.0666666666666591,1,0.1333333333333183,,0.1333333333333183,1,-0.2498068665486992,,-0.2498068665486992,1,-0.0391391335119291,,-0.0391391335119291,1,19.8857122714518,,19.8857122714518,1,39.67580039248431,,39.67580039248431,1,672.529914054268,,672.529914054268,1,1406.427080642729,,1406.427080642729,1
4.8100000000000005,-0.0693729990188117,,-0.0693729990188117,1,70.35833952572784,,70.35833952572784,1,0.0666666666666591,,0.0666666666666591,1,0.1333333333333183,,0.1333333333333183,1,-0.2340892142205608,,-0.2340892142205608,1,-0.0874814882437215,,-0.0874814882437215,1,19.23928351232871,,19.23928351232871,1,41.17255257767324,,41.17255257767324,1,735.8137759280853,,735.8137759280853,1,1526.425344637961,,1526.425344637961,1
4.82,-0.0752053419644666,,-0.0752053419644666,1,71.43173873426485,,71.43173873426485,1,0.0666666666666591,,0.0666666666666591,1,0.0666666666666591,,0.0666666666666591,1,-0.2681037656750677,,-0.2681037656750677,1,-0.0072419530376186,,-0.0072419530376186,1,19.48536256910816,,19.48536256910816,1,39.83671461421011,,39.83671461421011,1,680.4243608194392,,680.4243608194392,1,1416.1680082368262,,1416.1680082368262,1
4.83,-0.0726017067047315,,-0.0726017067047315,1,70.59320774761773,,70.59320774761773,1,0.0666666666666591,,0.0666666666666591,1,0.0666666666666591,,0.0666666666666591,1,-0.1646488714500499,,-0.1646488714500499,1,-0.1175020211076133,,-0.1175020211076133,1,19.03293206090008,,19.03293206090008,1,41.18105616442836,,41.18105616442836,1,740.8477325165611,,740.8477325165611,1,1536.49109860801,,1536.49109860801,1
4.84,-0.0636324022361803,,-0.0636324022361803,1,65.94143066838659,,65.94143066838659,1,0.1333333333333183,,0.1333333333333183,1,0.0666666666666591,,0.0666666666666591,1,-0.2825002982989084,,-0.2825002982989084,1,0.0611860538309498,,0.0611860538309498,1,19.08905457021318,,19.08905457021318,1,40.52975054250603,,40.52975054250603,1,710.1170998491838,,710.1170998491838,1,1472.126708219199,,1472.126708219199,1
4.8500000000000005,-0.0719617819604832,,-0.0719617819604832,1,68.4810159898557,,68.4810159898557,1,0.1999999999999775,,0.1999999999999775,1,0.1333333333333183,,0.1333333333333183,1,-0.2314255745043631,,-0.2314255745043631,1,-0.1241961210469118,,-0.1241961210469118,1,19.21879762546124,,19.21879762546124,1,37.37322451723086,,37.37322451723086,1,603.595698037217,,603.595698037217,1,1259.977632424985,,1259.977632424985,1
4.86,-0.0716843998373455,,-0.0716843998373455,1,65.01596147295777,,65.01596147295777,1,0.0666666666666591,,0.0666666666666591,1,0.0666666666666591,,0.0666666666666591,1,-0.084048362774081,,-0.084048362774081,1,-0.0430203918940595,,-0.0430203918940595,1,20.319678305178822,,20.319678305178822,1,40.17024110346492,,40.17024110346492,1,691.020677457369,,691.020677457369,1,1448.3524842127608,,1448.3524842127608,1
4.87,-0.073635058189483,,-0.073635058189483,1,63.91969282262994,,63.91969282262994,1,0.0666666666666591,,0.0666666666666591,1,0.1999999999999775,,0.1999999999999775,1,-0.2190877200536214,,-0.2190877200536214,1,-0.1079502838795122,,-0.1079502838795122,1,19.69227331429037,,19.69227331429037,1,38.60955880159932,,38.60955880159932,1,639.8922950743785,,639.8922950743785,1,1343.9249494909943,,1343.9249494909943,1
4.88,-0.0765356742978092,,-0.0765356742978092,1,70.51760121891265,,70.51760121891265,1,0.1333333333333183,,0.1333333333333183,1,0.1999999999999775,,0.1999999999999775,1,-0.3133676404532151,,-0.3133676404532151,1,-0.1900936570138542,,-0.1900936570138542,1,20.21985727641386,,20.21985727641386,1,41.36332130169828,,41.36332130169828,1,735.8986637676621,,735.8986637676621,1,1532.2471199792467,,1532.2471199792467,1
4.89,-0.0497498420570241,,-0.0497498420570241,1,66.4100610897643,,66.4100610897643,1,0.0666666666666591,,0.0666666666666591,1,0.0666666666666591,,0.0666666666666591,1,-0.2331255528229312,,-0.2331255528229312,1,-0.0496312560458449,,-0.0496312560458449,1,20.37964224601373,,20.37964224601373,1,40.447452610841474,,40.447452610841474,1,702.0236837144845,,702.0236837144845,1,1473.564200650036,,1473.564200650036,1
4.9,-0.060029951786026,,-0.060029951786026,1,65.99525070501076,,65.99525070501076,1,0.0666666666666591,,0.0666666666666591,1,0.0666666666666591,,0.0666666666666591,1,-0.262055380133249,,-0.262055380133249,1,-0.0744131567426269,,-0.0744131567426269,1,20.688206842771564,,20.688206842771564,1,41.40487079934702,,41.40487079934702,1,742.3043567291244,,742.3043567291244,1,1554.7648420508756,,1554.7648420508756,1
4.91,-0.0876839606447064,,-0.0876839606447064,1,69.74520925306263,,69.74520925306263,1,0.0666666666666591,,0.0666666666666591,1,0.0666666666666591,,0.0666666666666591,1,-0.3951772231956692,,-0.3951772231956692,1,-0.1773107072118875,,-0.1773107072118875,1,20.971610600059343,,20.971610600059343,1,42.45925353167989,,42.45925353167989,1,777.0053891731283,,777.0053891731283,1,1614.890467257179,,1614.890467257179,1
4.92,-0.0763867382293867,,-0.0763867382293867,1,69.22179492917192,,69.22179492917192,1,0.0666666666666591,,0.0666666666666591,1,0.0666666666666591,,0.0666666666666591,1,-0.2091284594451331,,-0.2091284594451331,1,-0.0189245843320011,,-0.0189245843320011,1,20.26818332431499,,20.26818332431499,1,41.81284918399589,,41.81284918399589,1,758.1004362958332,,758.1004362958332,1,1576.1078269163468,,1576.1078269163468,1
4.93,-0.059031527182395,,-0.059031527182395,1,64.7641255578939,,64.7641255578939,1,0.0666666666666591,,0.0666666666666591,1,0.0666666666666591,,0.0666666666666591,1,-0.2274720137382865,,-0.2274720137382865,1,-0.1228178365608899,,-0.1228178365608899,1,18.700960739498232,,18.700960739498232,1,40.92540379289018,,40.92540379289018,1,729.9139395517416,,729.9139395517416,1,1511.0184399198347,,1511.0184399198347,1
4.94,-0.0710976719958113,,-0.0710976719958113,1,69.00014467133025,,69.00014467133025,1,0.1333333333333183,,0.1333333333333183,1,0.1333333333333183,,0.1333333333333183,1,-0.2886904506388055,,-0.2886904506388055,1,-0.1001254536261239,,-0.1001254536261239,1,20.235474044911907,,20.235474044911907,1,42.08700248310511,,42.08700248310511,1,767.444094739074,,767.444094739074,1,1597.257164940469,,1597.257164940469,1
4.95,-0.0592728174617226,,-0.0592728174617226,1,66.6977380637957,,66.6977380637957,1,0.0666666666666591,,0.0666666666666591,1,0.0666666666666591,,0.0666666666666591,1,-0.2622260627935405,,-0.2622260627935405,1,-0.021997326740192,,-0.021997326740192,1,19.06246311100151,,19.06246311100151,1,40.99028975409184,,40.99028975409184,1,732.7159800104913,,732.7159800104913,1,1524.9508218405144,,1524.9508218405144,1
4.96,-0.0612376164184404,,-0.0612376164184404,1,65.21782365298202,,65.21782365298202,1,0.2666666666666367,,0.2666666666666367,1,0.1333333333333183,,0.1333333333333183,1,-0.2097103043342095,,-0.2097103043342095,1,-0.0799986322264911,,-0.0799986322264911,1,20.534773522989383,,20.534773522989383,1,41.75168017876713,,41.75168017876713,1,753.9583530593437,,753.9583530593437,1,1568.4515422003908,,1568.4515422003908,1
4.97,-0.0704567761394143,,-0.0704567761394143,1,68.45134430888959,,68.45134430888959,1,0.0666666666666591,,0.0666666666666591,1,0.0666666666666591,,0.0666666666666591,1,0.0220728124582127,,0.0220728124582127,1,-0.1603114501236782,,-0.1603114501236782,1,19.95399411053326,,19.95399411053326,1,42.19764332037792,,42.19764332037792,1,777.2508902373834,,777.2508902373834,1,1613.594049671494,,1613.594049671494,1
4.98,-0.0678171158491627,,-0.0678171158491627,1,67.82508479660513,,67.82508479660513,1,0.0666666666666591,,0.0666666666666591,1,0.0666666666666591,,0.0666666666666591,1,-0.1906241479581356,,-0.1906241479581356,1,-0.0719699116823035,,-0.0719699116823035,1,19.58842754364756,,19.58842754364756,1,39.4644080765718,,39.4644080765718,1,686.1228234097091,,686.1228234097091,1,1420.6195464932923,,1420.6195464932923,1
4.99,-0.0619714440874755,,-0.0619714440874755,1,65.43830916050072,,65.43830916050072,1,0.0666666666666591,,0.0666666666666591,1,0.0666666666666591,,0.0666666666666591,1,-0.1926970067713537,,-0.1926970067713537,1,0.051529844789908,,0.051529844789908,1,18.91039320798883,,18.91039320798883,1,39.29108471152552,,39.29108471152552,1,676.7220223692071,,676.7220223692071,1,1402.4682657957696,,1402.4682657957696,1
5.0,-0.0775631737186864,,-0.0775631737186864,1,68.85840131015681,,68.85840131015681,1,0.0666666666666591,,0.0666666666666591,1,0.1333333333333183,,0.1333333333333183,1,-0.2895664133232921,,-0.2895664133232921,1,0.0184582676862325,,0.0184582676862325,1,20.63583399448677,,20.63583399448677,1,41.9678784718048,,41.9678784718048,1,776.5424016675983,,776.5424016675983,1,1618.8215356533656,,1618.8215356533656,1
5.01,-0.0726424565823332,,-0.0726424565823332,1,67.41873297980146,,67.41873297980146,1,0.1999999999999775,,0.1999999999999775,1,0.1333333333333183,,0.1333333333333183,1,-0.2029054598538165,,-0.2029054598538165,1,-0.0030549301008244,,-0.0030549301008244,1,19.861756857220264,,19.861756857220264,1,42.246319745518576,,42.246319745518576,1,789.8640075299235,,789.8640075299235,1,1638.589635968686,,1638.589635968686,1
5.0200000000000005,-0.0682499275672924,,-0.0682499275672924,1,62.73934450083439,,62.73934450083439,1,0.1333333333333183,,0.1333333333333183,1,0.3999999999999551,,0.3999999999999551,1,-0.3233950241429641,,-0.3233950241429641,1,-0.0892995684708485,,-0.0892995684708485,1,19.87706602056972,,19.87706602056972,1,41.71967836798209,,41.71967836798209,1,754.0347293570625,,754.0347293570625,1,1572.4648681794056,,1572.4648681794056,1
5.03,-0.0786900926279737,,-0.0786900926279737,1,68.04770448292899,,68.04770448292899,1,0.1333333333333183,,0.1333333333333183,1,0.1333333333333183,,0.1333333333333183,1,-0.2985628731275005,,-0.2985628731275005,1,-0.0676915727184842,,-0.0676915727184842,1,20.15484927441435,,20.15484927441435,1,40.98337570598971,,40.98337570598971,1,736.8788203953684,,736.8788203953684,1,1533.845171072497,,1533.845171072497,1
5.04,-0.0702267132216197,,-0.0702267132216197,1,70.4273434477679,,70.4273434477679,1,0.0666666666666591,,0.0666666666666591,1,0.0666666666666591,,0.0666666666666591,1,-0.2466329920969787,,-0.2466329920969787,1,-0.0969530468656264,,-0.0969530468656264,1,20.56111182809345,,20.56111182809345,1,42.270715538587865,,42.270715538587865,1,773.8797701124081,,773.8797701124081,1,1608.0639296438962,,1608.0639296438962,1
5.05,-0.0721708309364153,,-0.0721708309364153,1,70.79231248808861,,70.79231248808861,1,0.1333333333333183,,0.1333333333333183,1,0.1333333333333183,,0.1333333333333183,1,-0.2939335423964466,,-0.2939335423964466,1,-0.040023397483282,,-0.040023397483282,1,20.34514371140614,,20.34514371140614,1,41.252780425841166,,41.252780425841166,1,752.2102441841834,,752.2102441841834,1,1566.6079314316987,,1566.6079314316987,1
5.0600000000000005,-0.0725514690478198,,-0.0725514690478198,1,69.03186340761883,,69.03186340761883,1,0.3333333333332959,,0.3333333333332959,1,0.0666666666666591,,0.0666666666666591,1,-0.2568668983928222,,-0.2568668983928222,1,-0.0372147570866655,,-0.0372147570866655,1,20.338828262145267,,20.338828262145267,1,40.65794227258137,,40.65794227258137,1,730.7178858965758,,730.7178858965758,1,1516.0037371652118,,1516.0037371652118,1
5.07,-0.0793371495951914,,-0.0793371495951914,1,67.6862189409247,,67.6862189409247,1,0.0666666666666591,,0.0666666666666591,1,0.1333333333333183,,0.1333333333333183,1,-0.1741005148977237,,-0.1741005148977237,1,-0.0431557179008671,,-0.0431557179008671,1,20.303189884452355,,20.303189884452355,1,41.55430660525885,,41.55430660525885,1,755.1520717388407,,755.1520717388407,1,1566.9844507277242,,1566.9844507277242,1
5.08,-0.0704752549737651,,-0.0704752549737651,1,66.43058554729478,,66.43058554729478,1,0.0666666666666591,,0.0666666666666591,1,0.0666666666666591,,0.0666666666666591,1,-0.1890324491142811,,-0.1890324491142811,1,0.0006663890366586,,0.0006663890366586,1,20.723745640504404,,20.723745640504404,1,42.21798971011648,,42.21798971011648,1,775.925308384393,,775.925308384393,1,1610.3402888889957,,1610.3402888889957,1
5.09,-0.0646160152187521,,-0.0646160152187521,1,68.04057106437659,,68.04057106437659,1,0.1333333333333183,,0.1333333333333183,1,0.0666666666666591,,0.0666666666666591,1,-0.0097471522446181,,-0.0097471522446181,1,-0.127111390280999,,-0.127111390280999,1,20.541687205043186,,20.541687205043186,1,42.62077965520308,,42.62077965520308,1,803.0188118267528,,803.0188118267528,1,1666.9672363664024,,1666.9672363664024,1
5.1000000000000005,-0.0706289045467838,,-0.0706289045467838,1,64.23922788019651,,64.23922788019651,1,0.0666666666666591,,0.0666666666666591,1,0.0666666666666591,,0.0666666666666591,1,-0.1854486682758039,,-0.1854486682758039,1,0.038023904422679,,0.038023904422679,1,21.159594490597005,,21.159594490597005,1,43.15517947866402,,43.15517947866402,1,801.3291662521531,,801.3291662521531,1,1668.6563706134966,,1668.6563706134966,1
5.11,-0.0681257498376839,,-0.0681257498376839,1,70.0445161544222,,70.0445161544222,1,0.0666666666666591,,0.0666666666666591,1,0.0666666666666591,,0.0666666666666591,1,-0.1982406264645519,,-0.1982406264645519,1,-0.0897646361945312,,-0.0897646361945312,1,20.82790072028788,,20.82790072028788,1,43.45381503216583,,43.45381503216583,1,818.2936480373794,,818.2936480373794,1,1698.9300673320909,,1698.9300673320909,1
5.12,-0.0729442577845845,,-0.0729442577845845,1,72.73052107939685,,72.73052107939685,1,0.0666666666666591,,0.0666666666666591,1,0.1333333333333183,,0.1333333333333183,1,-0.1794417127479461,,-0.1794417127479461,1,0.0421905877550727,,0.0421905877550727,1,20.82207126372363,,20.82207126372363,1,43.55326814053191,,43.55326814053191,1,838.0009535041295,,838.0009535041295,1,1740.5862126104223,,1740.5862126104223,1
5.13,-0.0697360129926125,,-0.0697360129926125,1,70.53467540813278,,70.53467540813278,1,0.0666666666666591,,0.0666666666666591,1,0.0666666666666591,,0.0666666666666591,1,-0.1518964709324375,,-0.1518964709324375,1,-0.033171163801044,,-0.033171163801044,1,20.8795637188208,,20.8795637188208,1,43.778385770310045,,43.778385770310045,1,832.3948758295883,,832.3948758295883,1,1729.3454476642285,,1729.3454476642285,1
5.14,-0.0706957578843563,,-0.0706957578843563,1,65.85270444883037,,65.85270444883037,1,0.1333333333333183,,0.1333333333333183,1,0.0666666666666591,,0.0666666666666591,1,-0.275249765191298,,-0.275249765191298,1,-0.0547318607530038,,-0.0547318607530038,1,20.804501561760983,,20.804501561760983,1,43.72461427308579,,43.72461427308579,1,844.8523951146097,,844.8523951146097,1,1755.3242005979498,,1755.3242005979498,1
5.15,-0.0666596974235031,,-0.0666596974235031,1,69.09634914663845,,69.09634914663845,1,0.3333333333332959,,0.3333333333332959,1,0.1333333333333183,,0.1333333333333183,1,-0.202293074074018,,-0.202293074074018,1,-0.1228705176087111,,-0.1228705176087111,1,20.771342587643893,,20.771342587643893,1,43.75502390148319,,43.75502390148319,1,838.2437785840613,,838.2437785840613,1,1740.3370895847097,,1740.3370895847097,1
5.16,-0.0647559132955594,,-0.0647559132955594,1,67.8990379075579,,67.8990379075579,1,0.0666666666666591,,0.0666666666666591,1,0.0666666666666591,,0.0666666666666591,1,-0.2027999342773908,,-0.2027999342773908,1,-0.1325438721585766,,-0.1325438721585766,1,20.641591554871315,,20.641591554871315,1,43.58182503549161,,43.58182503549161,1,840.6208317580397,,840.6208317580397,1,1743.9870394165937,,1743.9870394165937,1
5.17,-0.0780789521011947,,-0.0780789521011947,1,67.62643642320117,,67.62643642320117,1,0.3333333333332959,,0.3333333333332959,1,0.1333333333333183,,0.1333333333333183,1,-0.2966774249939179,,-0.2966774249939179,1,-0.202530290650602,,-0.202530290650602,1,20.558692681506784,,20.558692681506784,1,43.502087543205015,,43.502087543205015,1,821.8300654994413,,821.8300654994413,1,1706.0383756925803,,1706.0383756925803,1
5.18,-0.078705918618592,,-0.078705918618592,1,68.81592310066051,,68.81592310066051,1,0.0666666666666591,,0.0666666666666591,1,0.1999999999999775,,0.1999999999999775,1,-0.2236952416253947,,-0.2236952416253947,1,-0.1742066857006929,,-0.1742066857006929,1,20.704931398458005,,20.704931398458005,1,42.99738254091806,,42.99738254091806,1,830.5301119492024,,830.5301119492024,1,1720.4159278548168,,1720.4159278548168,1
5.19,-0.068337760119835,,-0.068337760119835,1,67.12900404079096,,67.12900404079096,1,0.0666666666666591,,0.0666666666666591,1,0.1333333333333183,,0.1333333333333183,1,0.0313253878309454,,0.0313253878309454,1,-0.1549536424167169,,-0.1549536424167169,1,20.163323700811144,,20.163323700811144,1,42.857275063245766,,42.857275063245766,1,817.0526322166559,,817.0526322166559,1,1691.0766475453734,,1691.0766475453734,1
5.2,-0.066465226053291,,-0.066465226053291,1,70.2807192808462,,70.2807192808462,1,0.0666666666666591,,0.0666666666666591,1,0.1333333333333183,,0.1333333333333183,1,-0.1787827780823045,,-0.1787827780823045,1,-0.041905371517621,,-0.041905371517621,1,19.896788068492388,,19.896788068492388,1,42.38858955443612,,42.38858955443612,1,807.3396970006115,,807.3396970006115,1,1670.0545408740693,,1670.0545408740693,1
5.21,-0.0621068169420215,,-0.0621068169420215,1,69.44740543373206,,69.44740543373206,1,0.0666666666666591,,0.0666666666666591,1,0.0666666666666591,,0.0666666666666591,1,-0.1726053896756506,,-0.1726053896756506,1,0.0487721171793728,,0.0487721171793728,1,19.72249116541948,,19.72249116541948,1,42.115964927617775,,42.115964927617775,1,781.6477805730933,,781.6477805730933,1,1624.9260023633258,,1624.9260023633258,1
5.22,-0.0788503229725232,,-0.0788503229725232,1,73.09332372110707,,73.09332372110707,1,0.0666666666666591,,0.0666666666666591,1,0.1999999999999775,,0.1999999999999775,1,-0.2681779087801161,,-0.2681779087801161,1,-0.1594486252044217,,-0.1594486252044217,1,19.774601353048585,,19.774601353048585,1,41.41151350850975,,41.41151350850975,1,774.7001997584225,,774.7001997584225,1,1600.5751394025942,,1600.5751394025942,1
5.23,-0.0678850156913687,,-0.0678850156913687,1,70.29641622025075,,70.29641622025075,1,0.0666666666666591,,0.0666666666666591,1,0.1333333333333183,,0.1333333333333183,1,-0.0285903174113741,,-0.0285903174113741,1,-0.1115632515140682,,-0.1115632515140682,1,20.44906222014153,,20.44906222014153,1,40.88511009324948,,40.88511009324948,1,754.5092069996,,754.5092069996,1,1557.8050655970449,,1557.8050655970449,1
5.24,-0.0708222472536785,,-0.0708222472536785,1,67.31174669912042,,67.31174669912042,1,0.1333333333333183,,0.1333333333333183,1,0.0666666666666591,,0.0666666666666591,1,-0.0699917916898954,,-0.0699917916898954,1,-0.1184564936591768,,-0.1184564936591768,1,20.925930048631862,,20.925930048631862,1,42.39313393307648,,42.39313393307648,1,814.9331256428542,,814.9331256428542,1,1687.7054486808756,,1687.7054486808756,1
5.25,-0.0670997883879501,,-0.0670997883879501,1,69.51083755938899,,69.51083755938899,1,0.3333333333332959,,0.3333333333332959,1,0.0666666666666591,,0.0666666666666591,1,-0.2114731443821291,,-0.2114731443821291,1,-0.1197629160681269,,-0.1197629160681269,1,20.79839893340996,,20.79839893340996,1,41.37367693833841,,41.37367693833841,1,773.2795436831182,,773.2795436831182,1,1604.355764154561,,1604.355764154561,1
5.26,-0.0776270378588379,,-0.0776270378588379,1,69.55894925726524,,69.55894925726524,1,0.0666666666666591,,0.0666666666666591,1,0.0666666666666591,,0.0666666666666591,1,-0.3002393201086226,,-0.3002393201086226,1,-0.1118442367755556,,-0.1118442367755556,1,20.899095075600385,,20.899095075600385,1,43.01312214176889,,43.01312214176889,1,810.6529895727931,,810.6529895727931,1,1683.9503554578207,,1683.9503554578207,1
5.2700000000000005,-0.0721925962842164,,-0.0721925962842164,1,70.96946847404138,,70.96946847404138,1,0.0666666666666591,,0.0666666666666591,1,0.1999999999999775,,0.1999999999999775,1,-0.1810843127545414,,-0.1810843127545414,1,0.0322450379190304,,0.0322450379190304,1,19.501800904190347,,19.501800904190347,1,41.06035616141722,,41.06035616141722,1,766.8073877783143,,766.8073877783143,1,1583.531394640249,,1583.531394640249,1
5.28,-0.0683881270298817,,-0.0683881270298817,1,70.96393753788104,,70.96393753788104,1,0.1333333333333183,,0.1333333333333183,1,0.0666666666666591,,0.0666666666666591,1,0.038730400212403,,0.038730400212403,1,0.0305264936921685,,0.0305264936921685,1,19.46707918710668,,19.46707918710668,1,40.12725830959832,,40.12725830959832,1,711.7601602587921,,711.7601602587921,1,1480.847905769144,,1480.847905769144,1
5.29,-0.0804463677163514,,-0.0804463677163514,1,71.65195142029006,,71.65195142029006,1,0.0666666666666591,,0.0666666666666591,1,0.0666666666666591,,0.0666666666666591,1,-0.2772803589017574,,-0.2772803589017574,1,-0.124955947504764,,-0.124955947504764,1,21.21448176620597,,21.21448176620597,1,43.94605996323352,,43.94605996323352,1,842.8151547373849,,842.8151547373849,1,1749.8867797047792,,1749.8867797047792,1
5.3,-0.075427767861926,,-0.075427767861926,1,70.86898747123026,,70.86898747123026,1,0.0666666666666591,,0.0666666666666591,1,0.0666666666666591,,0.0666666666666591,1,-0.3433702521901179,,-0.3433702521901179,1,-0.0373763515411225,,-0.0373763515411225,1,20.815238525734244,,20.815238525734244,1,41.30135147603416,,41.30135147603416,1,771.3109610081141,,771.3109610081141,1,1605.452443920419,,1605.452443920419,1
5.3100000000000005,-0.0821779695825252,,-0.0821779695825252,1,71.23077977029988,,71.23077977029988,1,0.0666666666666591,,0.0666666666666591,1,0.1333333333333183,,0.1333333333333183,1,-0.3703890751465682,,-0.3703890751465682,1,-0.1298013655842499,,-0.1298013655842499,1,20.86851766722116,,20.86851766722116,1,41.87699612260155,,41.87699612260155,1,772.6324686162088,,772.6324686162088,1,1606.6128755138056,,1606.6128755138056,1
5.32,-0.0718517262861061,,-0.0718517262861061,1,70.12307489758201,,70.12307489758201,1,0.0666666666666591,,0.0666666666666591,1,0.1999999999999775,,0.1999999999999775,1,-0.3282562804327474,,-0.3282562804327474,1,0.0314757288658571,,0.0314757288658571,1,19.708694537747785,,19.708694537747785,1,40.154922289060494,,40.154922289060494,1,713.7866765971812,,713.7866765971812,1,1487.2601727232968,,1487.2601727232968,1
5.33,-0.0662073818759387,,-0.0662073818759387,1,67.6077467216754,,67.6077467216754,1,0.0666666666666591,,0.0666666666666591,1,0.1999999999999775,,0.1999999999999775,1,-0.2391809893254627,,-0.2391809893254627,1,0.0508792626233058,,0.0508792626233058,1,19.95497641333482,,19.95497641333482,1,39.24652322282658,,39.24652322282658,1,694.8273257531367,,694.8273257531367,1,1435.6806751421873,,1435.6806751421873,1
5.34,-0.0611764046012984,,-0.0611764046012984,1,68.00561616611611,,68.00561616611611,1,0.3333333333332959,,0.3333333333332959,1,0.0666666666666591,,0.0666666666666591,1,-0.268728752750093,,-0.268728752750093,1,-0.1566352756234419,,-0.1566352756234419,1,21.15414190677612,,21.15414190677612,1,42.36534398666409,,42.36534398666409,1,809.7864358595083,,809.7864358595083,1,1684.4422879030797,,1684.4422879030797,1
5.3500000000000005,-0.060744630200174,,-0.060744630200174,1,68.54368391676368,,68.54368391676368,1,0.1999999999999775,,0.1999999999999775,1,0.1333333333333183,,0.1333333333333183,1,-0.2890849174923312,,-0.2890849174923312,1,-0.1401687173972083,,-0.1401687173972083,1,20.95961633444941,,20.95961633444941,1,42.29014000869351,,42.29014000869351,1,801.1636565017023,,801.1636565017023,1,1664.0126810644367,,1664.0126810644367,1
5.36,-0.0563429593350767,,-0.0563429593350767,1,69.21399606894501,,69.21399606894501,1,0.3333333333332959,,0.3333333333332959,1,0.0666666666666591,,0.0666666666666591,1,-0.2450434784363208,,-0.2450434784363208,1,0.0570434259258921,,0.0570434259258921,1,19.51017912321638,,19.51017912321638,1,41.58031375587532,,41.58031375587532,1,776.8487401186114,,776.8487401186114,1,1602.7722853773137,,1602.7722853773137,1
5.37,-0.0781414233951826,,-0.0781414233951826,1,68.19378700761789,,68.19378700761789,1,0.1333333333333183,,0.1333333333333183,1,0.0666666666666591,,0.0666666666666591,1,-0.2557335100169691,,-0.2557335100169691,1,-0.0911760560369506,,-0.0911760560369506,1,20.425238212517808,,20.425238212517808,1,40.36905030883942,,40.36905030883942,1,737.8145948093087,,737.8145948093087,1,1533.718642332586,,1533.718642332586,1
5.38,-0.0729357917923474,,-0.0729357917923474,1,66.72276075280817,,66.72276075280817,1,0.0666666666666591,,0.0666666666666591,1,0.0666666666666591,,0.0666666666666591,1,-0.1049220492272167,,-0.1049220492272167,1,-0.0721286432160377,,-0.0721286432160377,1,20.72421929673164,,20.72421929673164,1,43.56884955935217,,43.56884955935217,1,866.1800246138088,,866.1800246138088,1,1793.5275619522756,,1793.5275619522756,1
5.39,-0.0703630289893152,,-0.0703630289893152,1,70.76863221462983,,70.76863221462983,1,0.1333333333333183,,0.1333333333333183,1,0.0666666666666591,,0.0666666666666591,1,-0.0282384716967219,,-0.0282384716967219,1,-0.1594384874118041,,-0.1594384874118041,1,19.31127835333568,,19.31127835333568,1,41.29634367958372,,41.29634367958372,1,765.148130758939,,765.148130758939,1,1585.8261563980095,,1585.8261563980095,1
5.4,-0.0529135317893332,,-0.0529135317893332,1,67.82098510397105,,67.82098510397105,1,0.3333333333332959,,0.3333333333332959,1,0.2666666666666367,,0.2666666666666367,1,-0.1803969372359031,,-0.1803969372359031,1,0.0438227545643296,,0.0438227545643296,1,19.14117794606932,,19.14117794606932,1,42.1849049880161,,42.1849049880161,1,806.0727704508687,,806.0727704508687,1,1663.990218643011,,1663.990218643011,1
5.41,-0.0672608962201591,,-0.0672608962201591,1,69.37625546141396,,69.37625546141396,1,0.0666666666666591,,0.0666666666666591,1,0.1333333333333183,,0.1333333333333183,1,-0.2308555145547773,,-0.2308555145547773,1,-0.1653461907404632,,-0.1653461907404632,1,20.923837216247207,,20.923837216247207,1,43.60972299965254,,43.60972299965254,1,856.7100533481203,,856.7100533481203,1,1774.9368820655686,,1774.9368820655686,1
5.42,-0.0706485459648566,,-0.0706485459648566,1,64.86493139990785,,64.86493139990785,1,0.0666666666666591,,0.0666666666666591,1,0.0666666666666591,,0.0666666666666591,1,-0.297172824760585,,-0.297172824760585,1,-0.0595551339305193,,-0.0595551339305193,1,21.23050358677441,,21.23050358677441,1,42.82694172732607,,42.82694172732607,1,823.8718329750542,,823.8718329750542,1,1712.635060097463,,1712.635060097463,1
5.43,-0.0642165007037127,,-0.0642165007037127,1,68.21641584488253,,68.21641584488253,1,0.1999999999999775,,0.1999999999999775,1,0.0666666666666591,,0.0666666666666591,1,-0.0389150958694823,,-0.0389150958694823,1,-0.2104221714231832,,-0.2104221714231832,1,21.21502173726748,,21.21502173726748,1,42.98004883397788,,42.98004883397788,1,843.3095333266431,,843.3095333266431,1,1750.4742041914658,,1750.4742041914658,1
5.44,-0.0601025892317443,,-0.0601025892317443,1,70.44407403770532,,70.44407403770532,1,0.3333333333332959,,0.3333333333332959,1,0.0666666666666591,,0.0666666666666591,1,-0.1774697620783698,,-0.1774697620783698,1,-0.1371689216973773,,-0.1371689216973773,1,21.27666408031413,,21.27666408031413,1,44.20148201637737,,44.20148201637737,1,885.3883056828773,,885.3883056828773,1,1837.9367414487767,,1837.9367414487767,1
5.45,-0.065928041494606,,-0.065928041494606,1,69.58630983745726,,69.58630983745726,1,0.0666666666666591,,0.0666666666666591,1,0.1333333333333183,,0.1333333333333183,1,-0.2051560682854133,,-0.2051560682854133,1,-0.0101654230512644,,-0.0101654230512644,1,20.34264733195172,,20.34264733195172,1,41.2253278137875,,41.2253278137875,1,775.3720133683264,,775.3720133683264,1,1606.751760875812,,1606.751760875812,1
5.46,-0.0654015256730397,,-0.0654015256730397,1,67.88509891861838,,67.88509891861838,1,0.0666666666666591,,0.0666666666666591,1,0.0666666666666591,,0.0666666666666591,1,-0.3056078887210843,,-0.3056078887210843,1,-0.0745189333538665,,-0.0745189333538665,1,20.744372114765223,,20.744372114765223,1,43.98648361757529,,43.98648361757529,1,883.1416653048665,,883.1416653048665,1,1830.9546988032137,,1830.9546988032137,1
5.47,-0.0703410608114411,,-0.0703410608114411,1,69.67816584639331,,69.67816584639331,1,0.3999999999999551,,0.3999999999999551,1,0.0666666666666591,,0.0666666666666591,1,-0.2390530160029537,,-0.2390530160029537,1,-0.134661223244402,,-0.134661223244402,1,20.721126206356008,,20.721126206356008,1,41.70573580627275,,41.70573580627275,1,807.9912277668659,,807.9912277668659,1,1664.4838418224676,,1664.4838418224676,1
5.48,-0.0695863613971354,,-0.0695863613971354,1,69.02382095640093,,69.02382095640093,1,0.1333333333333183,,0.1333333333333183,1,0.2666666666666367,,0.2666666666666367,1,-0.2774212130047493,,-0.2774212130047493,1,-0.1419618996633775,,-0.1419618996633775,1,20.059963214177507,,20.059963214177507,1,42.49957044235956,,42.49957044235956,1,827.1729349369713,,827.1729349369713,1,1709.106236632519,,1709.106236632519,1
5.49,-0.0622178649203162,,-0.0622178649203162,1,63.38399108793549,,63.38399108793549,1,0.0666666666666591,,0.0666666666666591,1,0.1333333333333183,,0.1333333333333183,1,-0.3006920445841053,,-0.3006920445841053,1,-0.1014139155099963,,-0.1014139155099963,1,21.6047590962678,,21.6047590962678,1,43.32425792594962,,43.32425792594962,1,833.9838198952215,,833.9838198952215,1,1735.1037022765966,,1735.1037022765966,1
5.5,-0.0728048579695178,,-0.0728048579695178,1,66.61214077689488,,66.61214077689488,1,0.1999999999999775,,0.1999999999999775,1,0.0666666666666591,,0.0666666666666591,1,-0.0986929867672721,,-0.0986929867672721,1,-0.1139052981965137,,-0.1139052981965137,1,21.147623146114285,,21.147623146114285,1,43.18474176311297,,43.18474176311297,1,838.9719404935913,,838.9719404935913,1,1735.3120575792727,,1735.3120575792727,1
5.51,-0.0674624344053176,,-0.0674624344053176,1,67.74493136284376,,67.74493136284376,1,0.1333333333333183,,0.1333333333333183,1,0.1333333333333183,,0.1333333333333183,1,-0.1728224482957689,,-0.1728224482957689,1,-0.0766867515765062,,-0.0766867515765062,1,20.45031546411486,,20.45031546411486,1,43.19157988947961,,43.19157988947961,1,836.0155085705846,,836.0155085705846,1,1728.1354850024927,,1728.1354850024927,1
5.5200000000000005,-0.073143270091398,,-0.073143270091398,1,71.39540934398265,,71.39540934398265,1,0.3333333333332959,,0.3333333333332959,1,0.1333333333333183,,0.1333333333333183,1,-0.1042218764297613,,-0.1042218764297613,1,-0.1963539053213991,,-0.1963539053213991,1,20.95652205017008,,20.95652205017008,1,44.03128429276693,,44.03128429276693,1,894.7879538565777,,894.7879538565777,1,1853.8271487554248,,1853.8271487554248,1
5.53,-0.0640050593164869,,-0.0640050593164869,1,66.20755051207064,,66.20755051207064,1,0.0666666666666591,,0.0666666666666591,1,0.0666666666666591,,0.0666666666666591,1,-0.3018293895724647,,-0.3018293895724647,1,-0.1636493468641436,,-0.1636493468641436,1,20.80397733102572,,20.80397733102572,1,42.83041004788439,,42.83041004788439,1,847.2247830162568,,847.2247830162568,1,1754.247040896544,,1754.247040896544,1
5.54,-0.0648005254521124,,-0.0648005254521124,1,66.2769058469427,,66.2769058469427,1,0.3333333333332959,,0.3333333333332959,1,0.1333333333333183,,0.1333333333333183,1,-0.0437727456153117,,-0.0437727456153117,1,-0.1865912176270108,,-0.1865912176270108,1,21.458221850732272,,21.458221850732272,1,43.657205311067095,,43.657205311067095,1,878.1837975742401,,878.1837975742401,1,1816.343693616748,,1816.343693616748,1
5.55,-0.0626507959088868,,-0.0626507959088868,1,67.26102210052738,,67.26102210052738,1,0.1333333333333183,,0.1333333333333183,1,0.1333333333333183,,0.1333333333333183,1,-0.2425903466552325,,-0.2425903466552325,1,-0.1528985786456874,,-0.1528985786456874,1,20.93590536848471,,20.93590536848471,1,41.79387370125635,,41.79387370125635,1,808.2545416484074,,808.2545416484074,1,1666.338268709587,,1666.338268709587,1
5.5600000000000005,-0.0767086332490138,,-0.0767086332490138,1,69.73929166509035,,69.73929166509035,1,0.0666666666666591,,0.0666666666666591,1,0.2666666666666367,,0.2666666666666367,1,-0.3120392140389728,,-0.3120392140389728,1,-0.1089658152449904,,-0.1089658152449904,1,21.40074882032672,,21.40074882032672,1,42.63853057563336,,42.63853057563336,1,837.1161013695718,,837.1161013695718,1,1738.692958576824,,1738.692958576824,1
5.57,-0.0786489847703343,,-0.0786489847703343,1,67.98001171192841,,67.98001171192841,1,0.1999999999999775,,0.1999999999999775,1,0.0666666666666591,,0.0666666666666591,1,-0.3168754378773564,,-0.3168754378773564,1,-0.0973878895616803,,-0.0973878895616803,1,20.824127556965124,,20.824127556965124,1,42.68836720810047,,42.68836720810047,1,820.1911824543495,,820.1911824543495,1,1695.2237899441534,,1695.2237899441534,1
5.58,-0.0624178293354327,,-0.0624178293354327,1,67.65941563965768,,67.65941563965768,1,0.1333333333333183,,0.1333333333333183,1,0.1333333333333183,,0.1333333333333183,1,-0.3034104358490104,,-0.3034104358490104,1,-0.1280070736054992,,-0.1280070736054992,1,20.73078749612244,,20.73078749612244,1,42.74607057548655,,42.74607057548655,1,849.4423327003127,,849.4423327003127,1,1755.4008980949227,,1755.4008980949227,1
5.59,-0.0714929527649812,,-0.0714929527649812,1,69.69279922726683,,69.69279922726683,1,0.1333333333333183,,0.1333333333333183,1,0.0666666666666591,,0.0666666666666591,1,-0.247397155768171,,-0.247397155768171,1,-0.1023477494158247,,-0.1023477494158247,1,21.098155342621208,,21.098155342621208,1,43.93735178501539,,43.93735178501539,1,888.0316769329869,,888.0316769329869,1,1839.4137334236616,,1839.4137334236616,1
5.6000000000000005,-0.0717544281823717,,-0.0717544281823717,1,69.01617477448771,,69.01617477448771,1,0.1333333333333183,,0.1333333333333183,1,0.1999999999999775,,0.1999999999999775,1,-0.298808989705525,,-0.298808989705525,1,-0.0942457897888497,,-0.0942457897888497,1,21.715375028006378,,21.715375028006378,1,44.0620275320453,,44.0620275320453,1,893.7988354234336,,893.7988354234336,1,1857.92507995376,,1857.92507995376,1
5.61,-0.0514964623961913,,-0.0514964623961913,1,65.55223525112827,,65.55223525112827,1,0.3333333333332959,,0.3333333333332959,1,0.1333333333333183,,0.1333333333333183,1,-0.2245927528141633,,-0.2245927528141633,1,0.051568879630699,,0.051568879630699,1,20.13086866541043,,20.13086866541043,1,43.43819144134408,,43.43819144134408,1,871.4597032106161,,871.4597032106161,1,1799.4271876435926,,1799.4271876435926,1
5.62,-0.0639906700731414,,-0.0639906700731414,1,66.43551078781167,,66.43551078781167,1,0.0666666666666591,,0.0666666666666591,1,0.0666666666666591,,0.0666666666666591,1,-0.2077739265444189,,-0.2077739265444189,1,-0.198625039910798,,-0.198625039910798,1,21.54594788504484,,21.54594788504484,1,44.62258871289367,,44.62258871289367,1,910.420150978365,,910.420150978365,1,1887.8700074564435,,1887.8700074564435,1
5.63,-0.0603935511292093,,-0.0603935511292093,1,67.83274676752961,,67.83274676752961,1,0.3333333333332959,,0.3333333333332959,1,0.0666666666666591,,0.0666666666666591,1,-0.0972408496093159,,-0.0972408496093159,1,0.0302019473585572,,0.0302019473585572,1,21.485439573925493,,21.485439573925493,1,43.093125427038736,,43.093125427038736,1,861.8133200534237,,861.8133200534237,1,1789.3182867875285,,1789.3182867875285,1
5.64,-0.0650667453883812,,-0.0650667453883812,1,64.96443106969278,,64.96443106969278,1,0.0666666666666591,,0.0666666666666591,1,0.0666666666666591,,0.0666666666666591,1,-0.2470575896243436,,-0.2470575896243436,1,-0.0382111514952001,,-0.0382111514952001,1,21.85808244310026,,21.85808244310026,1,43.75573593534683,,43.75573593534683,1,863.8547043995588,,863.8547043995588,1,1797.274155849812,,1797.274155849812,1
5.65,-0.0539800899087803,,-0.0539800899087803,1,67.90227557190424,,67.90227557190424,1,0.0666666666666591,,0.0666666666666591,1,0.1999999999999775,,0.1999999999999775,1,-0.0813393255624901,,-0.0813393255624901,1,-0.0976842173487711,,-0.0976842173487711,1,20.159135172803232,,20.159135172803232,1,39.97961238113656,,39.97961238113656,1,800.3677909839787,,800.3677909839787,1,1661.899782570621,,1661.899782570621,1
5.66,-0.064760084850226,,-0.064760084850226,1,68.04995498395647,,68.04995498395647,1,0.0666666666666591,,0.0666666666666591,1,0.0666666666666591,,0.0666666666666591,1,-0.2852412750193836,,-0.2852412750193836,1,-0.0602589756787109,,-0.0602589756787109,1,21.42448390831884,,21.42448390831884,1,43.16543003828184,,43.16543003828184,1,851.6798069682104,,851.6798069682104,1,1758.8111522969004,,1758.8111522969004,1
5.67,-0.0630002117610872,,-0.0630002117610872,1,68.62224556952464,,68.62224556952464,1,0.0666666666666591,,0.0666666666666591,1,0.0666666666666591,,0.0666666666666591,1,-0.2644000848684279,,-0.2644000848684279,1,-0.0527515227996126,,-0.0527515227996126,1,20.288628756702018,,20.288628756702018,1,42.88517965115089,,42.88517965115089,1,832.1981567310871,,832.1981567310871,1,1717.6425516552736,,1717.6425516552736,1
5.68,-0.0696296545401881,,-0.0696296545401881,1,70.68833588365622,,70.68833588365622,1,0.0666666666666591,,0.0666666666666591,1,0.1333333333333183,,0.1333333333333183,1,-0.2724589735597909,,-0.2724589735597909,1,0.0743017635610264,,0.0743017635610264,1,20.41222558829729,,20.41222558829729,1,41.561983407544034,,41.561983407544034,1,809.2517690821721,,809.2517690821721,1,1670.1399375000626,,1670.1399375000626,1
5.69,-0.0676880466447531,,-0.0676880466447531,1,69.46540016878785,,69.46540016878785,1,0.1333333333333183,,0.1333333333333183,1,0.0666666666666591,,0.0666666666666591,1,-0.0159371239424797,,-0.0159371239424797,1,-0.1492491271775195,,-0.1492491271775195,1,21.340959275650548,,21.340959275650548,1,44.3351380443532,,44.3351380443532,1,907.2900798051128,,907.2900798051128,1,1880.5981324312727,,1880.5981324312727,1
5.7,-0.0710772742732762,,-0.0710772742732762,1,71.96312002459426,,71.96312002459426,1,0.0666666666666591,,0.0666666666666591,1,0.1999999999999775,,0.1999999999999775,1,-0.2083801669983227,,-0.2083801669983227,1,-0.1302394681901942,,-0.1302394681901942,1,21.58185493789076,,21.58185493789076,1,45.30163470932231,,45.30163470932231,1,936.6014674196996,,936.6014674196996,1,1939.4187430583431,,1939.4187430583431,1
5.71,-0.0744066481466773,,-0.0744066481466773,1,68.9272292622205,,68.9272292622205,1,0.1333333333333183,,0.1333333333333183,1,0.0666666666666591,,0.0666666666666591,1,-0.012905029147271,,-0.012905029147271,1,-0.0673780287336329,,-0.0673780287336329,1,21.453096644167545,,21.453096644167545,1,42.65134607837948,,42.65134607837948,1,850.686706818904,,850.686706818904,1,1766.1220328412965,,1766.1220328412965,1
5.72,-0.0799216336466771,,-0.0799216336466771,1,71.81063808532139,,71.81063808532139,1,0.0666666666666591,,0.0666666666666591,1,0.0666666666666591,,0.0666666666666591,1,-0.17051159014437,,-0.17051159014437,1,-0.1668768685031976,,-0.1668768685031976,1,21.18418703630609,,21.18418703630609,1,44.63597481704559,,44.63597481704559,1,913.3996641455152,,913.3996641455152,1,1891.484283648785,,1891.484283648785,1
5.73,-0.0799758575072474,,-0.0799758575072474,1,71.32167391638342,,71.32167391638342,1,0.0666666666666591,,0.0666666666666591,1,0.2666666666666367,,0.2666666666666367,1,-0.2714206429479808,,-0.2714206429479808,1,-0.0774090599512085,,-0.0774090599512085,1,21.12992680929001,,21.12992680929001,1,43.242962791644,,43.242962791644,1,876.0258283806547,,876.0258283806547,1,1814.407822787692,,1814.407822787692,1
5.74,-0.0693529717696558,,-0.0693529717696558,1,66.33507995040429,,66.33507995040429,1,0.0666666666666591,,0.0666666666666591,1,0.1333333333333183,,0.1333333333333183,1,-0.2362223719492112,,-0.2362223719492112,1,-0.1291214270045822,,-0.1291214270045822,1,22.01943716847708,,22.01943716847708,1,44.96273186143964,,44.96273186143964,1,925.4591409481214,,925.4591409481214,1,1921.682391507828,,1921.682391507828,1
5.75,-0.0681094354492074,,-0.0681094354492074,1,68.66169140223721,,68.66169140223721,1,0.0666666666666591,,0.0666666666666591,1,0.0666666666666591,,0.0666666666666591,1,-0.1991212221108417,,-0.1991212221108417,1,-0.0132992108453968,,-0.0132992108453968,1,21.48771875886604,,21.48771875886604,1,44.38242402409154,,44.38242402409154,1,909.1171146637656,,909.1171146637656,1,1881.7481318465889,,1881.7481318465889,1
5.76,-0.0716410602740896,,-0.0716410602740896,1,71.26668089588865,,71.26668089588865,1,0.0666666666666591,,0.0666666666666591,1,0.1333333333333183,,0.1333333333333183,1,-0.2089710983968009,,-0.2089710983968009,1,0.0772030859326725,,0.0772030859326725,1,21.318321297854787,,21.318321297854787,1,44.90003299957358,,44.90003299957358,1,940.6508087245694,,940.6508087245694,1,1944.249858538012,,1944.249858538012,1
5.7700000000000005,-0.0715789593430301,,-0.0715789593430301,1,70.22465820581016,,70.22465820581016,1,0.0666666666666591,,0.0666666666666591,1,0.0666666666666591,,0.0666666666666591,1,0.0305996359476724,,0.0305996359476724,1,0.0038875032930199,,0.0038875032930199,1,20.462859823885896,,20.462859823885896,1,41.83730114194623,,41.83730114194623,1,824.3836098851449,,824.3836098851449,1,1701.0018102632653,,1701.0018102632653,1
5.78,-0.0691382331088117,,-0.0691382331088117,1,66.06549812531273,,66.06549812531273,1,0.0666666666666591,,0.0666666666666591,1,0.1333333333333183,,0.1333333333333183,1,-0.3070820952581182,,-0.3070820952581182,1,-0.1090997307351781,,-0.1090997307351781,1,21.94121609012348,,21.94121609012348,1,45.18732694441664,,45.18732694441664,1,947.706189298642,,947.706189298642,1,1963.6939813297504,,1963.6939813297504,1
5.79,-0.0678279134761926,,-0.0678279134761926,1,70.80757474454636,,70.80757474454636,1,0.1333333333333183,,0.1333333333333183,1,0.0666666666666591,,0.0666666666666591,1,-0.2805309742877386,,-0.2805309742877386,1,-0.1850839591061605,,-0.1850839591061605,1,20.98192110373052,,20.98192110373052,1,41.48915842449322,,41.48915842449322,1,803.2358257181628,,803.2358257181628,1,1652.887614965147,,1652.887614965147,1
5.8,-0.0713442452769952,,-0.0713442452769952,1,69.39641258716043,,69.39641258716043,1,0.1333333333333183,,0.1333333333333183,1,0.2666666666666367,,0.2666666666666367,1,-0.1940233904164888,,-0.1940233904164888,1,-0.1916711344839445,,-0.1916711344839445,1,21.720211061069367,,21.720211061069367,1,45.14492444986124,,45.14492444986124,1,949.8449427353488,,949.8449427353488,1,1964.262987928401,,1964.262987928401,1
5.8100000000000005,-0.066734903907048,,-0.066734903907048,1,70.16108264398008,,70.16108264398008,1,0.1333333333333183,,0.1333333333333183,1,0.1333333333333183,,0.1333333333333183,1,-0.2120493720821336,,-0.2120493720821336,1,-0.1725005994908516,,-0.1725005994908516,1,21.657010521142496,,21.657010521142496,1,44.7682231229506,,44.7682231229506,1,930.8094864168032,,930.8094864168032,1,1930.712093176656,,1930.712093176656,1
5.82,-0.0706360399101225,,-0.0706360399101225,1,70.92351725187443,,70.92351725187443,1,0.0666666666666591,,0.0666666666666591,1,0.0666666666666591,,0.0666666666666591,1,-0.2543543682005683,,-0.2543543682005683,1,-0.1521801135392908,,-0.1521801135392908,1,20.64618805326836,,20.64618805326836,1,41.04816919971453,,41.04816919971453,1,797.4036091551856,,797.4036091551856,1,1650.3513579425437,,1650.3513579425437,1
5.83,-0.0683021012656089,,-0.0683021012656089,1,68.5619379259286,,68.5619379259286,1,0.1333333333333183,,0.1333333333333183,1,0.5333333333332735,,0.5333333333332735,1,-0.2232042207245487,,-0.2232042207245487,1,-0.0638639561070969,,-0.0638639561070969,1,21.70028654346565,,21.70028654346565,1,43.25619913993139,,43.25619913993139,1,882.8831030965499,,882.8831030965499,1,1832.903448043476,,1832.903448043476,1
5.84,-0.0652336218889552,,-0.0652336218889552,1,69.64867742285524,,69.64867742285524,1,0.0666666666666591,,0.0666666666666591,1,0.1333333333333183,,0.1333333333333183,1,-0.0192550799119607,,-0.0192550799119607,1,-0.0483962530093096,,-0.0483962530093096,1,21.66656175178615,,21.66656175178615,1,42.71135644205942,,42.71135644205942,1,864.33563338865,,864.33563338865,1,1789.4622185100875,,1789.4622185100875,1
5.8500000000000005,-0.0605545331912381,,-0.0605545331912381,1,68.51951152761957,,68.51951152761957,1,0.0666666666666591,,0.0666666666666591,1,0.0666666666666591,,0.0666666666666591,1,-0.2170518852485647,,-0.2170518852485647,1,-0.1355090530152741,,-0.1355090530152741,1,21.54824309084585,,21.54824309084585,1,44.84916867982967,,44.84916867982967,1,934.9263934878368,,934.9263934878368,1,1932.756362738779,,1932.756362738779,1
5.86,-0.0663492524767343,,-0.0663492524767343,1,68.5971957732886,,68.5971957732886,1,0.1999999999999775,,0.1999999999999775,1,0.0666666666666591,,0.0666666666666591,1,-0.2836385116845403,,-0.2836385116845403,1,-0.1177047288956043,,-0.1177047288956043,1,21.79641941677776,,21.79641941677776,1,45.335735904244096,,45.335735904244096,1,957.2215840261932,,957.2215840261932,1,1981.863663013532,,1981.863663013532,1
5.87,-0.0600059991145241,,-0.0600059991145241,1,65.23273305076881,,65.23273305076881,1,0.0666666666666591,,0.0666666666666591,1,0.2666666666666367,,0.2666666666666367,1,-0.3112312501283801,,-0.3112312501283801,1,-0.1418022501233084,,-0.1418022501233084,1,20.856599839668057,,20.856599839668057,1,43.84522515513616,,43.84522515513616,1,897.6887418849049,,897.6887418849049,1,1849.9923547442504,,1849.9923547442504,1
5.88,-0.0762682326505705,,-0.0762682326505705,1,69.12928544022844,,69.12928544022844,1,0.0666666666666591,,0.0666666666666591,1,0.0666666666666591,,0.0666666666666591,1,-0.0777698027035338,,-0.0777698027035338,1,-0.0690087844081278,,-0.0690087844081278,1,22.06964223441597,,22.06964223441597,1,44.496993622506245,,44.496993622506245,1,932.7567020253738,,932.7567020253738,1,1936.4630170004352,,1936.4630170004352,1
5.89,-0.0667439834643912,,-0.0667439834643912,1,68.00115245806359,,68.00115245806359,1,0.1333333333333183,,0.1333333333333183,1,0.0666666666666591,,0.0666666666666591,1,-0.277288464848866,,-0.277288464848866,1,-0.1188078175481476,,-0.1188078175481476,1,21.4360595765819,,21.4360595765819,1,43.17463848613852,,43.17463848613852,1,884.5674911599554,,884.5674911599554,1,1831.133734950034,,1831.133734950034,1
5.9,-0.0640379840524884,,-0.0640379840524884,1,66.69400685372895,,66.69400685372895,1,0.0666666666666591,,0.0666666666666591,1,0.0666666666666591,,0.0666666666666591,1,-0.0262378424688418,,-0.0262378424688418,1,0.0504848878549238,,0.0504848878549238,1,22.036854429628885,,22.036854429628885,1,43.39728612413538,,43.39728612413538,1,888.7702499837019,,888.7702499837019,1,1845.6815875142647,,1845.6815875142647,1
5.91,-0.0621197141714919,,-0.0621197141714919,1,67.97993479509697,,67.97993479509697,1,0.0666666666666591,,0.0666666666666591,1,0.0666666666666591,,0.0666666666666591,1,-0.2714186006765126,,-0.2714186006765126,1,-0.1103633364094765,,-0.1103633364094765,1,22.2564722972095,,22.2564722972095,1,44.2232433351659,,44.2232433351659,1,932.4506831405148,,932.4506831405148,1,1921.8179465324715,,1921.8179465324715,1
5.92,-0.0633215741932992,,-0.0633215741932992,1,69.00913055000223,,69.00913055000223,1,0.1333333333333183,,0.1333333333333183,1,0.0666666666666591,,0.0666666666666591,1,-0.2695460464018254,,-0.2695460464018254,1,-0.1427293678430847,,-0.1427293678430847,1,21.349959333915702,,21.349959333915702,1,45.45106127669752,,45.45106127669752,1,975.3614424945008,,975.3614424945008,1,2012.7132166025865,,2012.7132166025865,1
5.93,-0.0637186325473105,,-0.0637186325473105,1,66.31740541044371,,66.31740541044371,1,0.1333333333333183,,0.1333333333333183,1,0.0666666666666591,,0.0666666666666591,1,-0.284014984903221,,-0.284014984903221,1,-0.086039282927025,,-0.086039282927025,1,21.83431786083925,,21.83431786083925,1,44.593190719510886,,44.593190719510886,1,939.6858540526972,,939.6858540526972,1,1943.810155082076,,1943.810155082076,1
5.94,-0.0634387090485823,,-0.0634387090485823,1,66.42370529104826,,66.42370529104826,1,0.0666666666666591,,0.0666666666666591,1,0.0666666666666591,,0.0666666666666591,1,-0.135596879302557,,-0.135596879302557,1,-0.1181943007131282,,-0.1181943007131282,1,21.81921338478833,,21.81921338478833,1,44.696095710493,,44.696095710493,1,951.6786116466905,,951.6786116466905,1,1964.001013098792,,1964.001013098792,1
5.95,-0.065322795215589,,-0.065322795215589,1,68.76689215885892,,68.76689215885892,1,0.2666666666666367,,0.2666666666666367,1,0.0666666666666591,,0.0666666666666591,1,-0.2964028500367494,,-0.2964028500367494,1,-0.1439686391312315,,-0.1439686391312315,1,21.487073341250504,,21.487073341250504,1,42.488445631068686,,42.488445631068686,1,853.556119553349,,853.556119553349,1,1776.0720566461937,,1776.0720566461937,1
5.96,-0.0654572910182337,,-0.0654572910182337,1,70.52361900867629,,70.52361900867629,1,0.0666666666666591,,0.0666666666666591,1,0.1333333333333183,,0.1333333333333183,1,-0.2434196160440002,,-0.2434196160440002,1,-0.1808318830864537,,-0.1808318830864537,1,21.26188338343128,,21.26188338343128,1,42.798872780802846,,42.798872780802846,1,871.6960001726743,,871.6960001726743,1,1794.2352296345648,,1794.2352296345648,1
5.97,-0.0621078089249499,,-0.0621078089249499,1,67.65956373828101,,67.65956373828101,1,0.2666666666666367,,0.2666666666666367,1,0.1333333333333183,,0.1333333333333183,1,-0.181359697739155,,-0.181359697739155,1,-0.1452243589609289,,-0.1452243589609289,1,21.882813914498627,,21.882813914498627,1,45.19847912182431,,45.19847912182431,1,969.4798630961355,,969.4798630961355,1,2006.9869810733817,,2006.9869810733817,1
5.98,-0.0697996633201205,,-0.0697996633201205,1,71.84213445044409,,71.84213445044409,1,0.1333333333333183,,0.1333333333333183,1,0.3999999999999551,,0.3999999999999551,1,-0.0614284664871004,,-0.0614284664871004,1,-0.2027698693004274,,-0.2027698693004274,1,21.52669795772607,,21.52669795772607,1,45.39947003315722,,45.39947003315722,1,980.2324163733912,,980.2324163733912,1,2022.6053219503185,,2022.6053219503185,1
5.99,-0.0590050237386293,,-0.0590050237386293,1,68.60282834021433,,68.60282834021433,1,0.0666666666666591,,0.0666666666666591,1,0.0666666666666591,,0.0666666666666591,1,0.0076917048875615,,0.0076917048875615,1,-0.0594928226700036,,-0.0594928226700036,1,21.229674003735084,,21.229674003735084,1,43.57842634328907,,43.57842634328907,1,900.369770969797,,900.369770969797,1,1854.439743893232,,1854.439743893232,1
6.0,-0.0666281808660145,,-0.0666281808660145,1,69.65994650334964,,69.65994650334964,1,0.2666666666666367,,0.2666666666666367,1,0.3999999999999551,,0.3999999999999551,1,-0.3338055430635647,,-0.3338055430635647,1,-0.1948003165448036,,-0.1948003165448036,1,22.21257142668593,,22.21257142668593,1,44.61435855998619,,44.61435855998619,1,935.8794729348584,,935.8794729348584,1,1937.954516033092,,1937.954516033092,1
6.01,-0.0714240270722497,,-0.0714240270722497,1,72.04248489786977,,72.04248489786977,1,0.0666666666666591,,0.0666666666666591,1,0.0666666666666591,,0.0666666666666591,1,-0.2929488765668483,,-0.2929488765668483,1,-0.0719977405533411,,-0.0719977405533411,1,21.865745671468712,,21.865745671468712,1,45.60333489036372,,45.60333489036372,1,987.305076974872,,987.305076974872,1,2039.6655704414427,,2039.6655704414427,1
6.0200000000000005,-0.0564514310968196,,-0.0564514310968196,1,65.93304194990306,,65.93304194990306,1,0.2666666666666367,,0.2666666666666367,1,0.1333333333333183,,0.1333333333333183,1,-0.2034277516524855,,-0.2034277516524855,1,-0.0490109090805232,,-0.0490109090805232,1,22.244181894213828,,22.244181894213828,1,44.26847944516364,,44.26847944516364,1,928.9244403610728,,928.9244403610728,1,1912.575375253025,,1912.575375253025,1
6.03,-0.0645402043168374,,-0.0645402043168374,1,68.49941450051132,,68.49941450051132,1,0.1333333333333183,,0.1333333333333183,1,0.2666666666666367,,0.2666666666666367,1,-0.3010302437145549,,-0.3010302437145549,1,-0.1692367167367197,,-0.1692367167367197,1,22.110460114464274,,22.110460114464274,1,45.38505676247184,,45.38505676247184,1,982.8778357413578,,982.8778357413578,1,2026.332817879128,,2026.332817879128,1
6.04,-0.0683943153759539,,-0.0683943153759539,1,70.06097254399899,,70.06097254399899,1,0.0666666666666591,,0.0666666666666591,1,0.0666666666666591,,0.0666666666666591,1,-0.238227328720613,,-0.238227328720613,1,-0.18703807700764,,-0.18703807700764,1,22.148806113476027,,22.148806113476027,1,46.34117669908068,,46.34117669908068,1,1017.9741552744472,,1017.9741552744472,1,2103.7751611538697,,2103.7751611538697,1
6.05,-0.0627553972539637,,-0.0627553972539637,1,67.72676236156619,,67.72676236156619,1,0.1333333333333183,,0.1333333333333183,1,0.0666666666666591,,0.0666666666666591,1,-0.2561527090769598,,-0.2561527090769598,1,-0.1789795781124502,,-0.1789795781124502,1,22.246772380909853,,22.246772380909853,1,46.31500020907326,,46.31500020907326,1,1017.7221153664948,,1017.7221153664948,1,2102.139637130445,,2102.139637130445,1
6.0600000000000005,-0.069814338738439,,-0.069814338738439,1,66.08574830950722,,66.08574830950722,1,0.1333333333333183,,0.1333333333333183,1,0.0666666666666591,,0.0666666666666591,1,-0.0920257148920064,,-0.0920257148920064,1,-0.170575767244006,,-0.170575767244006,1,21.92924996555418,,21.92924996555418,1,45.238267737635,,45.238267737635,1,960.4931309000748,,960.4931309000748,1,1987.919903784364,,1987.919903784364,1
6.07,-0.0670742672447983,,-0.0670742672447983,1,71.11715382188899,,71.11715382188899,1,0.0666666666666591,,0.0666666666666591,1,0.0666666666666591,,0.0666666666666591,1,-0.0680348277976032,,-0.0680348277976032,1,0.018625567933177,,0.018625567933177,1,21.55646081084344,,21.55646081084344,1,43.03854215453948,,43.03854215453948,1,885.3879476019404,,885.3879476019404,1,1830.4987183583144,,1830.4987183583144,1
6.08,-0.0656645442867643,,-0.0656645442867643,1,69.97718862846787,,69.97718862846787,1,0.0666666666666591,,0.0666666666666591,1,0.0666666666666591,,0.0666666666666591,1,-0.2022449625866474,,-0.2022449625866474,1,-0.0691703959645512,,-0.0691703959645512,1,21.637914249639365,,21.637914249639365,1,43.525537334727176,,43.525537334727176,1,900.0736355139779,,900.0736355139779,1,1852.1174574267584,,1852.1174574267584,1
6.09,-0.0672899848507366,,-0.0672899848507366,1,67.73200007677045,,67.73200007677045,1,0.1333333333333183,,0.1333333333333183,1,0.0666666666666591,,0.0666666666666591,1,-0.291883118457554,,-0.291883118457554,1,-0.1965959320484192,,-0.1965959320484192,1,22.45609602901952,,22.45609602901952,1,45.57227595850792,,45.57227595850792,1,978.6291009616008,,978.6291009616008,1,2023.9535983624075,,2023.9535983624075,1
6.1000000000000005,-0.0598246661453022,,-0.0598246661453022,1,63.94673598969193,,63.94673598969193,1,0.1999999999999775,,0.1999999999999775,1,0.0666666666666591,,0.0666666666666591,1,-0.1812670304236765,,-0.1812670304236765,1,-0.1410066928701262,,-0.1410066928701262,1,21.8187806207006,,21.8187806207006,1,45.431510151085874,,45.431510151085874,1,972.4816676881466,,972.4816676881466,1,2013.7585391025552,,2013.7585391025552,1
6.11,-0.0650265465799022,,-0.0650265465799022,1,71.17735465165663,,71.17735465165663,1,0.0666666666666591,,0.0666666666666591,1,0.1333333333333183,,0.1333333333333183,1,-0.0641998263704592,,-0.0641998263704592,1,0.0457356655075045,,0.0457356655075045,1,21.69974217658713,,21.69974217658713,1,43.56764995063787,,43.56764995063787,1,911.2104301888652,,911.2104301888652,1,1880.7907911557,,1880.7907911557,1
6.12,-0.0566827239947724,,-0.0566827239947724,1,65.35114852972148,,65.35114852972148,1,0.2666666666666367,,0.2666666666666367,1,0.0666666666666591,,0.0666666666666591,1,-0.0635955770040234,,-0.0635955770040234,1,-0.136876755375939,,-0.136876755375939,1,22.54133274712455,,22.54133274712455,1,44.49006269429359,,44.49006269429359,1,931.9554826522648,,931.9554826522648,1,1933.808927289529,,1933.808927289529,1
6.13,-0.0659354226001244,,-0.0659354226001244,1,69.09298730765462,,69.09298730765462,1,0.0666666666666591,,0.0666666666666591,1,0.0666666666666591,,0.0666666666666591,1,-0.2918884508093274,,-0.2918884508093274,1,-0.130057407115228,,-0.130057407115228,1,22.69285431173513,,22.69285431173513,1,45.82694851760189,,45.82694851760189,1,1001.7655978391286,,1001.7655978391286,1,2074.258983869636,,2074.258983869636,1
6.140000000000001,-0.071786351018289,,-0.071786351018289,1,69.18051912818518,,69.18051912818518,1,0.1333333333333183,,0.1333333333333183,1,0.1333333333333183,,0.1333333333333183,1,-0.2396445119609091,,-0.2396445119609091,1,-0.166956994970933,,-0.166956994970933,1,22.79187990174702,,22.79187990174702,1,45.94808828731213,,45.94808828731213,1,1003.8198723139144,,1003.8198723139144,1,2078.9825098659744,,2078.9825098659744,1
6.15,-0.0620819009500828,,-0.0620819009500828,1,67.27105760124672,,67.27105760124672,1,0.0666666666666591,,0.0666666666666591,1,0.0666666666666591,,0.0666666666666591,1,-0.2169631353887263,,-0.2169631353887263,1,-0.1130573470447791,,-0.1130573470447791,1,22.41309489768974,,22.41309489768974,1,46.24866006514722,,46.24866006514722,1,1015.1937188170684,,1015.1937188170684,1,2098.0045026941493,,2098.0045026941493,1
6.16,-0.068922291960816,,-0.068922291960816,1,70.33521753501395,,70.33521753501395,1,0.1999999999999775,,0.1999999999999775,1,0.0666666666666591,,0.0666666666666591,1,-0.1991223312302972,,-0.1991223312302972,1,-0.1747303391776819,,-0.1747303391776819,1,21.979773116587904,,21.979773116587904,1,45.903668580403,,45.903668580403,1,1007.7743230234116,,1007.7743230234116,1,2083.191300354515,,2083.191300354515,1
6.17,-0.0688584833924465,,-0.0688584833924465,1,68.35655584898049,,68.35655584898049,1,0.1999999999999775,,0.1999999999999775,1,0.0666666666666591,,0.0666666666666591,1,-0.1704503237273476,,-0.1704503237273476,1,-0.0740968308872671,,-0.0740968308872671,1,22.269251073451453,,22.269251073451453,1,43.85000462172443,,43.85000462172443,1,909.2046854141026,,909.2046854141026,1,1884.6674115850392,,1884.6674115850392,1
6.18,-0.057682571904908,,-0.057682571904908,1,65.46029864568575,,65.46029864568575,1,0.0666666666666591,,0.0666666666666591,1,0.1333333333333183,,0.1333333333333183,1,-0.2191312916431992,,-0.2191312916431992,1,0.094486011325807,,0.094486011325807,1,22.747810977552568,,22.747810977552568,1,45.907087448151984,,45.907087448151984,1,1009.7387236309756,,1009.7387236309756,1,2089.9724048704948,,2089.9724048704948,1
6.19,-0.0599700387444197,,-0.0599700387444197,1,66.59515381899914,,66.59515381899914,1,0.1333333333333183,,0.1333333333333183,1,0.1999999999999775,,0.1999999999999775,1,-0.1036000841703153,,-0.1036000841703153,1,-0.0822312446179628,,-0.0822312446179628,1,22.00339246811381,,22.00339246811381,1,43.78555085141798,,43.78555085141798,1,916.4974535727,,916.4974535727,1,1905.044499833689,,1905.044499833689,1
6.2,-0.065891052397739,,-0.065891052397739,1,71.63366854341642,,71.63366854341642,1,0.3999999999999551,,0.3999999999999551,1,0.0666666666666591,,0.0666666666666591,1,-0.2069857333862062,,-0.2069857333862062,1,-0.2230545788037396,,-0.2230545788037396,1,22.281700362279764,,22.281700362279764,1,46.06638823621549,,46.06638823621549,1,1020.0295348542226,,1020.0295348542226,1,2105.129100553503,,2105.129100553503,1
6.21,-0.066762730379745,,-0.066762730379745,1,69.70204722346628,,69.70204722346628,1,0.0666666666666591,,0.0666666666666591,1,0.0666666666666591,,0.0666666666666591,1,-0.1270397910975146,,-0.1270397910975146,1,-0.0425602416003296,,-0.0425602416003296,1,22.59517002330971,,22.59517002330971,1,45.42521531315269,,45.42521531315269,1,982.7176496575048,,982.7176496575048,1,2038.304170871629,,2038.304170871629,1
6.22,-0.0551433421593586,,-0.0551433421593586,1,63.52802932668761,,63.52802932668761,1,0.0666666666666591,,0.0666666666666591,1,0.0666666666666591,,0.0666666666666591,1,-0.2267667295754555,,-0.2267667295754555,1,-0.0898938829708532,,-0.0898938829708532,1,22.451401588061465,,22.451401588061465,1,44.11402668414216,,44.11402668414216,1,937.440485285139,,937.440485285139,1,1936.9649364269424,,1936.9649364269424,1
6.23,-0.0607188154576393,,-0.0607188154576393,1,66.5936082646829,,66.5936082646829,1,0.1999999999999775,,0.1999999999999775,1,0.0666666666666591,,0.0666666666666591,1,-0.3236358721252954,,-0.3236358721252954,1,-0.0008367284619589,,-0.0008367284619589,1,22.38256129511236,,22.38256129511236,1,46.16497019060304,,46.16497019060304,1,1025.7514800419804,,1025.7514800419804,1,2115.6856259417223,,2115.6856259417223,1
6.24,-0.0564624159023099,,-0.0564624159023099,1,67.488106612659,,67.488106612659,1,0.3333333333332959,,0.3333333333332959,1,0.1999999999999775,,0.1999999999999775,1,-0.2450693376586062,,-0.2450693376586062,1,-0.1592184454045096,,-0.1592184454045096,1,22.199945756242546,,22.199945756242546,1,45.08478197052319,,45.08478197052319,1,970.2565817468392,,970.2565817468392,1,2003.017572183213,,2003.017572183213,1
6.25,-0.0605078878556417,,-0.0605078878556417,1,67.91009216780695,,67.91009216780695,1,0.0666666666666591,,0.0666666666666591,1,0.0666666666666591,,0.0666666666666591,1,-0.2012220135623074,,-0.2012220135623074,1,0.0022818673456313,,0.0022818673456313,1,22.169753545775947,,22.169753545775947,1,44.36998394169081,,44.36998394169081,1,936.8030506645072,,936.8030506645072,1,1945.8773412527416,,1945.8773412527416,1
6.26,-0.0693245048400733,,-0.0693245048400733,1,71.96955118397061,,71.96955118397061,1,0.0666666666666591,,0.0666666666666591,1,0.0666666666666591,,0.0666666666666591,1,-0.257807521717233,,-0.257807521717233,1,-0.1768356444388003,,-0.1768356444388003,1,22.161061278660288,,22.161061278660288,1,45.99120731452054,,45.99120731452054,1,1019.6610890130628,,1019.6610890130628,1,2105.7290532064185,,2105.7290532064185,1
6.2700000000000005,-0.06211366028652,,-0.06211366028652,1,67.97065271226373,,67.97065271226373,1,0.0666666666666591,,0.0666666666666591,1,0.0666666666666591,,0.0666666666666591,1,-0.2534767854974541,,-0.2534767854974541,1,-0.1230394731525537,,-0.1230394731525537,1,22.1292087283437,,22.1292087283437,1,44.29091376380436,,44.29091376380436,1,942.795662054555,,942.795662054555,1,1958.2785887986613,,1958.2785887986613,1
6.28,-0.0671688803788264,,-0.0671688803788264,1,71.22486414513185,,71.22486414513185,1,0.0666666666666591,,0.0666666666666591,1,0.1333333333333183,,0.1333333333333183,1,-0.2607200677517171,,-0.2607200677517171,1,0.0191382664546175,,0.0191382664546175,1,22.079744693621663,,22.079744693621663,1,44.201201105599154,,44.201201105599154,1,950.4186698362424,,950.4186698362424,1,1963.596961700258,,1963.596961700258,1
6.29,-0.056865750563908,,-0.056865750563908,1,67.97236774887278,,67.97236774887278,1,0.1333333333333183,,0.1333333333333183,1,0.1333333333333183,,0.1333333333333183,1,-0.2838223518121625,,-0.2838223518121625,1,-0.1184734354790591,,-0.1184734354790591,1,22.18981656440279,,22.18981656440279,1,44.43148479027391,,44.43148479027391,1,958.906018361958,,958.906018361958,1,1980.947500963827,,1980.947500963827,1
6.3,-0.0530364804073648,,-0.0530364804073648,1,67.09000910154344,,67.09000910154344,1,0.0666666666666591,,0.0666666666666591,1,0.0666666666666591,,0.0666666666666591,1,-0.0789611293647594,,-0.0789611293647594,1,0.0597303318227887,,0.0597303318227887,1,22.5354378868673,,22.5354378868673,1,44.61771081247996,,44.61771081247996,1,964.7685068043784,,964.7685068043784,1,1992.8675903114265,,1992.8675903114265,1
6.3100000000000005,-0.0656721820247896,,-0.0656721820247896,1,73.43568069717787,,73.43568069717787,1,0.0666666666666591,,0.0666666666666591,1,0.0666666666666591,,0.0666666666666591,1,-0.2046074619473356,,-0.2046074619473356,1,-0.138490485043571,,-0.138490485043571,1,22.444620027111853,,22.444620027111853,1,46.93417189828864,,46.93417189828864,1,1058.5443645376502,,1058.5443645376502,1,2184.702245714786,,2184.702245714786,1
6.32,-0.0521296778650477,,-0.0521296778650477,1,67.50308467270844,,67.50308467270844,1,0.2666666666666367,,0.2666666666666367,1,0.0666666666666591,,0.0666666666666591,1,-0.2757201530806867,,-0.2757201530806867,1,-0.141839641337883,,-0.141839641337883,1,22.982025689690328,,22.982025689690328,1,45.535112426351766,,45.535112426351766,1,995.5041446388472,,995.5041446388472,1,2064.273862578677,,2064.273862578677,1
6.33,-0.0552479465067594,,-0.0552479465067594,1,68.64515928324181,,68.64515928324181,1,0.2666666666666367,,0.2666666666666367,1,0.0666666666666591,,0.0666666666666591,1,-0.1742826429925597,,-0.1742826429925597,1,-0.1032926359234702,,-0.1032926359234702,1,22.41420744347714,,22.41420744347714,1,46.57065025040131,,46.57065025040131,1,1049.8936792834145,,1049.8936792834145,1,2165.703370561571,,2165.703370561571,1
6.34,-0.0584588516440691,,-0.0584588516440691,1,67.94022610271382,,67.94022610271382,1,0.2666666666666367,,0.2666666666666367,1,0.733333333333251,,0.733333333333251,1,-0.2100456134868904,,-0.2100456134868904,1,-0.0724179336835524,,-0.0724179336835524,1,22.416276145363582,,22.416276145363582,1,44.91278813157366,,44.91278813157366,1,969.1985929954184,,969.1985929954184,1,2011.612512164571,,2011.612512164571,1
6.3500000000000005,-0.051039844851203,,-0.051039844851203,1,67.42725995674425,,67.42725995674425,1,0.1333333333333183,,0.1333333333333183,1,0.1333333333333183,,0.1333333333333183,1,-0.2430572181062808,,-0.2430572181062808,1,-0.112809098353465,,-0.112809098353465,1,22.397692477378875,,22.397692477378875,1,44.87695257130974,,44.87695257130974,1,971.1330506628068,,971.1330506628068,1,2015.5955432595429,,2015.5955432595429,1
6.36,-0.0610900054057456,,-0.0610900054057456,1,70.25845883734277,,70.25845883734277,1,0.0666666666666591,,0.0666666666666591,1,0.1333333333333183,,0.1333333333333183,1,-0.2686242148769519,,-0.2686242148769519,1,-0.1805817658057391,,-0.1805817658057391,1,22.71328499360112,,22.71328499360112,1,46.89121413431944,,46.89121413431944,1,1065.4583021724893,,1065.4583021724893,1,2200.100253968887,,2200.100253968887,1
6.37,-0.0621339743943454,,-0.0621339743943454,1,68.1119381450657,,68.1119381450657,1,0.1333333333333183,,0.1333333333333183,1,0.1333333333333183,,0.1333333333333183,1,-0.3009738567632569,,-0.3009738567632569,1,-0.11237853355445,,-0.11237853355445,1,22.650796894936946,,22.650796894936946,1,44.9614387735625,,44.9614387735625,1,979.851171206238,,979.851171206238,1,2024.662642884076,,2024.662642884076,1
6.38,-0.0706962764420018,,-0.0706962764420018,1,72.89481895665676,,72.89481895665676,1,0.1333333333333183,,0.1333333333333183,1,0.0666666666666591,,0.0666666666666591,1,-0.2747073873940205,,-0.2747073873940205,1,-0.1233853919877186,,-0.1233853919877186,1,22.45558868073969,,22.45558868073969,1,46.95985993967811,,46.95985993967811,1,1068.0304818709424,,1068.0304818709424,1,2203.8044401047737,,2203.8044401047737,1
6.390000000000001,-0.0612556212312036,,-0.0612556212312036,1,66.74911568306477,,66.74911568306477,1,0.1333333333333183,,0.1333333333333183,1,0.1333333333333183,,0.1333333333333183,1,-0.2841088455367173,,-0.2841088455367173,1,-0.0404128000545236,,-0.0404128000545236,1,22.77212349721388,,22.77212349721388,1,45.76734289540519,,45.76734289540519,1,1022.2879896228262,,1022.2879896228262,1,2104.235199109042,,2104.235199109042,1
6.4,-0.059352700934201,,-0.059352700934201,1,67.3427868381643,,67.3427868381643,1,0.0666666666666591,,0.0666666666666591,1,0.5999999999999327,,0.5999999999999327,1,-0.2093430333279511,,-0.2093430333279511,1,-0.0813040428744073,,-0.0813040428744073,1,22.941556930452823,,22.941556930452823,1,46.24300335166589,,46.24300335166589,1,1037.0948988528753,,1037.0948988528753,1,2145.902671785835,,2145.902671785835,1
6.41,-0.0664259037014616,,-0.0664259037014616,1,69.37754392161206,,69.37754392161206,1,0.0666666666666591,,0.0666666666666591,1,0.0666666666666591,,0.0666666666666591,1,-0.2296952191226695,,-0.2296952191226695,1,-0.1188661510080945,,-0.1188661510080945,1,22.86789912070177,,22.86789912070177,1,45.41839686284956,,45.41839686284956,1,999.9215508044332,,999.9215508044332,1,2064.424518283191,,2064.424518283191,1
6.42,-0.0681627152678265,,-0.0681627152678265,1,70.61812923549945,,70.61812923549945,1,0.0666666666666591,,0.0666666666666591,1,0.0666666666666591,,0.0666666666666591,1,-0.3039533201004809,,-0.3039533201004809,1,-0.1809633548975395,,-0.1809633548975395,1,22.68283678809736,,22.68283678809736,1,46.20082983414463,,46.20082983414463,1,1038.6957277170618,,1038.6957277170618,1,2141.8253424218665,,2141.8253424218665,1
6.43,-0.0602625160225329,,-0.0602625160225329,1,65.54812493276822,,65.54812493276822,1,0.0666666666666591,,0.0666666666666591,1,0.0666666666666591,,0.0666666666666591,1,-0.2120553367224217,,-0.2120553367224217,1,-0.0610763915718826,,-0.0610763915718826,1,22.843773408974428,,22.843773408974428,1,45.49433292516549,,45.49433292516549,1,1001.3187642145616,,1001.3187642145616,1,2073.6482845215974,,2073.6482845215974,1
6.44,-0.0651614613894637,,-0.0651614613894637,1,69.97436713988392,,69.97436713988392,1,0.0666666666666591,,0.0666666666666591,1,0.0666666666666591,,0.0666666666666591,1,0.0053687503776107,,0.0053687503776107,1,-0.1871965862678679,,-0.1871965862678679,1,22.67112905090725,,22.67112905090725,1,46.82123553407909,,46.82123553407909,1,1067.32210661367,,1067.32210661367,1,2199.193643741746,,2199.193643741746,1
6.45,-0.0532616517790302,,-0.0532616517790302,1,68.20199390438637,,68.20199390438637,1,0.2666666666666367,,0.2666666666666367,1,0.0666666666666591,,0.0666666666666591,1,-0.2006649011552251,,-0.2006649011552251,1,-0.1046885016530445,,-0.1046885016530445,1,22.64402060298843,,22.64402060298843,1,45.4232154028714,,45.4232154028714,1,1001.2410451135082,,1001.2410451135082,1,2076.374843619465,,2076.374843619465,1
6.46,-0.0681189317677841,,-0.0681189317677841,1,68.37162055927712,,68.37162055927712,1,0.0666666666666591,,0.0666666666666591,1,0.0666666666666591,,0.0666666666666591,1,-0.1330131948625038,,-0.1330131948625038,1,-0.126565825561762,,-0.126565825561762,1,22.600676025642727,,22.600676025642727,1,46.2206925737142,,46.2206925737142,1,1046.2843982775748,,1046.2843982775748,1,2153.505629016344,,2153.505629016344,1
6.47,-0.0619832096083525,,-0.0619832096083525,1,67.79985478197203,,67.79985478197203,1,0.1333333333333183,,0.1333333333333183,1,0.1333333333333183,,0.1333333333333183,1,-0.0504011924570678,,-0.0504011924570678,1,0.0603930906412729,,0.0603930906412729,1,22.64626550237116,,22.64626550237116,1,46.14051422776515,,46.14051422776515,1,1043.1952103929136,,1043.1952103929136,1,2148.034992556181,,2148.034992556181,1
6.48,-0.0663572732748679,,-0.0663572732748679,1,71.22261290832768,,71.22261290832768,1,0.0666666666666591,,0.0666666666666591,1,0.0666666666666591,,0.0666666666666591,1,0.0517800908149995,,0.0517800908149995,1,0.0817473421516258,,0.0817473421516258,1,22.738241626421978,,22.738241626421978,1,47.0756935047089,,47.0756935047089,1,1079.596358132613,,1079.596358132613,1,2229.018462431509,,2229.018462431509,1
6.49,-0.0526371991530251,,-0.0526371991530251,1,65.67988364546554,,65.67988364546554,1,0.0666666666666591,,0.0666666666666591,1,0.0666666666666591,,0.0666666666666591,1,-0.040635506203234,,-0.040635506203234,1,0.109141387971823,,0.109141387971823,1,22.94776796872744,,22.94776796872744,1,46.67903354180343,,46.67903354180343,1,1060.5149640142945,,1060.5149640142945,1,2194.6943456603453,,2194.6943456603453,1
6.5,-0.0591085952965982,,-0.0591085952965982,1,68.54074436319141,,68.54074436319141,1,0.0666666666666591,,0.0666666666666591,1,0.0666666666666591,,0.0666666666666591,1,-0.2168660527727509,,-0.2168660527727509,1,-0.0998808189111879,,-0.0998808189111879,1,22.874993362751987,,22.874993362751987,1,45.92391917574894,,45.92391917574894,1,1032.4180604115336,,1032.4180604115336,1,2130.9509455706625,,2130.9509455706625,1
6.51,-0.065100758169378,,-0.065100758169378,1,68.45215255346797,,68.45215255346797,1,0.0666666666666591,,0.0666666666666591,1,0.1999999999999775,,0.1999999999999775,1,-0.3208715677281715,,-0.3208715677281715,1,-0.194653364534576,,-0.194653364534576,1,23.02874251323849,,23.02874251323849,1,46.67981624926451,,46.67981624926451,1,1068.1373238052654,,1068.1373238052654,1,2201.2234146958413,,2201.2234146958413,1
6.5200000000000005,-0.0585580679649839,,-0.0585580679649839,1,65.73679765158253,,65.73679765158253,1,0.0666666666666591,,0.0666666666666591,1,0.0666666666666591,,0.0666666666666591,1,-0.2844292056060347,,-0.2844292056060347,1,-0.0715763262448801,,-0.0715763262448801,1,23.124964393017727,,23.124964393017727,1,46.59764609060057,,46.59764609060057,1,1061.288684432895,,1061.288684432895,1,2195.459581838365,,2195.459581838365,1
6.53,-0.0680384150993894,,-0.0680384150993894,1,67.48999835371245,,67.48999835371245,1,0.1333333333333183,,0.1333333333333183,1,0.0666666666666591,,0.0666666666666591,1,-0.2679921600272989,,-0.2679921600272989,1,-0.0370829711216233,,-0.0370829711216233,1,23.28611906561211,,23.28611906561211,1,47.6109137517204,,47.6109137517204,1,1106.3710545069127,,1106.3710545069127,1,2285.455906860723,,2285.455906860723,1
6.54,-0.0569845422477663,,-0.0569845422477663,1,67.9897623982461,,67.9897623982461,1,0.0666666666666591,,0.0666666666666591,1,0.1999999999999775,,0.1999999999999775,1,-0.2430605739215603,,-0.2430605739215603,1,0.0539569774893685,,0.0539569774893685,1,22.960949877277173,,22.960949877277173,1,46.11333706455695,,46.11333706455695,1,1035.5717293713856,,1035.5717293713856,1,2145.7575139673418,,2145.7575139673418,1
6.55,-0.0655712028634479,,-0.0655712028634479,1,70.46889725243292,,70.46889725243292,1,0.0666666666666591,,0.0666666666666591,1,0.0666666666666591,,0.0666666666666591,1,-0.3085802616899953,,-0.3085802616899953,1,-0.1408678124002393,,-0.1408678124002393,1,22.945295008546903,,22.945295008546903,1,46.08398220924382,,46.08398220924382,1,1035.4910906681037,,1035.4910906681037,1,2145.5343551649385,,2145.5343551649385,1
6.5600000000000005,-0.0596106905521623,,-0.0596106905521623,1,67.72040246899184,,67.72040246899184,1,0.0666666666666591,,0.0666666666666591,1,0.1333333333333183,,0.1333333333333183,1,-0.2488997467877756,,-0.2488997467877756,1,0.0413846428980351,,0.0413846428980351,1,23.033522466816454,,23.033522466816454,1,46.571078967845125,,46.571078967845125,1,1060.0453390010248,,1060.0453390010248,1,2191.7360620454524,,2191.7360620454524,1
6.57,-0.0629364491176959,,-0.0629364491176959,1,68.65142956133525,,68.65142956133525,1,0.0666666666666591,,0.0666666666666591,1,0.0666666666666591,,0.0666666666666591,1,-0.2623106127800233,,-0.2623106127800233,1,-0.0217060428173034,,-0.0217060428173034,1,22.873643476595426,,22.873643476595426,1,45.94199544156076,,45.94199544156076,1,1033.8298836789074,,1033.8298836789074,1,2133.6374725723795,,2133.6374725723795,1
6.58,-0.0592403119024904,,-0.0592403119024904,1,70.59723950541698,,70.59723950541698,1,0.0666666666666591,,0.0666666666666591,1,0.1999999999999775,,0.1999999999999775,1,-0.2219148336263825,,-0.2219148336263825,1,-0.1340908937101138,,-0.1340908937101138,1,23.3913314392734,,23.3913314392734,1,47.604399232033856,,47.604399232033856,1,1112.09049844294,,1112.09049844294,1,2295.104847449652,,2295.104847449652,1
6.59,-0.0554902871011233,,-0.0554902871011233,1,66.42935437680225,,66.42935437680225,1,0.0666666666666591,,0.0666666666666591,1,0.1333333333333183,,0.1333333333333183,1,-0.2490439349245646,,-0.2490439349245646,1,-0.08540359291872,,-0.08540359291872,1,23.01653040558717,,23.01653040558717,1,47.43842711268273,,47.43842711268273,1,1104.7664618312938,,1104.7664618312938,1,2276.6891610511675,,2276.6891610511675,1
6.6000000000000005,-0.0592790329670822,,-0.0592790329670822,1,64.22797908396275,,64.22797908396275,1,0.0666666666666591,,0.0666666666666591,1,0.1333333333333183,,0.1333333333333183,1,-0.2987987241622096,,-0.2987987241622096,1,-0.0290455462776084,,-0.0290455462776084,1,23.09028785099872,,23.09028785099872,1,46.76609511718368,,46.76609511718368,1,1071.7646704681756,,1071.7646704681756,1,2217.5173026460675,,2217.5173026460675,1
6.61,-0.057343835776326,,-0.057343835776326,1,64.70298102405285,,64.70298102405285,1,0.2666666666666367,,0.2666666666666367,1,0.1333333333333183,,0.1333333333333183,1,-0.0486759214165882,,-0.0486759214165882,1,-0.129572097762088,,-0.129572097762088,1,23.151293159467016,,23.151293159467016,1,46.64484288784109,,46.64484288784109,1,1071.9048324312664,,1071.9048324312664,1,2205.863033217682,,2205.863033217682,1
6.62,-0.058747012524817,,-0.058747012524817,1,66.4037750170809,,66.4037750170809,1,0.0666666666666591,,0.0666666666666591,1,0.0666666666666591,,0.0666666666666591,1,-0.1639033884374854,,-0.1639033884374854,1,0.020523057808239,,0.020523057808239,1,23.19958728396453,,23.19958728396453,1,47.13303985932026,,47.13303985932026,1,1094.501825704742,,1094.501825704742,1,2256.5089033471145,,2256.5089033471145,1
6.63,-0.0628269392182772,,-0.0628269392182772,1,69.42225818603684,,69.42225818603684,1,0.1333333333333183,,0.1333333333333183,1,0.1333333333333183,,0.1333333333333183,1,-0.2893243922872655,,-0.2893243922872655,1,-0.1732496403626817,,-0.1732496403626817,1,23.439736108103183,,23.439736108103183,1,47.58360331455786,,47.58360331455786,1,1111.170907960798,,1111.170907960798,1,2293.7570453595263,,2293.7570453595263,1
6.640000000000001,-0.0597496467117196,,-0.0597496467117196,1,68.74736255579066,,68.74736255579066,1,0.3333333333332959,,0.3333333333332959,1,0.0666666666666591,,0.0666666666666591,1,-0.2015213566949571,,-0.2015213566949571,1,-0.062856901148491,,-0.062856901148491,1,23.25868693791765,,23.25868693791765,1,47.188404437762,,47.188404437762,1,1096.845323999452,,1096.845323999452,1,2258.3122778494326,,2258.3122778494326,1
6.65,-0.0512915792401421,,-0.0512915792401421,1,63.62997679915171,,63.62997679915171,1,0.0666666666666591,,0.0666666666666591,1,0.1333333333333183,,0.1333333333333183,1,-0.3001979296876472,,-0.3001979296876472,1,-0.1091602719732143,,-0.1091602719732143,1,23.270040781491407,,23.270040781491407,1,46.79379410200846,,46.79379410200846,1,1074.6517777187985,,1074.6517777187985,1,2220.5058757449005,,2220.5058757449005,1
6.66,-0.0519323820542306,,-0.0519323820542306,1,63.70814057375628,,63.70814057375628,1,0.0666666666666591,,0.0666666666666591,1,0.0666666666666591,,0.0666666666666591,1,-0.2449582503248502,,-0.2449582503248502,1,0.0410817726459379,,0.0410817726459379,1,23.26976616680865,,23.26976616680865,1,46.79639912056405,,46.79639912056405,1,1073.767210945969,,1073.767210945969,1,2222.7719767879767,,2222.7719767879767,1
6.67,-0.0556957361729849,,-0.0556957361729849,1,68.41019404829674,,68.41019404829674,1,0.0666666666666591,,0.0666666666666591,1,0.0666666666666591,,0.0666666666666591,1,-0.2441119140581654,,-0.2441119140581654,1,-0.0755732329065899,,-0.0755732329065899,1,23.25832933867791,,23.25832933867791,1,47.53141895316411,,47.53141895316411,1,1113.8105877921507,,1113.8105877921507,1,2299.5752814313832,,2299.5752814313832,1
6.68,-0.047635306467808,,-0.047635306467808,1,66.34172733554274,,66.34172733554274,1,0.3333333333332959,,0.3333333333332959,1,0.0666666666666591,,0.0666666666666591,1,-0.2004561543588544,,-0.2004561543588544,1,-0.0607763422029047,,-0.0607763422029047,1,23.259588467855657,,23.259588467855657,1,46.73360911983028,,46.73360911983028,1,1071.0694934957944,,1071.0694934957944,1,2217.0470063331954,,2217.0470063331954,1
6.69,-0.0608808967866395,,-0.0608808967866395,1,69.70321595101393,,69.70321595101393,1,0.1999999999999775,,0.1999999999999775,1,0.0666666666666591,,0.0666666666666591,1,-0.2960077878034478,,-0.2960077878034478,1,-0.0257879186261495,,-0.0257879186261495,1,23.291804911826382,,23.291804911826382,1,47.87794525936049,,47.87794525936049,1,1132.6722281679026,,1132.6722281679026,1,2336.113353114608,,2336.113353114608,1
6.7,-0.0574116332765615,,-0.0574116332765615,1,68.14912746572446,,68.14912746572446,1,0.1333333333333183,,0.1333333333333183,1,0.0666666666666591,,0.0666666666666591,1,-0.2972602133601887,,-0.2972602133601887,1,-0.2127531265620706,,-0.2127531265620706,1,23.171995556494856,,23.171995556494856,1,46.84781449382377,,46.84781449382377,1,1084.2462694617116,,1084.2462694617116,1,2233.8458552553484,,2233.8458552553484,1
6.71,-0.0479726691849553,,-0.0479726691849553,1,69.48718214596718,,69.48718214596718,1,0.4666666666666142,,0.4666666666666142,1,0.2666666666666367,,0.2666666666666367,1,-0.164756443055598,,-0.164756443055598,1,-0.1474252176053342,,-0.1474252176053342,1,23.25890552205662,,23.25890552205662,1,47.01815343819342,,47.01815343819342,1,1095.813156331334,,1095.813156331334,1,2252.3231552331217,,2252.3231552331217,1
6.72,-0.0693393225377614,,-0.0693393225377614,1,72.20418407545749,,72.20418407545749,1,0.1333333333333183,,0.1333333333333183,1,0.0666666666666591,,0.0666666666666591,1,-0.2044404360140122,,-0.2044404360140122,1,-0.080331939358941,,-0.080331939358941,1,23.33618904250267,,23.33618904250267,1,46.960185789058286,,46.960185789058286,1,1091.2792176288535,,1091.2792176288535,1,2250.8426585662164,,2250.8426585662164,1
6.73,-0.0544805256306937,,-0.0544805256306937,1,66.3211320497754,,66.3211320497754,1,0.0666666666666591,,0.0666666666666591,1,0.3333333333332959,,0.3333333333332959,1,-0.2966383818462987,,-0.2966383818462987,1,-0.1673634711420228,,-0.1673634711420228,1,23.593827111113423,,23.593827111113423,1,47.10307936833143,,47.10307936833143,1,1099.3693750715993,,1099.3693750715993,1,2267.394678692214,,2267.394678692214,1
6.74,-0.0646405273529094,,-0.0646405273529094,1,72.73013387000293,,72.73013387000293,1,0.3999999999999551,,0.3999999999999551,1,0.0666666666666591,,0.0666666666666591,1,-0.199584745640845,,-0.199584745640845,1,-0.0843678694261445,,-0.0843678694261445,1,23.461834723670336,,23.461834723670336,1,47.226122912569465,,47.226122912569465,1,1106.3964740943195,,1106.3964740943195,1,2281.752531068305,,2281.752531068305,1
6.75,-0.0523137171866693,,-0.0523137171866693,1,69.64568345056752,,69.64568345056752,1,0.3333333333332959,,0.3333333333332959,1,0.0666666666666591,,0.0666666666666591,1,-0.1973363800369881,,-0.1973363800369881,1,-0.1129005173763386,,-0.1129005173763386,1,23.510320781560363,,23.510320781560363,1,48.04537707392012,,48.04537707392012,1,1146.779090533143,,1146.779090533143,1,2361.058945560331,,2361.058945560331,1
6.76,-0.0585931102617689,,-0.0585931102617689,1,68.8591244903987,,68.8591244903987,1,0.3333333333332959,,0.3333333333332959,1,0.1333333333333183,,0.1333333333333183,1,-0.176888243929692,,-0.176888243929692,1,0.0252681099595818,,0.0252681099595818,1,23.549424515936344,,23.549424515936344,1,47.4135328766064,,47.4135328766064,1,1116.9804787488968,,1116.9804787488968,1,2303.307325366316,,2303.307325366316,1
6.7700000000000005,-0.061668816432397,,-0.061668816432397,1,68.68942837887764,,68.68942837887764,1,0.0666666666666591,,0.0666666666666591,1,0.0666666666666591,,0.0666666666666591,1,-0.1004736412807302,,-0.1004736412807302,1,-0.0782810055290499,,-0.0782810055290499,1,23.57934299751008,,23.57934299751008,1,47.47861203639332,,47.47861203639332,1,1120.4007331309786,,1120.4007331309786,1,2310.2230837890006,,2310.2230837890006,1
6.78,-0.051762904004727,,-0.051762904004727,1,65.86981778510898,,65.86981778510898,1,0.2666666666666367,,0.2666666666666367,1,0.1333333333333183,,0.1333333333333183,1,-0.2653725137223431,,-0.2653725137223431,1,-0.051762948142686,,-0.051762948142686,1,23.600321151029583,,23.600321151029583,1,47.52525217402145,,47.52525217402145,1,1122.485904034079,,1122.485904034079,1,2314.38494077767,,2314.38494077767,1
6.79,-0.0513441397701545,,-0.0513441397701545,1,65.03878357291966,,65.03878357291966,1,0.3333333333332959,,0.3333333333332959,1,0.0666666666666591,,0.0666666666666591,1,-0.2488332544756771,,-0.2488332544756771,1,-0.0921819363604705,,-0.0921819363604705,1,23.612647295939023,,23.612647295939023,1,47.554050995311975,,47.554050995311975,1,1123.1744413421432,,1123.1744413421432,1,2315.666338669669,,2315.666338669669,1
6.8,-0.0580725192131307,,-0.0580725192131307,1,65.67182489594742,,65.67182489594742,1,0.0666666666666591,,0.0666666666666591,1,0.0666666666666591,,0.0666666666666591,1,-0.2203623184912729,,-0.2203623184912729,1,-0.0244787043957909,,-0.0244787043957909,1,23.61664822231992,,23.61664822231992,1,47.565685433011446,,47.565685433011446,1,1122.4087284769262,,1122.4087284769262,1,2313.948854089558,,2313.948854089558,1
6.8100000000000005,-0.0605772998993866,,-0.0605772998993866,1,68.96379293314548,,68.96379293314548,1,0.1333333333333183,,0.1333333333333183,1,0.1999999999999775,,0.1999999999999775,1,-0.1219620409513671,,-0.1219620409513671,1,-0.1559864836190979,,-0.1559864836190979,1,23.6126839447342,,23.6126839447342,1,47.56090080756033,,47.56090080756033,1,1120.135773118139,,1120.135773118139,1,2310.069795201374,,2310.069795201374,1
6.82,-0.057074917979356,,-0.057074917979356,1,69.06913611878193,,69.06913611878193,1,0.0666666666666591,,0.0666666666666591,1,0.1333333333333183,,0.1333333333333183,1,-0.18711752516079,,-0.18711752516079,1,-0.0423188349088139,,-0.0423188349088139,1,23.601142275987858,,23.601142275987858,1,47.54049961951858,,47.54049961951858,1,1116.307890038558,,1116.307890038558,1,2306.651524899724,,2306.651524899724,1
6.83,-0.0505652975695482,,-0.0505652975695482,1,64.20321392075994,,64.20321392075994,1,0.0666666666666591,,0.0666666666666591,1,0.1333333333333183,,0.1333333333333183,1,-0.255998264319559,,-0.255998264319559,1,0.0878260610159421,,0.0878260610159421,1,23.58243335670453,,23.58243335670453,1,47.50533025402196,,47.50533025402196,1,1119.9852383464563,,1119.9852383464563,1,2301.5707815099463,,2301.5707815099463,1
6.84,-0.0487834015946502,,-0.0487834015946502,1,65.72013924274695,,65.72013924274695,1,0.0666666666666591,,0.0666666666666591,1,0.3999999999999551,,0.3999999999999551,1,-0.2214612216079796,,-0.2214612216079796,1,-0.1370218857494764,,-0.1370218857494764,1,23.55698426576999,,23.55698426576999,1,47.45627585520195,,47.45627585520195,1,1109.6052239556852,,1109.6052239556852,1,2294.1289124622563,,2294.1289124622563,1
6.8500000000000005,-0.0459572777406525,,-0.0459572777406525,1,67.3566311161453,,67.3566311161453,1,0.3999999999999551,,0.3999999999999551,1,0.0666666666666591,,0.0666666666666591,1,-0.1658209674607894,,-0.1658209674607894,1,-0.0628348714025087,,-0.0628348714025087,1,23.525233822176776,,23.525233822176776,1,47.3942435984472,,47.3942435984472,1,1107.8524163412865,,1107.8524163412865,1,2285.491664565171,,2285.491664565171,1
6.86,-0.0569733064703103,,-0.0569733064703103,1,66.59519952630724,,66.59519952630724,1,0.0666666666666591,,0.0666666666666591,1,0.0666666666666591,,0.0666666666666591,1,-0.2455847034265116,,-0.2455847034265116,1,-0.0621314592211259,,-0.0621314592211259,1,23.562805303054247,,23.562805303054247,1,47.80747654858553,,47.80747654858553,1,1131.825982236393,,1131.825982236393,1,2332.793365865355,,2332.793365865355,1
6.87,-0.0558515768386519,,-0.0558515768386519,1,68.23759659643646,,68.23759659643646,1,0.0666666666666591,,0.0666666666666591,1,0.0666666666666591,,0.0666666666666591,1,-0.2230360293098147,,-0.2230360293098147,1,0.0382884190756616,,0.0382884190756616,1,23.63516125983647,,23.63516125983647,1,47.63412006205235,,47.63412006205235,1,1126.7585326156911,,1126.7585326156911,1,2322.825022638625,,2322.825022638625,1
6.88,-0.0609594382322212,,-0.0609594382322212,1,70.3114800393306,,70.3114800393306,1,0.0666666666666591,,0.0666666666666591,1,0.0666666666666591,,0.0666666666666591,1,-0.0999977450668765,,-0.0999977450668765,1,-0.0225142207438966,,-0.0225142207438966,1,23.700933288722418,,23.700933288722418,1,47.77327560141508,,47.77327560141508,1,1135.3331940186242,,1135.3331940186242,1,2340.381679013048,,2340.381679013048,1
6.890000000000001,-0.0579302932568583,,-0.0579302932568583,1,66.44839636128084,,66.44839636128084,1,0.0666666666666591,,0.0666666666666591,1,0.0666666666666591,,0.0666666666666591,1,-0.0206340824342333,,-0.0206340824342333,1,-0.0310831682482703,,-0.0310831682482703,1,23.76019568129714,,23.76019568129714,1,47.89900686787156,,47.89900686787156,1,1143.2851391237589,,1143.2851391237589,1,2356.6537449986645,,2356.6537449986645,1
6.9,-0.0564348453856519,,-0.0564348453856519,1,66.47088062140998,,66.47088062140998,1,0.0666666666666591,,0.0666666666666591,1,0.0666666666666591,,0.0666666666666591,1,-0.2986992621305886,,-0.2986992621305886,1,-0.1373628558443408,,-0.1373628558443408,1,23.813050054729,,23.813050054729,1,48.01152544882089,,48.01152544882089,1,1150.5882193282769,,1150.5882193282769,1,2371.587502561584,,2371.587502561584,1
6.91,-0.0637170427461287,,-0.0637170427461287,1,68.89091747153975,,68.89091747153975,1,0.1999999999999775,,0.1999999999999775,1,0.1333333333333183,,0.1333333333333183,1,-0.0992683209566483,,-0.0992683209566483,1,-0.099160621788844,,-0.099160621788844,1,23.859623799610223,,23.859623799610223,1,48.111096016244815,,48.111096016244815,1,1157.2178875815923,,1157.2178875815923,1,2385.132543537374,,2385.132543537374,1
6.92,-0.0532975622486225,,-0.0532975622486225,1,66.10104986690146,,66.10104986690146,1,0.0666666666666591,,0.0666666666666591,1,0.0666666666666591,,0.0666666666666591,1,-0.2380511074065456,,-0.2380511074065456,1,0.0212937131938588,,0.0212937131938588,1,23.90006828628956,,23.90006828628956,1,48.19803261701576,,48.19803261701576,1,1163.1514037276393,,1163.1514037276393,1,2397.242192150746,,2397.242192150746,1
6.93,-0.0699257461649472,,-0.0699257461649472,1,72.20692940863894,,72.20692940863894,1,0.0666666666666591,,0.0666666666666591,1,0.1333333333333183,,0.1333333333333183,1,-0.2388083694494473,,-0.2388083694494473,1,-0.1534981430106596,,-0.1534981430106596,1,23.93455687153007,,23.93455687153007,1,48.27269455263142,,48.27269455263142,1,1168.368035123711,,1168.368035123711,1,2407.873917695964,,2407.873917695964,1
6.94,-0.0509747009966834,,-0.0509747009966834,1,65.61079867028845,,65.61079867028845,1,0.0666666666666591,,0.0666666666666591,1,0.0666666666666591,,0.0666666666666591,1,-0.0255162988109341,,-0.0255162988109341,1,0.0392858002924028,,0.0392858002924028,1,23.96328274938829,,23.96328274938829,1,48.33548193898498,,48.33548193898498,1,1172.8492501559956,,1172.8492501559956,1,2416.989732476183,,2416.989732476183,1
6.95,-0.0487638972778165,,-0.0487638972778165,1,66.32703776007511,,66.32703776007511,1,0.2666666666666367,,0.2666666666666367,1,0.1333333333333183,,0.1333333333333183,1,-0.2899550862653617,,-0.2899550862653617,1,-0.0660631287378303,,-0.0660631287378303,1,23.986456690979963,,23.986456690979963,1,48.386831038331536,,48.386831038331536,1,1176.5789022600966,,1176.5789022600966,1,2424.5565700769894,,2424.5565700769894,1
6.96,-0.0490988062854699,,-0.0490988062854699,1,66.55398633528353,,66.55398633528353,1,0.3333333333332959,,0.3333333333332959,1,0.0666666666666591,,0.0666666666666591,1,-0.2027260731639853,,-0.2027260731639853,1,-0.062806506808255,,-0.062806506808255,1,24.00430471712685,,24.00430471712685,1,48.42720945420267,,48.42720945420267,1,1179.5434020691653,,1179.5434020691653,1,2430.5466390806014,,2430.5466390806014,1
6.97,-0.0526775011157868,,-0.0526775011157868,1,66.51384249635609,,66.51384249635609,1,0.1333333333333183,,0.1333333333333183,1,0.2666666666666367,,0.2666666666666367,1,-0.2896952269489034,,-0.2896952269489034,1,-0.1742707043977698,,-0.1742707043977698,1,24.017065746040547,,24.017065746040547,1,48.45711127619001,,48.45711127619001,1,1181.731875373888,,1181.731875373888,1,2434.9377474558373,,2434.9377474558373,1
6.98,-0.0627051211271732,,-0.0627051211271732,1,68.28870218973901,,68.28870218973901,1,0.1333333333333183,,0.1333333333333183,1,0.1333333333333183,,0.1333333333333183,1,-0.0203935553099815,,-0.0203935553099815,1,0.0224515618473902,,0.0224515618473902,1,24.02498925536766,,24.02498925536766,1,48.8021726144282,,48.8021726144282,1,1193.929146584451,,1193.929146584451,1,2459.1150837953405,,2459.1150837953405,1
6.99,-0.0555603810385307,,-0.0555603810385307,1,64.30075805599091,,64.30075805599091,1,0.2666666666666367,,0.2666666666666367,1,0.1999999999999775,,0.1999999999999775,1,-0.217302722334618,,-0.217302722334618,1,-0.1150741995930464,,-0.1150741995930464,1,24.028332994242987,,24.028332994242987,1,48.48756508584548,,48.48756508584548,1,1183.7516524085029,,1183.7516524085029,1,2438.864016300374,,2438.864016300374,1
7.0,-0.0558982657463844,,-0.0558982657463844,1,67.2899576619559,,67.2899576619559,1,0.0666666666666591,,0.0666666666666591,1,0.0666666666666591,,0.0666666666666591,1,-0.2276638099749858,,-0.2276638099749858,1,-0.1257352760928924,,-0.1257352760928924,1,24.027360776700323,,24.027360776700323,1,48.48919485089847,,48.48919485089847,1,1183.575963605594,,1183.575963605594,1,2438.3852103739864,,2438.3852103739864,1
7.01,-0.0560383590962741,,-0.0560383590962741,1,64.53815308219346,,64.53815308219346,1,0.0666666666666591,,0.0666666666666591,1,0.2666666666666367,,0.2666666666666367,1,-0.2656343227192273,,-0.2656343227192273,1,-0.1392244890163117,,-0.1392244890163117,1,24.022340383115395,,24.022340383115395,1,48.48249469879083,,48.48249469879083,1,1182.6104470249504,,1182.6104470249504,1,2436.2798870834404,,2436.2798870834404,1
7.0200000000000005,-0.0499231843474039,,-0.0499231843474039,1,64.74668996378927,,64.74668996378927,1,0.0666666666666591,,0.0666666666666591,1,0.0666666666666591,,0.0666666666666591,1,-0.0469590182723846,,-0.0469590182723846,1,0.1515199455305077,,0.1515199455305077,1,24.013541591489275,,24.013541591489275,1,48.46802178295755,,48.46802178295755,1,1180.8595327828496,,1180.8595327828496,1,2432.557394205342,,2432.557394205342,1
7.03,-0.0488510545621637,,-0.0488510545621637,1,67.05782200978817,,67.05782200978817,1,0.0666666666666591,,0.0666666666666591,1,0.0666666666666591,,0.0666666666666591,1,-0.2767420749987498,,-0.2767420749987498,1,-0.0997232685903722,,-0.0997232685903722,1,24.00123435540811,,24.00123435540811,1,48.53766810259,,48.53766810259,1,1188.7731742238525,,1188.7731742238525,1,2446.2145419081075,,2446.2145419081075,1
7.04,-0.0496276878472021,,-0.0496276878472021,1,63.80906030185459,,63.80906030185459,1,0.3999999999999551,,0.3999999999999551,1,0.0666666666666591,,0.0666666666666591,1,-0.2107041002718076,,-0.2107041002718076,1,-0.0206333425639123,,-0.0206333425639123,1,24.09497009965978,,24.09497009965978,1,48.41798409936162,,48.41798409936162,1,1175.0355145335277,,1175.0355145335277,1,2420.331824809327,,2420.331824809327,1
7.05,-0.0596326265934587,,-0.0596326265934587,1,67.85699467954375,,67.85699467954375,1,0.0666666666666591,,0.0666666666666591,1,0.0666666666666591,,0.0666666666666591,1,-0.0801555544588211,,-0.0801555544588211,1,-0.115229740416207,,-0.115229740416207,1,24.149649557570022,,24.149649557570022,1,48.38352152785683,,48.38352152785683,1,1170.987553850687,,1170.987553850687,1,2411.880974337888,,2411.880974337888,1
7.0600000000000005,-0.0587930176518632,,-0.0587930176518632,1,67.29545035066192,,67.29545035066192,1,0.1999999999999775,,0.1999999999999775,1,0.1999999999999775,,0.1999999999999775,1,-0.2474234658825494,,-0.2474234658825494,1,-0.073637413068162,,-0.073637413068162,1,23.94593039228887,,23.94593039228887,1,48.457637470884585,,48.457637470884585,1,1182.7306962264136,,1182.7306962264136,1,2440.95409262867,,2440.95409262867,1
7.07,-0.0658867190218167,,-0.0658867190218167,1,67.03944689311206,,67.03944689311206,1,0.1333333333333183,,0.1333333333333183,1,0.0666666666666591,,0.0666666666666591,1,-0.2698456377197014,,-0.2698456377197014,1,0.0051260747627035,,0.0051260747627035,1,23.979141398004973,,23.979141398004973,1,48.55850209792047,,48.55850209792047,1,1187.722877135517,,1187.722877135517,1,2445.638477668199,,2445.638477668199,1
7.08,-0.0614599838283168,,-0.0614599838283168,1,68.78237543041546,,68.78237543041546,1,0.0666666666666591,,0.0666666666666591,1,0.0666666666666591,,0.0666666666666591,1,-0.2187419381181806,,-0.2187419381181806,1,-0.14391134294549,,-0.14391134294549,1,24.036287471883902,,24.036287471883902,1,48.5417642355117,,48.5417642355117,1,1178.0794217539856,,1178.0794217539856,1,2420.171694813934,,2420.171694813934,1
7.09,-0.0478812167720409,,-0.0478812167720409,1,64.22298352172055,,64.22298352172055,1,0.1333333333333183,,0.1333333333333183,1,0.0666666666666591,,0.0666666666666591,1,-0.2644314982212714,,-0.2644314982212714,1,-0.1164551395989394,,-0.1164551395989394,1,24.089920273417736,,24.089920273417736,1,48.910091326720966,,48.910091326720966,1,1208.182517958576,,1208.182517958576,1,2487.004626301916,,2487.004626301916,1
7.1000000000000005,-0.0608636718521645,,-0.0608636718521645,1,67.22785057464108,,67.22785057464108,1,0.1333333333333183,,0.1333333333333183,1,0.0666666666666591,,0.0666666666666591,1,-0.1976144569239392,,-0.1976144569239392,1,-0.0940934629307654,,-0.0940934629307654,1,24.140147767763853,,24.140147767763853,1,48.81371640182831,,48.81371640182831,1,1201.4756025185386,,1201.4756025185386,1,2472.516134867049,,2472.516134867049,1
7.11,-0.0589766915086571,,-0.0589766915086571,1,66.93294341158351,,66.93294341158351,1,0.0666666666666591,,0.0666666666666591,1,0.0666666666666591,,0.0666666666666591,1,-0.3621204831702131,,-0.3621204831702131,1,-0.1655525830796208,,-0.1655525830796208,1,24.224893183645005,,24.224893183645005,1,49.565623933960914,,49.565623933960914,1,1248.4683881806427,,1248.4683881806427,1,2571.061173447371,,2571.061173447371,1
7.12,-0.0515004105808426,,-0.0515004105808426,1,65.56992719575018,,65.56992719575018,1,0.0666666666666591,,0.0666666666666591,1,0.0666666666666591,,0.0666666666666591,1,-0.3337129070612396,,-0.3337129070612396,1,-0.1275547447019376,,-0.1275547447019376,1,24.230853067245995,,24.230853067245995,1,48.95760095767986,,48.95760095767986,1,1207.117722153854,,1207.117722153854,1,2490.1671686974155,,2490.1671686974155,1
7.13,-0.0571211066314362,,-0.0571211066314362,1,68.95649073260155,,68.95649073260155,1,0.0666666666666591,,0.0666666666666591,1,0.1333333333333183,,0.1333333333333183,1,-0.2814646002579454,,-0.2814646002579454,1,-0.2007473857656646,,-0.2007473857656646,1,24.271578627538258,,24.271578627538258,1,49.087307256875455,,49.087307256875455,1,1225.73712898233,,1225.73712898233,1,2521.771985009464,,2521.771985009464,1
7.140000000000001,-0.0522628659755192,,-0.0522628659755192,1,66.33747789196943,,66.33747789196943,1,0.0666666666666591,,0.0666666666666591,1,0.7999999999999102,,0.7999999999999102,1,-0.2511846876304792,,-0.2511846876304792,1,-0.0569253213782797,,-0.0569253213782797,1,24.309392700967777,,24.309392700967777,1,49.12692730176859,,49.12692730176859,1,1219.340181339396,,1219.340181339396,1,2515.084064799185,,2515.084064799185,1
7.15,-0.0439368026410208,,-0.0439368026410208,1,65.54128482287751,,65.54128482287751,1,0.1333333333333183,,0.1333333333333183,1,0.1333333333333183,,0.1333333333333183,1,-0.3483530985563322,,-0.3483530985563322,1,-0.1051552900031883,,-0.1051552900031883,1,24.344430024577417,,24.344430024577417,1,49.202879122196,,49.202879122196,1,1224.4550333753746,,1224.4550333753746,1,2525.48712511037,,2525.48712511037,1
7.16,-0.0491302130253719,,-0.0491302130253719,1,64.9020151687654,,64.9020151687654,1,0.0666666666666591,,0.0666666666666591,1,0.0666666666666591,,0.0666666666666591,1,-0.2351839139602024,,-0.2351839139602024,1,0.0675278173082146,,0.0675278173082146,1,24.376828216153367,,24.376828216153367,1,49.2734003226755,,49.2734003226755,1,1228.9821527253266,,1228.9821527253266,1,2534.677799804626,,2534.677799804626,1
7.17,-0.0598599170139599,,-0.0598599170139599,1,66.15560533350336,,66.15560533350336,1,0.1333333333333183,,0.1333333333333183,1,0.1333333333333183,,0.1333333333333183,1,-0.3286409948830447,,-0.3286409948830447,1,-0.0656462479902513,,-0.0656462479902513,1,24.406727003790355,,24.406727003790355,1,49.338779371046456,,49.338779371046456,1,1232.9747367008722,,1232.9747367008722,1,2542.765834057861,,2542.765834057861,1
7.18,-0.0647381247418333,,-0.0647381247418333,1,68.76767595635033,,68.76767595635033,1,0.1333333333333183,,0.1333333333333183,1,0.1333333333333183,,0.1333333333333183,1,-0.346694356205374,,-0.346694356205374,1,-0.1568527209463706,,-0.1568527209463706,1,24.4342674906531,,24.4342674906531,1,49.39930750854861,,49.39930750854861,1,1236.515914231865,,1236.515914231865,1,2549.8543083081304,,2549.8543083081304,1
7.19,-0.0644162045465557,,-0.0644162045465557,1,69.74113027873256,,69.74113027873256,1,0.0666666666666591,,0.0666666666666591,1,0.3333333333332959,,0.3333333333332959,1,-0.2752685589818353,,-0.2752685589818353,1,-0.0922404072969435,,-0.0922404072969435,1,24.45959145916259,,24.45959145916259,1,49.455277316720256,,49.455277316720256,1,1241.1745137513376,,1241.1745137513376,1,2556.039887775737,,2556.039887775737,1
7.2,-0.0529918509609684,,-0.0529918509609684,1,66.22655735714855,,66.22655735714855,1,0.0666666666666591,,0.0666666666666591,1,0.0666666666666591,,0.0666666666666591,1,-0.4030966654990842,,-0.4030966654990842,1,-0.2253628667868953,,-0.2253628667868953,1,24.48284071789468,,24.48284071789468,1,49.50698137261425,,49.50698137261425,1,1245.582585066079,,1245.582585066079,1,2564.673704169954,,2564.673704169954,1
7.21,-0.0651941345023954,,-0.0651941345023954,1,70.05888147056027,,70.05888147056027,1,0.0666666666666591,,0.0666666666666591,1,0.1333333333333183,,0.1333333333333183,1,-0.3241710661666662,,-0.3241710661666662,1,-0.1116484622015964,,-0.1116484622015964,1,24.50415649355844,,24.50415649355844,1,49.55471099717777,,49.55471099717777,1,1249.7498388606148,,1249.7498388606148,1,2573.154657514653,,2573.154657514653,1
7.22,-0.058822211368672,,-0.058822211368672,1,66.58924767702185,,66.58924767702185,1,0.0666666666666591,,0.0666666666666591,1,0.0666666666666591,,0.0666666666666591,1,-0.2960722477058171,,-0.2960722477058171,1,-0.0209590825730834,,-0.0209590825730834,1,24.523678869558328,,24.523678869558328,1,49.59875509986894,,49.59875509986894,1,1253.6867320443275,,1253.6867320443275,1,2581.1615705572667,,2581.1615705572667,1
7.23,-0.0513676690289037,,-0.0513676690289037,1,65.70076996462689,,65.70076996462689,1,0.0666666666666591,,0.0666666666666591,1,0.0666666666666591,,0.0666666666666591,1,-0.2793387001853131,,-0.2793387001853131,1,-0.0673654515503147,,-0.0673654515503147,1,24.541546271864004,,24.541546271864004,1,49.63939912095989,,49.63939912095989,1,1257.4044093807254,,1257.4044093807254,1,2588.7174446070985,,2588.7174446070985,1
7.24,-0.0549257251304209,,-0.0549257251304209,1,68.34612929973363,,68.34612929973363,1,0.0666666666666591,,0.0666666666666591,1,0.0666666666666591,,0.0666666666666591,1,-0.2428312213612113,,-0.2428312213612113,1,-0.0980447228007168,,-0.0980447228007168,1,24.55789500219155,,24.55789500219155,1,49.67692407151267,,49.67692407151267,1,1260.9146407124613,,1260.9146407124613,1,2595.8465632460657,,2595.8465632460657,1
7.25,-0.0516881001784146,,-0.0516881001784146,1,70.02547387596461,,70.02547387596461,1,0.0666666666666591,,0.0666666666666591,1,0.0666666666666591,,0.0666666666666591,1,-0.2737707698659133,,-0.2737707698659133,1,-0.1426440514370326,,-0.1426440514370326,1,24.572858817875662,,24.572858817875662,1,49.711605669721166,,49.711605669721166,1,1264.2297542137478,,1264.2297542137478,1,2602.574354686351,,2602.574354686351,1
7.26,-0.0625647553382315,,-0.0625647553382315,1,70.01123783443757,,70.01123783443757,1,0.0666666666666591,,0.0666666666666591,1,0.0666666666666591,,0.0666666666666591,1,-0.3108865684524005,,-0.3108865684524005,1,-0.1782927973683556,,-0.1782927973683556,1,24.58656855724244,,24.58656855724244,1,49.74371357112638,,49.74371357112638,1,1267.362566114856,,1267.362566114856,1,2608.927246900685,,2608.927246900685,1
7.27,-0.059873527472363,,-0.059873527472363,1,71.3911878816428,,71.3911878816428,1,0.0666666666666591,,0.0666666666666591,1,0.0666666666666591,,0.0666666666666591,1,-0.2440429660064702,,-0.2440429660064702,1,-0.1074073125613402,,-0.1074073125613402,1,24.599151808857886,,24.599151808857886,1,49.77351068934722,,49.77351068934722,1,1270.3263073716653,,1270.3263073716653,1,2614.9325165006017,,2614.9325165006017,1
7.28,-0.0575352862283918,,-0.0575352862283918,1,70.79689326425245,,70.79689326425245,1,0.0666666666666591,,0.0666666666666591,1,0.0666666666666591,,0.0666666666666591,1,-0.2565657912785934,,-0.2565657912785934,1,-0.1197069972169058,,-0.1197069972169058,1,24.610732622606736,,24.610732622606736,1,49.80125260308007,,49.80125260308007,1,1273.1345477574994,,1273.1345477574994,1,2620.618132346424,,2620.618132346424,1
7.29,-0.0659403900591388,,-0.0659403900591388,1,69.86456304412661,,69.86456304412661,1,0.0666666666666591,,0.0666666666666591,1,0.0666666666666591,,0.0666666666666591,1,-0.3914345982131014,,-0.3914345982131014,1,-0.0974041067695352,,-0.0974041067695352,1,24.621431260279014,,24.621431260279014,1,49.82718704455987,,49.82718704455987,1,1275.8011178625998,,1275.8011178625998,1,2626.012594889168,,2626.012594889168,1
7.3,-0.0591837169118204,,-0.0591837169118204,1,68.16051839174366,,68.16051839174366,1,0.1999999999999775,,0.1999999999999775,1,0.3999999999999551,,0.3999999999999551,1,-0.1954384482206501,,-0.1954384482206501,1,-0.0129829381087201,,-0.0129829381087201,1,24.631363983067143,,24.631363983067143,1,49.85155346411488,,49.85155346411488,1,1278.340029488647,,1278.340029488647,1,2631.1447722484327,,2631.1447722484327,1
7.31,-0.0564991398317561,,-0.0564991398317561,1,66.35266596124117,,66.35266596124117,1,0.0666666666666591,,0.0666666666666591,1,0.1999999999999775,,0.1999999999999775,1,-0.013035380143118,,-0.013035380143118,1,-0.1076124452839816,,-0.1076124452839816,1,24.640642873256024,,24.640642873256024,1,49.87458266520032,,49.87458266520032,1,1280.7653949211906,,1280.7653949211906,1,2636.043734020699,,2636.043734020699,1
7.32,-0.0492718716599268,,-0.0492718716599268,1,67.30695371052624,,67.30695371052624,1,0.0666666666666591,,0.0666666666666591,1,0.0666666666666591,,0.0666666666666591,1,-0.2500677406355225,,-0.2500677406355225,1,0.0616611888598123,,0.0616611888598123,1,24.64937568721266,,24.64937568721266,1,49.896496503929534,,49.896496503929534,1,1283.0913455537657,,1283.0913455537657,1,2640.7385837934034,,2640.7385837934034,1
7.33,-0.0616529150696991,,-0.0616529150696991,1,69.6626071507981,,69.6626071507981,1,0.0666666666666591,,0.0666666666666591,1,0.1333333333333183,,0.1333333333333183,1,-0.2863581002237474,,-0.2863581002237474,1,-0.1346387467150503,,-0.1346387467150503,1,24.65766573678069,,24.65766573678069,1,49.91750764712833,,49.91750764712833,1,1285.3319503274404,,1285.3319503274404,1,2645.258291319223,,2645.258291319223,1
7.34,-0.0673780894636712,,-0.0673780894636712,1,70.75750236195967,,70.75750236195967,1,0.0666666666666591,,0.0666666666666591,1,0.0666666666666591,,0.0666666666666591,1,-0.3663154028462919,,-0.3663154028462919,1,-0.1517269467988246,,-0.1517269467988246,1,24.665611796133422,,24.665611796133422,1,49.93781938283752,,49.93781938283752,1,1287.5011344330017,,1287.5011344330017,1,2649.6315252707086,,2649.6315252707086,1
7.35,-0.0630261572739132,,-0.0630261572739132,1,71.23681671938809,,71.23681671938809,1,0.1333333333333183,,0.1333333333333183,1,0.0666666666666591,,0.0666666666666591,1,-0.3243370480763833,,-0.3243370480763833,1,0.0195093515921206,,0.0195093515921206,1,24.67330803118873,,24.67330803118873,1,49.95762547727406,,49.95762547727406,1,1289.612598705555,,1289.612598705555,1,2653.8864874591764,,2653.8864874591764,1
7.36,-0.0621672640854249,,-0.0621672640854249,1,71.05802744119472,,71.05802744119472,1,0.0666666666666591,,0.0666666666666591,1,0.0666666666666591,,0.0666666666666591,1,-0.1906895192718448,,-0.1906895192718448,1,0.0865201541353236,,0.0865201541353236,1,24.68084394870881,,24.68084394870881,1,49.977110072328976,,49.977110072328976,1,1291.679740119759,,1291.679740119759,1,2658.050749357203,,2658.050749357203,1
7.37,-0.0517221164706654,,-0.0517221164706654,1,66.04982491493276,,66.04982491493276,1,0.0666666666666591,,0.0666666666666591,1,0.3999999999999551,,0.3999999999999551,1,-0.27962780928345,,-0.27962780928345,1,-0.1185660406536003,,-0.1185660406536003,1,24.688304362361475,,24.688304362361475,1,49.99644761798046,,49.99644761798046,1,1293.71557377725,,1293.71557377725,1,2662.151091729534,,2662.151091729534,1
7.38,-0.0575128902769692,,-0.0575128902769692,1,65.52553791363846,,65.52553791363846,1,0.0666666666666591,,0.0666666666666591,1,0.0666666666666591,,0.0666666666666591,1,-0.1999668079819828,,-0.1999668079819828,1,-0.164371867094494,,-0.164371867094494,1,24.69576937303409,,24.69576937303409,1,50.01580283403652,,50.01580283403652,1,1295.732656747836,,1295.732656747836,1,2666.2133481152064,,2666.2133481152064,1
7.390000000000001,-0.0536134579805053,,-0.0536134579805053,1,67.67278421124871,,67.67278421124871,1,0.0666666666666591,,0.0666666666666591,1,0.0666666666666591,,0.0666666666666591,1,-0.3787195246668194,,-0.3787195246668194,1,-0.1236862061128344,,-0.1236862061128344,1,24.703314360907346,,24.703314360907346,1,50.035330696074254,,50.035330696074254,1,1297.7430141123666,,1297.7430141123666,1,2670.262252875483,,2670.262252875483,1
7.4,-0.0585235724129919,,-0.0585235724129919,1,68.53529154143284,,68.53529154143284,1,0.0666666666666591,,0.0666666666666591,1,0.0666666666666591,,0.0666666666666591,1,-0.255970179366022,,-0.255970179366022,1,-0.1116175003806675,,-0.1116175003806675,1,24.711009986841805,,24.711009986841805,1,50.05517644053072,,50.05517644053072,1,1299.7580675241866,,1299.7580675241866,1,2674.321294458065,,2674.321294458065,1
7.41,-0.0662838327335039,,-0.0662838327335039,1,71.7105261232033,,71.7105261232033,1,0.0666666666666591,,0.0666666666666591,1,0.0666666666666591,,0.0666666666666591,1,-0.0313193907589398,,-0.0313193907589398,1,-0.1643782007487984,,-0.1643782007487984,1,24.718922200853108,,24.718922200853108,1,50.07547558436093,,50.07547558436093,1,1301.7885665921658,,1301.7885665921658,1,2678.412574499336,,2678.412574499336,1
7.42,-0.0631806062585773,,-0.0631806062585773,1,70.2236621471729,,70.2236621471729,1,0.1333333333333183,,0.1333333333333183,1,0.1333333333333183,,0.1333333333333183,1,-0.3567237555764149,,-0.3567237555764149,1,-0.2238022389201494,,-0.2238022389201494,1,24.72711225552711,,24.72711225552711,1,50.09635395484685,,50.09635395484685,1,1303.8445233619227,,1303.8445233619227,1,2682.5566733319047,,2682.5566733319047,1
7.43,-0.0604608250250537,,-0.0604608250250537,1,71.40271948360066,,71.40271948360066,1,0.0666666666666591,,0.0666666666666591,1,0.1333333333333183,,0.1333333333333183,1,-0.265118610679404,,-0.265118610679404,1,0.1326675630166074,,0.1326675630166074,1,24.735636722409463,,24.735636722409463,1,50.11792772549832,,50.11792772549832,1,1305.9351501541591,,1305.9351501541591,1,2686.7725224281685,,2686.7725224281685,1
7.44,-0.0670167490170677,,-0.0670167490170677,1,70.34186498796672,,70.34186498796672,1,0.1333333333333183,,0.1333333333333183,1,0.0666666666666591,,0.0666666666666591,1,-0.1111144747407769,,-0.1111144747407769,1,-0.1204267321299019,,-0.1204267321299019,1,24.74454750959118,,24.74454750959118,1,50.14030345439868,,50.14030345439868,1,1308.0688010083602,,1308.0688010083602,1,2691.077284288555,,2691.077284288555,1
7.45,-0.0565344442820556,,-0.0565344442820556,1,71.0831279532414,,71.0831279532414,1,0.1999999999999775,,0.1999999999999775,1,0.0666666666666591,,0.0666666666666591,1,-0.1923788022039727,,-0.1923788022039727,1,-0.1493565238170497,,-0.1493565238170497,1,24.753891878733988,,24.753891878733988,1,50.16357812137186,,50.16357812137186,1,1310.2529169492277,,1310.2529169492277,1,2695.4862402193585,,2695.4862402193585,1
7.46,-0.0510139099776522,,-0.0510139099776522,1,67.38763242649368,,67.38763242649368,1,0.0666666666666591,,0.0666666666666591,1,0.0666666666666591,,0.0666666666666591,1,-0.2434096906380573,,-0.2434096906380573,1,-0.2317981987556897,,-0.2317981987556897,1,24.76371246008384,,24.76371246008384,1,50.18783916098647,,50.18783916098647,1,1312.493975297998,,1312.493975297998,1,2700.012686454932,,2700.012686454932,1
7.47,-0.0631987217615389,,-0.0631987217615389,1,71.11751385205088,,71.11751385205088,1,0.0666666666666591,,0.0666666666666591,1,0.0666666666666591,,0.0666666666666591,1,-0.3684980091999036,,-0.3684980091999036,1,-0.2112212974028747,,-0.2112212974028747,1,24.774047264019107,,24.774047264019107,1,50.21316448841564,,50.21316448841564,1,1314.7974432243384,,1314.7974432243384,1,2704.667839024334,,2704.667839024334,1
7.48,-0.063022580935677,,-0.063022580935677,1,72.70908996874586,,72.70908996874586,1,0.0666666666666591,,0.0666666666666591,1,0.0666666666666591,,0.0666666666666591,1,-0.2882007246354927,,-0.2882007246354927,1,-0.1406024757750482,,-0.1406024757750482,1,24.7849296879456,,24.7849296879456,1,50.23962251569976,,50.23962251569976,1,1317.1677357378892,,1317.1677357378892,1,2709.4607477695004,,2709.4607477695004,1
7.49,-0.0643651223480684,,-0.0643651223480684,1,70.01803319967911,,70.01803319967911,1,0.0666666666666591,,0.0666666666666591,1,0.0666666666666591,,0.0666666666666591,1,-0.3438028894676221,,-0.3438028894676221,1,0.0156894134466043,,0.0156894134466043,1,24.814194657054813,,24.814194657054813,1,50.26727215589646,,50.26727215589646,1,1319.6081782928102,,1319.6081782928102,1,2714.398219868875,,2714.398219868875,1
7.5,-0.0561842559738717,,-0.0561842559738717,1,66.9297070758334,,66.9297070758334,1,0.0666666666666591,,0.0666666666666591,1,0.0666666666666591,,0.0666666666666591,1,-0.3604487400114558,,-0.3604487400114558,1,-0.1637822743147493,,-0.1637822743147493,1,24.808447919838056,,24.808447919838056,1,50.29616281328519,,50.29616281328519,1,1322.120974195046,,1322.120974195046,1,2719.484753254174,,2719.484753254174,1
7.51,-0.0649087723353959,,-0.0649087723353959,1,69.57259208997465,,69.57259208997465,1,0.1999999999999775,,0.1999999999999775,1,0.0666666666666591,,0.0666666666666591,1,-0.3290237779683796,,-0.3290237779683796,1,-0.1149802126021757,,-0.1149802126021757,1,24.82112743205532,,24.82112743205532,1,50.32633435767039,,50.32633435767039,1,1324.7071769761892,,1324.7071769761892,1,2724.722480254573,,2724.722480254573,1
7.52,-0.060371701755713,,-0.060371701755713,1,68.64808256845353,,68.64808256845353,1,0.0666666666666591,,0.0666666666666591,1,0.0666666666666591,,0.0666666666666591,1,-0.2027150367370263,,-0.2027150367370263,1,-0.1686645926129767,,-0.1686645926129767,1,24.83444193735216,,24.83444193735216,1,50.357817081311126,,50.357817081311126,1,1327.3666679059377,,1327.3666679059377,1,2730.1111218193405,,2730.1111218193405,1
7.53,-0.0609913751426389,,-0.0609913751426389,1,69.50000128416822,,69.50000128416822,1,0.0666666666666591,,0.0666666666666591,1,0.1333333333333183,,0.1333333333333183,1,-0.2152453948912667,,-0.2152453948912667,1,-0.0695003612345821,,-0.0695003612345821,1,24.848401634972312,,24.848401634972312,1,50.39063163716117,,50.39063163716117,1,1330.0981388072228,,1330.0981388072228,1,2735.647952653482,,2735.647952653482,1
7.54,-0.0513187011537484,,-0.0513187011537484,1,67.66451650380223,,67.66451650380223,1,0.0666666666666591,,0.0666666666666591,1,0.0666666666666591,,0.0666666666666591,1,-0.3143121909373034,,-0.3143121909373034,1,-0.1220856885521779,,-0.1220856885521779,1,24.86301199938553,,24.86301199938553,1,50.42478895733915,,50.42478895733915,1,1332.8990803316765,,1332.8990803316765,1,2741.32777758779,,2741.32777758779,1
7.55,-0.0571291947984474,,-0.0571291947984474,1,66.8549291832569,,66.8549291832569,1,0.1999999999999775,,0.1999999999999775,1,0.0666666666666591,,0.0666666666666591,1,-0.2816986838903251,,-0.2816986838903251,1,-0.1541521143199094,,-0.1541521143199094,1,24.878273729667093,,24.878273729667093,1,50.46029015105776,,50.46029015105776,1,1335.7657758539506,,1335.7657758539506,1,2747.142919506297,,2747.142919506297,1
7.56,-0.0596520689249238,,-0.0596520689249238,1,68.01753305044518,,68.01753305044518,1,0.0666666666666591,,0.0666666666666591,1,0.0666666666666591,,0.0666666666666591,1,-0.2428418758060185,,-0.2428418758060185,1,-0.1226143805655409,,-0.1226143805655409,1,24.89418268859166,,24.89418268859166,1,50.49712638140421,,50.49712638140421,1,1338.6933011309377,,1338.6933011309377,1,2753.083219128451,,2753.083219128451,1
7.57,-0.0548976928431286,,-0.0548976928431286,1,67.30267102865598,,67.30267102865598,1,0.0666666666666591,,0.0666666666666591,1,0.0666666666666591,,0.0666666666666591,1,-0.3303195323920683,,-0.3303195323920683,1,-0.1080319467549188,,-0.1080319467549188,1,24.91072983131711,,24.91072983131711,1,50.535278720734034,,50.535278720734034,1,1341.6755298715975,,1341.6755298715975,1,2759.1360469425863,,2759.1360469425863,1
7.58,-0.0617905597477761,,-0.0617905597477761,1,69.27952846932844,,69.27952846932844,1,0.0666666666666591,,0.0666666666666591,1,0.0666666666666591,,0.0666666666666591,1,-0.012970595632943,,-0.012970595632943,1,0.0804697042011454,,0.0804697042011454,1,24.92790112358939,,24.92790112358939,1,50.57471798453373,,50.57471798453373,1,1344.7051453435072,,1344.7051453435072,1,2765.2863275468426,,2765.2863275468426,1
7.59,-0.052512547800775,,-0.052512547800775,1,67.4539342040797,,67.4539342040797,1,0.0666666666666591,,0.0666666666666591,1,0.0666666666666591,,0.0666666666666591,1,-0.229658455670196,,-0.229658455670196,1,0.0831873968367687,,0.0831873968367687,1,24.945677449687214,,24.945677449687214,1,50.61540454421144,,50.61540454421144,1,1347.7736581457584,,1347.7736581457584,1,2771.5165766609844,,2771.5165766609844,1
7.6,-0.0609332932418589,,-0.0609332932418589,1,68.20904416004052,,68.20904416004052,1,0.0666666666666591,,0.0666666666666591,1,0.0666666666666591,,0.0666666666666591,1,-0.3429007862414195,,-0.3429007862414195,1,-0.1486668964549994,,-0.1486668964549994,1,24.96403451026467,,24.96403451026467,1,50.65728811914583,,50.65728811914583,1,1350.8714302404333,,1350.8714302404333,1,2777.806950995459,,2777.806950995459,1
7.61,-0.0595884029798102,,-0.0595884029798102,1,69.13427157802552,,69.13427157802552,1,0.0666666666666591,,0.0666666666666591,1,0.0666666666666591,,0.0666666666666591,1,-0.3106605838892112,,-0.3106605838892112,1,-0.0936673611786677,,-0.0936673611786677,1,24.982942710579568,,24.982942710579568,1,50.700307548997166,,50.700307548997166,1,1353.987705333226,,1353.987705333226,1,2784.135311160705,,2784.135311160705,1
7.62,-0.0410183749464375,,-0.0410183749464375,1,66.28397907775059,,66.28397907775059,1,0.0666666666666591,,0.0666666666666591,1,0.1999999999999775,,0.1999999999999775,1,-0.2772049696892174,,-0.2772049696892174,1,-0.0684053289732441,,-0.0684053289732441,1,25.00236703972317,,25.00236703972317,1,50.74439054755861,,50.74439054755861,1,1357.1106456643297,,1357.1106456643297,1,2790.4772977391463,,2790.4772977391463,1
7.63,-0.0539371891188631,,-0.0539371891188631,1,68.7067382906572,,68.7067382906572,1,0.0666666666666591,,0.0666666666666591,1,0.0666666666666591,,0.0666666666666591,1,-0.2335316583247153,,-0.2335316583247153,1,-0.0056525572171151,,-0.0056525572171151,1,25.02226694160473,,25.02226694160473,1,50.78945343969444,,50.78945343969444,1,1360.2273752387528,,1360.2273752387528,1,2796.8064205764954,,2796.8064205764954,1
7.640000000000001,-0.0609341509663614,,-0.0609341509663614,1,68.5538357067876,,68.5538357067876,1,0.0666666666666591,,0.0666666666666591,1,0.0666666666666591,,0.0666666666666591,1,-0.2951858338695612,,-0.2951858338695612,1,-0.0152631003684108,,-0.0152631003684108,1,25.04259617867992,,25.04259617867992,1,50.835400883405455,,50.835400883405455,1,1363.324029495886,,1363.324029495886,1,2803.09416128878,,2803.09416128878,1
7.65,-0.0548025991466635,,-0.0548025991466635,1,69.1755702963079,,69.1755702963079,1,0.0666666666666591,,0.0666666666666591,1,0.0666666666666591,,0.0666666666666591,1,-0.2859592350421209,,-0.2859592350421209,1,0.1443320053923151,,0.1443320053923151,1,25.063302689671936,,25.063302689671936,1,50.88212557959379,,50.88212557959379,1,1366.385811382654,,1366.385811382654,1,2809.3100889085263,,2809.3100889085263,1
7.66,-0.0600420998891472,,-0.0600420998891472,1,70.88087639098345,,70.88087639098345,1,0.0666666666666591,,0.0666666666666591,1,0.1333333333333183,,0.1333333333333183,1,-0.3094429700203732,,-0.3094429700203732,1,-0.0686559834045842,,-0.0686559834045842,1,25.08432844269494,,25.08432844269494,1,50.92950797242184,,50.92950797242184,1,1369.3970537463442,,1369.3970537463442,1,2815.42198849441,,2815.42198849441,1
7.67,-0.0519346023038714,,-0.0519346023038714,1,68.44848740417703,,68.44848740417703,1,0.0666666666666591,,0.0666666666666591,1,0.0666666666666591,,0.0666666666666591,1,-0.2933545132873267,,-0.2933545132873267,1,-0.1086844283778181,,-0.1086844283778181,1,25.10560928550108,,25.10560928550108,1,50.97741594381513,,50.97741594381513,1,1372.3412879212171,,1372.3412879212171,1,2821.3960024424337,,2821.3960024424337,1
7.68,-0.052099409478791,,-0.052099409478791,1,67.86674376796034,,67.86674376796034,1,0.1999999999999775,,0.1999999999999775,1,0.1333333333333183,,0.1333333333333183,1,-0.2808265702500316,,-0.2808265702500316,1,0.0879757836956478,,0.0879757836956478,1,25.12707479484712,,25.12707479484712,1,51.02570450620221,,51.02570450620221,1,1375.201318329013,,1375.201318329013,1,2827.1967841258547,,2827.1967841258547,1
7.69,-0.0563299592695557,,-0.0563299592695557,1,66.95401093735587,,66.95401093735587,1,0.1999999999999775,,0.1999999999999775,1,0.0666666666666591,,0.0666666666666591,1,-0.3293411316399446,,-0.3293411316399446,1,-0.1749010202575328,,-0.1749010202575328,1,25.148648127252244,,25.148648127252244,1,51.0742154981686,,51.0742154981686,1,1377.9593028587935,,1377.9593028587935,1,2832.787663378762,,2832.787663378762,1
7.7,-0.0511514304947768,,-0.0511514304947768,1,66.58305985897695,,66.58305985897695,1,0.0666666666666591,,0.0666666666666591,1,0.0666666666666591,,0.0666666666666591,1,-0.2198994033215282,,-0.2198994033215282,1,-0.106244676078296,,-0.106244676078296,1,25.17024587374543,,25.17024587374543,1,51.12277728836308,,51.12277728836308,1,1380.5968387323237,,1380.5968387323237,1,2838.1308232166743,,2838.1308232166743,1
7.71,-0.0592601337641533,,-0.0592601337641533,1,71.411864363399,,71.411864363399,1,0.2666666666666367,,0.2666666666666367,1,0.1999999999999775,,0.1999999999999775,1,-0.3581138448775307,,-0.3581138448775307,1,-0.154851063110892,,-0.154851063110892,1,25.191777921553115,,25.191777921553115,1,51.17120449371288,,51.17120449371288,1,1383.095053500301,,1383.095053500301,1,2843.1874870625043,,2843.1874870625043,1
7.72,-0.0496432893407037,,-0.0496432893407037,1,65.3471118044396,,65.3471118044396,1,0.1999999999999775,,0.1999999999999775,1,0.0666666666666591,,0.0666666666666591,1,-0.30278175637485,,-0.30278175637485,1,-0.1461923463464485,,-0.1461923463464485,1,25.213147325997777,,25.213147325997777,1,51.21929771867403,,51.21929771867403,1,1385.4347007508286,,1385.4347007508286,1,2847.9181156151567,,2847.9181156151567,1
7.73,-0.0619637607902404,,-0.0619637607902404,1,72.39766396152372,,72.39766396152372,1,0.0666666666666591,,0.0666666666666591,1,0.0666666666666591,,0.0666666666666591,1,-0.2297180361197305,,-0.2297180361197305,1,-0.1663752824097968,,-0.1663752824097968,1,25.23425019623942,,25.23425019623942,1,51.26684332296978,,51.26684332296978,1,1387.5962600480898,,1387.5962600480898,1,2852.28261236785,,2852.28261236785,1
7.74,-0.047465373504781,,-0.047465373504781,1,67.15955584589348,,67.15955584589348,1,0.0666666666666591,,0.0666666666666591,1,0.0666666666666591,,0.0666666666666591,1,-0.1850071860495464,,-0.1850071860495464,1,-0.0124694768271896,,-0.0124694768271896,1,25.2549755988952,,25.2549755988952,1,51.313613226103016,,51.313613226103016,1,1389.560040554666,,1389.560040554666,1,2856.240536651052,,2856.240536651052,1
7.75,-0.056027406057554,,-0.056027406057554,1,69.89183756332558,,69.89183756332558,1,0.1333333333333183,,0.1333333333333183,1,0.1333333333333183,,0.1333333333333183,1,-0.271842602913943,,-0.271842602913943,1,-0.0761307171821258,,-0.0761307171821258,1,25.275205483884942,,25.275205483884942,1,51.35936475757129,,51.35936475757129,1,1391.306287728973,,1391.306287728973,1,2859.751322947812,,2859.751322947812,1
7.76,-0.0565405352724425,,-0.0565405352724425,1,70.2532138173043,,70.2532138173043,1,0.0666666666666591,,0.0666666666666591,1,0.0666666666666591,,0.0666666666666591,1,-0.2045359136107477,,-0.2045359136107477,1,0.1097456642925938,,0.1097456642925938,1,25.294814637225933,,25.294814637225933,1,51.40384056247455,,51.40384056247455,1,1392.8152924309393,,1392.8152924309393,1,2862.77450510979,,2862.77450510979,1
7.77,-0.0596379809869562,,-0.0596379809869562,1,70.00034731869135,,70.00034731869135,1,0.0666666666666591,,0.0666666666666591,1,0.0666666666666591,,0.0666666666666591,1,-0.2865372611466994,,-0.2865372611466994,1,-0.18044087494061,,-0.18044087494061,1,25.313670665862883,,25.313670665862883,1,51.44676857295701,,51.44676857295701,1,1394.0675017108654,,1394.0675017108654,1,2865.269943983105,,2865.269943983105,1
7.78,-0.0534331716286877,,-0.0534331716286877,1,68.28108907895184,,68.28108907895184,1,0.0666666666666591,,0.0666666666666591,1,0.0666666666666591,,0.0666666666666591,1,-0.2864881069218469,,-0.2864881069218469,1,-0.0537925441379453,,-0.0537925441379453,1,25.33163401987136,,25.33163401987136,1,51.48786205643085,,51.48786205643085,1,1395.0436305116473,,1395.0436305116473,1,2867.1980568615863,,2867.1980568615863,1
7.79,-0.0539585858714693,,-0.0539585858714693,1,70.00523199294108,,70.00523199294108,1,0.0666666666666591,,0.0666666666666591,1,0.0666666666666591,,0.0666666666666591,1,-0.3439466303129304,,-0.3439466303129304,1,-0.1699783678653522,,-0.1699783678653522,1,25.348558057712523,,25.348558057712523,1,51.52681975223469,,51.52681975223469,1,1395.7247734633402,,1395.7247734633402,1,2868.5200470802542,,2868.5200470802542,1
7.8,-0.0530397825010599,,-0.0530397825010599,1,65.8625628550929,,65.8625628550929,1,0.0666666666666591,,0.0666666666666591,1,0.0666666666666591,,0.0666666666666591,1,-0.2627555810138162,,-0.2627555810138162,1,-0.161936162362432,,-0.161936162362432,1,25.36428916033179,,25.36428916033179,1,51.56332610860206,,51.56332610860206,1,1396.0925159267374,,1396.0925159267374,1,2869.198132016481,,2869.198132016481,1
7.81,-0.0632316351015853,,-0.0632316351015853,1,72.0140781721989,,72.0140781721989,1,0.0666666666666591,,0.0666666666666591,1,0.0666666666666591,,0.0666666666666591,1,-0.2740994035101254,,-0.2740994035101254,1,-0.1990008104312754,,-0.1990008104312754,1,25.37866690013077,,25.37866690013077,1,51.59705163230674,,51.59705163230674,1,1396.129043401841,,1396.129043401841,1,2869.1957676830293,,2869.1957676830293,1
7.82,-0.0657843930565357,,-0.0657843930565357,1,71.67443922030797,,71.67443922030797,1,0.0666666666666591,,0.0666666666666591,1,0.1999999999999775,,0.1999999999999775,1,-0.4033818801672509,,-0.4033818801672509,1,-0.2266920163289899,,-0.2266920163289899,1,25.39152427080155,,25.39152427080155,1,51.62765336325952,,51.62765336325952,1,1395.817248416596,,1395.817248416596,1,2868.477868096528,,2868.477868096528,1
7.83,-0.056979651620359,,-0.056979651620359,1,69.68923540293041,,69.68923540293041,1,0.0666666666666591,,0.0666666666666591,1,0.0666666666666591,,0.0666666666666591,1,-0.3217868507298911,,-0.3217868507298911,1,-0.1836098110913969,,-0.1836098110913969,1,25.402687984002288,,25.402687984002288,1,51.654775486314,,51.654775486314,1,1395.1408339948566,,1395.1408339948566,1,2867.0110175718555,,2867.0110175718555,1
7.84,-0.0508411242861401,,-0.0508411242861401,1,66.75973885561308,,66.75973885561308,1,0.0666666666666591,,0.0666666666666591,1,0.0666666666666591,,0.0666666666666591,1,-0.3610200475855405,,-0.3610200475855405,1,-0.15079316521879,,-0.15079316521879,1,25.41197883863316,,25.41197883863316,1,51.67805009207154,,51.67805009207154,1,1394.4553811766775,,1394.4553811766775,1,2864.7636741343194,,2864.7636741343194,1
7.85,-0.0505739838897433,,-0.0505739838897433,1,70.87508089464302,,70.87508089464302,1,0.0666666666666591,,0.0666666666666591,1,0.1333333333333183,,0.1333333333333183,1,-0.3038518964514272,,-0.3038518964514272,1,-0.1574329616456816,,-0.1574329616456816,1,25.419212168148245,,25.419212168148245,1,51.697098097825126,,51.697098097825126,1,1398.7581434070942,,1398.7581434070942,1,2873.1155507636745,,2873.1155507636745,1
7.86,-0.0534132422236329,,-0.0534132422236329,1,69.75817695012637,,69.75817695012637,1,0.0666666666666591,,0.0666666666666591,1,0.1333333333333183,,0.1333333333333183,1,-0.3442992447645636,,-0.3442992447645636,1,-0.198764872259887,,-0.198764872259887,1,25.42419837082881,,25.42419837082881,1,51.71153033871752,,51.71153033871752,1,1402.8813724331771,,1402.8813724331771,1,2881.424435801455,,2881.424435801455,1
7.87,-0.0477047653965711,,-0.0477047653965711,1,66.18810627714595,,66.18810627714595,1,0.0666666666666591,,0.0666666666666591,1,0.0666666666666591,,0.0666666666666591,1,-0.3759572045616094,,-0.3759572045616094,1,-0.1791342035081225,,-0.1791342035081225,1,25.42674352726549,,25.42674352726549,1,51.72094883779583,,51.72094883779583,1,1406.7866373723737,,1406.7866373723737,1,2889.285584157919,,2889.285584157919,1
7.88,-0.0503329940467426,,-0.0503329940467426,1,68.82768787970369,,68.82768787970369,1,0.0666666666666591,,0.0666666666666591,1,0.0666666666666591,,0.0666666666666591,1,-0.253601039859417,,-0.253601039859417,1,0.110237996196042,,0.110237996196042,1,25.42665010841138,,25.42665010841138,1,51.72494826183331,,51.72494826183331,1,1410.431746354954,,1410.431746354954,1,2896.6124112136,,2896.6124112136,1
7.890000000000001,-0.0585182526014387,,-0.0585182526014387,1,67.79967871105458,,67.79967871105458,1,0.0666666666666591,,0.0666666666666591,1,0.0666666666666591,,0.0666666666666591,1,-0.0571508613462889,,-0.0571508613462889,1,-0.1542836489418521,,-0.1542836489418521,1,25.42371777649161,,25.42371777649161,1,51.723117567561886,,51.723117567561886,1,1413.7704393122197,,1413.7704393122197,1,2903.3099889346527,,2903.3099889346527,1
7.9,-0.0507392321349033,,-0.0507392321349033,1,67.65904032962956,,67.65904032962956,1,0.0666666666666591,,0.0666666666666591,1,0.1999999999999775,,0.1999999999999775,1,-0.2987283707660879,,-0.2987283707660879,1,-0.1477249498115347,,-0.1477249498115347,1,25.41774427978207,,25.41774427978207,1,51.71504184035387,,51.71504184035387,1,1416.7520643926418,,1416.7520643926418,1,2909.2743826270544,,2909.2743826270544,1
7.91,-0.0472369039206578,,-0.0472369039206578,1,68.60408885153909,,68.60408885153909,1,0.0666666666666591,,0.0666666666666591,1,0.0666666666666591,,0.0666666666666591,1,-0.184677816571886,,-0.184677816571886,1,-0.043417357448603,,-0.043417357448603,1,25.40852644071163,,25.40852644071163,1,51.700304324191066,,51.700304324191066,1,1419.3212392322737,,1419.3212392322737,1,2914.391956703123,,2914.391956703123,1
7.92,-0.0491439477003677,,-0.0491439477003677,1,61.62544946142485,,61.62544946142485,1,0.0666666666666591,,0.0666666666666591,1,0.0666666666666591,,0.0666666666666591,1,-0.1083755013980107,,-0.1083755013980107,1,0.0510435490599713,,0.0510435490599713,1,25.39586123515448,,25.39586123515448,1,51.67848863848503,,51.67848863848503,1,1421.4174988908646,,1421.4174988908646,1,2918.5386531860163,,2918.5386531860163,1
7.930000000000001,-0.0559682604366105,,-0.0559682604366105,1,67.61365029840226,,67.61365029840226,1,0.0666666666666591,,0.0666666666666591,1,0.0666666666666591,,0.0666666666666591,1,-0.3766834081231501,,-0.3766834081231501,1,-0.1622276766915131,,-0.1622276766915131,1,25.37954695874554,,25.37954695874554,1,51.649181173161054,,51.649181173161054,1,1422.9749329800386,,1422.9749329800386,1,2921.5792481447074,,2921.5792481447074,1
7.94,-0.0523300692753728,,-0.0523300692753728,1,70.38466244623541,,70.38466244623541,1,0.0666666666666591,,0.0666666666666591,1,0.0666666666666591,,0.0666666666666591,1,-0.1860838964728138,,-0.1860838964728138,1,-0.0007085144992551,,-0.0007085144992551,1,25.359384474173407,,25.359384474173407,1,51.61197364953696,,51.61197364953696,1,1423.9218153279592,,1423.9218153279592,1,2923.3665929307704,,2923.3665929307704,1
7.95,-0.0559266611973037,,-0.0559266611973037,1,65.84115256705611,,65.84115256705611,1,0.0666666666666591,,0.0666666666666591,1,0.0666666666666591,,0.0666666666666591,1,-0.3257650465697917,,-0.3257650465697917,1,-0.0020657308602387,,-0.0020657308602387,1,25.33517853113484,,25.33517853113484,1,51.56646582988839,,51.56646582988839,1,1424.1802304833302,,1424.1802304833302,1,2923.7408490544244,,2923.7408490544244,1
7.96,-0.0543089430244439,,-0.0543089430244439,1,66.86812932145776,,66.86812932145776,1,0.0666666666666591,,0.0666666666666591,1,0.0666666666666591,,0.0666666666666591,1,-0.3117908794946777,,-0.3117908794946777,1,-0.1709880696365131,,-0.1709880696365131,1,25.30673914841089,,25.30673914841089,1,51.51226835402405,,51.51226835402405,1,1423.665702445809,,1423.665702445809,1,2922.528727761433,,2922.528727761433,1
7.97,-0.0515096658502576,,-0.0515096658502576,1,65.78728282623811,,65.78728282623811,1,0.0666666666666591,,0.0666666666666591,1,0.0666666666666591,,0.0666666666666591,1,-0.1827138331826246,,-0.1827138331826246,1,-0.0110159945811233,,-0.0110159945811233,1,25.273883045411203,,25.273883045411203,1,51.44900567685213,,51.44900567685213,1,1422.286832242237,,1422.286832242237,1,2919.54274790027,,2919.54274790027,1
7.98,-0.0578032665155434,,-0.0578032665155434,1,69.50784858684267,,69.50784858684267,1,0.0666666666666591,,0.0666666666666591,1,0.0666666666666591,,0.0666666666666591,1,-0.3128268827076422,,-0.3128268827076422,1,0.0424933262184328,,0.0424933262184328,1,25.58759797562097,,25.58759797562097,1,51.3763190758458,,51.3763190758458,1,1419.9449523136375,,1419.9449523136375,1,2914.580528428193,,2914.580528428193,1
7.99,-0.053493574808355,,-0.053493574808355,1,66.06739784698962,,66.06739784698962,1,0.0666666666666591,,0.0666666666666591,1,0.0666666666666591,,0.0666666666666591,1,-0.2044493431792331,,-0.2044493431792331,1,-0.0681096811674892,,-0.0681096811674892,1,25.19422987199525,,25.19422987199525,1,51.293869693551855,,51.293869693551855,1,1422.5720324344722,,1422.5720324344722,1,2922.010078932108,,2922.010078932108,1
8.0,-0.0444148048958304,,-0.0444148048958304,1,60.040027476444735,,60.040027476444735,1,0.0666666666666591,,0.0666666666666591,1,0.0666666666666591,,0.0666666666666591,1,-0.1204663194200635,,-0.1204663194200635,1,0.0580346751172947,,0.0580346751172947,1,25.233875905728848,,25.233875905728848,1,51.347926689583566,,51.347926689583566,1,1430.5686746377785,,1430.5686746377785,1,2938.3532948238035,,2938.3532948238035,1
8.01,-0.0429825527317282,,-0.0429825527317282,1,67.88642387072701,,67.88642387072701,1,0.3333333333332959,,0.3333333333332959,1,0.0666666666666591,,0.0666666666666591,1,-0.185181408031144,,-0.185181408031144,1,-0.1492477334565836,,-0.1492477334565836,1,25.275825305974006,,25.275825305974006,1,51.47213368329477,,51.47213368329477,1,1437.50251634703,,1437.50251634703,1,2952.513080544757,,2952.513080544757,1
8.02,-0.0531580021285315,,-0.0531580021285315,1,67.09508215191681,,67.09508215191681,1,0.1999999999999775,,0.1999999999999775,1,0.1333333333333183,,0.1333333333333183,1,-0.1424675316914769,,-0.1424675316914769,1,0.0113545969984412,,0.0113545969984412,1,25.42174789120025,,25.42174789120025,1,51.81314654590436,,51.81314654590436,1,1443.3488368276828,,1443.3488368276828,1,2964.4389096201,,2964.4389096201,1
8.03,-0.056485735942779,,-0.056485735942779,1,68.91009298983643,,68.91009298983643,1,0.0666666666666591,,0.0666666666666591,1,0.0666666666666591,,0.0666666666666591,1,-0.2590920253880548,,-0.2590920253880548,1,-0.1426455219541744,,-0.1426455219541744,1,25.38388292366432,,25.38388292366432,1,51.70252467439033,,51.70252467439033,1,1448.0879401127588,,1448.0879401127588,1,2974.090578472492,,2974.090578472492,1
8.040000000000001,-0.0554094801425825,,-0.0554094801425825,1,66.26719928905729,,66.26719928905729,1,0.1333333333333183,,0.1333333333333183,1,0.0666666666666591,,0.0666666666666591,1,-0.1017708262203281,,-0.1017708262203281,1,-0.1758336556584837,,-0.1758336556584837,1,25.43276903544795,,25.43276903544795,1,51.86588200980477,,51.86588200980477,1,1451.7052301192766,,1451.7052301192766,1,2981.4383588219894,,2981.4383588219894,1
8.05,-0.0531782841434801,,-0.0531782841434801,1,67.53485391168017,,67.53485391168017,1,0.1999999999999775,,0.1999999999999775,1,0.0666666666666591,,0.0666666666666591,1,-0.258301106156716,,-0.258301106156716,1,-0.1268271289390332,,-0.1268271289390332,1,25.4776983708655,,25.4776983708655,1,51.90364119047426,,51.90364119047426,1,1454.191238193726,,1454.191238193726,1,2986.463052401541,,2986.463052401541,1
8.06,-0.0463653520779896,,-0.0463653520779896,1,65.44460613847107,,65.44460613847107,1,0.2666666666666367,,0.2666666666666367,1,0.0666666666666591,,0.0666666666666591,1,-0.1996111693696383,,-0.1996111693696383,1,-0.1090386289906146,,-0.1090386289906146,1,25.518261528321105,,25.518261528321105,1,51.99116276682067,,51.99116276682067,1,1455.541603293069,,1455.541603293069,1,2989.1559484355084,,2989.1559484355084,1
8.07,-0.0488928457503468,,-0.0488928457503468,1,65.27710182282229,,65.27710182282229,1,0.0666666666666591,,0.0666666666666591,1,0.0666666666666591,,0.0666666666666591,1,-0.0928295722637522,,-0.0928295722637522,1,-0.1013406180753954,,-0.1013406180753954,1,25.554041361499827,,25.554041361499827,1,52.068857927704926,,52.068857927704926,1,1455.7570057945236,,1455.7570057945236,1,2989.518685943432,,2989.518685943432,1
8.08,-0.0581672251330234,,-0.0581672251330234,1,66.78528437976077,,66.78528437976077,1,0.0666666666666591,,0.0666666666666591,1,0.1333333333333183,,0.1333333333333183,1,-0.3410483231722037,,-0.3410483231722037,1,-0.1779608835805422,,-0.1779608835805422,1,25.584615746399788,,25.584615746399788,1,52.135861158026856,,52.135861158026856,1,1454.8430566828454,,1454.8430566828454,1,2987.563024481369,,2987.563024481369,1
8.09,-0.0567242208997449,,-0.0567242208997449,1,68.50885686130809,,68.50885686130809,1,0.0666666666666591,,0.0666666666666591,1,0.1333333333333183,,0.1333333333333183,1,-0.081086863571836,,-0.081086863571836,1,-0.0929423299037512,,-0.0929423299037512,1,25.609560723010823,,25.609560723010823,1,52.191303293582735,,52.191303293582735,1,1452.8101445575794,,1452.8101445575794,1,2983.310528356056,,2983.310528356056,1
8.1,-0.0564460903383855,,-0.0564460903383855,1,69.81735712058153,,69.81735712058153,1,0.1333333333333183,,0.1333333333333183,1,0.1333333333333183,,0.1333333333333183,1,-0.1324971294931769,,-0.1324971294931769,1,-0.0318626498392559,,-0.0318626498392559,1,25.628453995719774,,25.628453995719774,1,52.23431870604031,,52.23431870604031,1,1449.673243525876,,1449.673243525876,1,2976.792170624722,,2976.792170624722,1
8.11,-0.0484527539208567,,-0.0484527539208567,1,66.09651700712284,,66.09651700712284,1,0.1333333333333183,,0.1333333333333183,1,0.1333333333333183,,0.1333333333333183,1,-0.2638477570576409,,-0.2638477570576409,1,-0.1452145538448936,,-0.1452145538448936,1,25.64087876452748,,25.64087876452748,1,52.26405316547722,,52.26405316547722,1,1445.4516855843312,,1445.4516855843312,1,2968.047864295562,,2968.047864295562,1
8.120000000000001,-0.0503815418359338,,-0.0503815418359338,1,68.8501357529253,,68.8501357529253,1,0.0666666666666591,,0.0666666666666591,1,0.1999999999999775,,0.1999999999999775,1,-0.0257512874264151,,-0.0257512874264151,1,-0.1538209585842108,,-0.1538209585842108,1,25.64642784646152,,25.64642784646152,1,52.2796722969581,,52.2796722969581,1,1443.8020594236082,,1443.8020594236082,1,2961.400995411053,,2961.400995411053,1
8.13,-0.0448674624973761,,-0.0448674624973761,1,64.12705738315071,,64.12705738315071,1,0.2666666666666367,,0.2666666666666367,1,0.0666666666666591,,0.0666666666666591,1,-0.1992235362703777,,-0.1992235362703777,1,-0.1195770386340505,,-0.1195770386340505,1,25.6447080334862,,25.6447080334862,1,52.2803705208154,,52.2803705208154,1,1450.7762099564045,,1450.7762099564045,1,2975.5628735553487,,2975.5628735553487,1
8.14,-0.0475831640254225,,-0.0475831640254225,1,69.57826707369773,,69.57826707369773,1,0.0666666666666591,,0.0666666666666591,1,0.0666666666666591,,0.0666666666666591,1,-0.1569566363621666,,-0.1569566363621666,1,0.1441067365261402,,0.1441067365261402,1,25.6353446202884,,25.6353446202884,1,52.26538033979479,,52.26538033979479,1,1456.8565414897505,,1456.8565414897505,1,2987.8908958133143,,2987.8908958133143,1
8.15,-0.0475410633958742,,-0.0475410633958742,1,66.40183130283938,,66.40183130283938,1,0.0666666666666591,,0.0666666666666591,1,0.0666666666666591,,0.0666666666666591,1,-0.035474961082844,,-0.035474961082844,1,0.0154712927282064,,0.0154712927282064,1,25.617986023141217,,25.617986023141217,1,52.23398181127664,,52.23398181127664,1,1461.897936382181,,1461.897936382181,1,2998.0874950490115,,2998.0874950490115,1
8.16,-0.0474586404112825,,-0.0474586404112825,1,68.90975700091671,,68.90975700091671,1,0.0666666666666591,,0.0666666666666591,1,0.0666666666666591,,0.0666666666666591,1,-0.2535889259790752,,-0.2535889259790752,1,-0.1675623887307144,,-0.1675623887307144,1,25.592308400221405,,25.592308400221405,1,52.185512020612,,52.185512020612,1,1465.7402791720754,,1465.7402791720754,1,3005.8243651321427,,3005.8243651321427,1
8.17,-0.0577639895296481,,-0.0577639895296481,1,72.49222727006769,,72.49222727006769,1,0.0666666666666591,,0.0666666666666591,1,0.0666666666666591,,0.0666666666666591,1,-0.0114406191168997,,-0.0114406191168997,1,-0.1531920327102548,,-0.1531920327102548,1,25.558020175024147,,25.558020175024147,1,52.119374353738735,,52.119374353738735,1,1468.207545776536,,1468.207545776536,1,3010.740596305717,,3010.740596305717,1
8.18,-0.0547728386708711,,-0.0547728386708711,1,68.64931724819974,,68.64931724819974,1,0.0666666666666591,,0.0666666666666591,1,0.0666666666666591,,0.0666666666666591,1,-0.1299895450524417,,-0.1299895450524417,1,-0.1886461041682456,,-0.1886461041682456,1,25.514866358454505,,25.514866358454505,1,52.03504735484933,,52.03504735484933,1,1469.106990382645,,1469.106990382645,1,3012.44101128452,,3012.44101128452,1
8.19,-0.0473171612002124,,-0.0473171612002124,1,68.29337448745422,,68.29337448745422,1,0.1333333333333183,,0.1333333333333183,1,0.0666666666666591,,0.0666666666666591,1,0.0120891351562295,,0.0120891351562295,1,-0.1136456464442643,,-0.1136456464442643,1,25.46263256229924,,25.46263256229924,1,51.9320929490492,,51.9320929490492,1,1468.228475818726,,1468.228475818726,1,3010.4947959908195,,3010.4947959908195,1
8.2,-0.0544285686646214,,-0.0544285686646214,1,71.67320882452648,,71.67320882452648,1,0.0666666666666591,,0.0666666666666591,1,0.1333333333333183,,0.1333333333333183,1,-0.2082930480257104,,-0.2082930480257104,1,-0.1121740005641383,,-0.1121740005641383,1,25.401148597909984,,25.401148597909984,1,51.81016381229626,,51.81016381229626,1,1465.3440000255562,,1465.3440000255562,1,3004.4345328333184,,3004.4345328333184,1
8.21,-0.0466102025357449,,-0.0466102025357449,1,69.1665003539347,,69.1665003539347,1,0.0666666666666591,,0.0666666666666591,1,0.0666666666666591,,0.0666666666666591,1,-0.1655789334014466,,-0.1655789334014466,1,-0.0486329141086272,,-0.0486329141086272,1,25.581111699281458,,25.581111699281458,1,51.69535726541723,,51.69535726541723,1,1465.187858351482,,1465.187858351482,1,3007.8049014468456,,3007.8049014468456,1
8.22,-0.0586606206136419,,-0.0586606206136419,1,69.95286168034968,,69.95286168034968,1,0.2666666666666367,,0.2666666666666367,1,0.1333333333333183,,0.1333333333333183,1,-0.29072975476865,,-0.29072975476865,1,-0.0683131468635654,,-0.0683131468635654,1,25.36623015343265,,25.36623015343265,1,51.7508191760319,,51.7508191760319,1,1474.4639233106786,,1474.4639233106786,1,3026.753026066,,3026.753026066,1
8.23,-0.0492392606087187,,-0.0492392606087187,1,65.79222469700048,,65.79222469700048,1,0.0666666666666591,,0.0666666666666591,1,0.0666666666666591,,0.0666666666666591,1,-0.1659957756787108,,-0.1659957756787108,1,-0.0888310820363633,,-0.0888310820363633,1,25.44520022810827,,25.44520022810827,1,51.917108696023234,,51.917108696023234,1,1481.32756184577,,1481.32756184577,1,3040.750124072139,,3040.750124072139,1
8.24,-0.0454005955815627,,-0.0454005955815627,1,67.40712249501506,,67.40712249501506,1,0.0666666666666591,,0.0666666666666591,1,0.0666666666666591,,0.0666666666666591,1,-0.2625412375672767,,-0.2625412375672767,1,0.0382474464957266,,0.0382474464957266,1,25.516445799153704,,25.516445799153704,1,52.06753630661861,,52.06753630661861,1,1485.8369421544303,,1485.8369421544303,1,3049.9160499244035,,3049.9160499244035,1
8.25,-0.0451233245148699,,-0.0451233245148699,1,68.23592008464749,,68.23592008464749,1,0.2666666666666367,,0.2666666666666367,1,0.1333333333333183,,0.1333333333333183,1,-0.1558880490008224,,-0.1558880490008224,1,-0.1624232243782763,,-0.1624232243782763,1,25.579198317244952,,25.579198317244952,1,52.200526963763,,52.200526963763,1,1488.0616809587864,,1488.0616809587864,1,3054.3941281280054,,3054.3941281280054,1
8.26,-0.049352755848015,,-0.049352755848015,1,67.76153737941462,,67.76153737941462,1,0.0666666666666591,,0.0666666666666591,1,0.0666666666666591,,0.0666666666666591,1,-0.2394450783782486,,-0.2394450783782486,1,-0.0490478528445208,,-0.0490478528445208,1,25.63269097926053,,25.63269097926053,1,52.31450941159604,,52.31450941159604,1,1488.0815784473891,,1488.0815784473891,1,3054.3485540354864,,3054.3485540354864,1
8.27,-0.0537140732027973,,-0.0537140732027973,1,70.59831749583208,,70.59831749583208,1,0.0666666666666591,,0.0666666666666591,1,0.0666666666666591,,0.0666666666666591,1,-0.1673868894097071,,-0.1673868894097071,1,-0.1111429763203348,,-0.1111429763203348,1,25.67616896070861,,25.67616896070861,1,52.407937172249056,,52.407937172249056,1,1485.9853002446962,,1485.9853002446962,1,3049.961686511753,,3049.961686511753,1
8.28,-0.0561472244941558,,-0.0561472244941558,1,71.55639062997308,,71.55639062997308,1,0.0666666666666591,,0.0666666666666591,1,0.0666666666666591,,0.0666666666666591,1,-0.0930249254020673,,-0.0930249254020673,1,0.0676661416023386,,0.0676661416023386,1,25.70890053338245,,25.70890053338245,1,52.4793113476071,,52.4793113476071,1,1481.869034322335,,1481.869034322335,1,3041.4312897496548,,3041.4312897496548,1
8.290000000000001,-0.0559968954419811,,-0.0559968954419811,1,66.900117899665,,66.900117899665,1,0.1999999999999775,,0.1999999999999775,1,0.1999999999999775,,0.1999999999999775,1,-0.3192940970703913,,-0.3192940970703913,1,-0.0865880651700281,,-0.0865880651700281,1,25.730188831836145,,25.730188831836145,1,52.52720474767926,,52.52720474767926,1,1478.8212916681475,,1478.8212916681475,1,3030.774376910521,,3030.774376910521,1
8.3,-0.0487782590785226,,-0.0487782590785226,1,68.00788088303172,,68.00788088303172,1,0.0666666666666591,,0.0666666666666591,1,0.0666666666666591,,0.0666666666666591,1,-0.1259164523641924,,-0.1259164523641924,1,-0.1611979186115648,,-0.1611979186115648,1,25.739383976568497,,25.739383976568497,1,52.550286746062895,,52.550286746062895,1,1467.9908742096693,,1467.9908742096693,1,3012.791507886156,,3012.791507886156,1
8.31,-0.0528270258238304,,-0.0528270258238304,1,66.88808084128829,,66.88808084128829,1,0.0666666666666591,,0.0666666666666591,1,0.0666666666666591,,0.0666666666666591,1,-0.1392852423959136,,-0.1392852423959136,1,-0.1618694822940873,,-0.1618694822940873,1,25.73589521433868,,25.73589521433868,1,52.54734816579905,,52.54734816579905,1,1475.1319170125391,,1475.1319170125391,1,3022.770764923737,,3022.770764923737,1
8.32,-0.0522574693427651,,-0.0522574693427651,1,69.79900648259041,,69.79900648259041,1,0.1333333333333183,,0.1333333333333183,1,0.1333333333333183,,0.1333333333333183,1,-0.0155956719644049,,-0.0155956719644049,1,-0.1916489673118138,,-0.1916489673118138,1,25.719202700321,,25.719202700321,1,52.51732542582102,,52.51732542582102,1,1483.3589213471555,,1483.3589213471555,1,3039.5078744469447,,3039.5078744469447,1
8.33,-0.0558766418030614,,-0.0558766418030614,1,69.88553380312152,,69.88553380312152,1,0.2666666666666367,,0.2666666666666367,1,0.0666666666666591,,0.0666666666666591,1,-0.2999434852528063,,-0.2999434852528063,1,-0.0870576812617937,,-0.0870576812617937,1,25.6888685267502,,25.6888685267502,1,52.459323137265066,,52.459323137265066,1,1489.7296369616477,,1489.7296369616477,1,3052.439003372117,,3052.439003372117,1
8.34,-0.058343187275797,,-0.058343187275797,1,71.9260296240794,,71.9260296240794,1,0.0666666666666591,,0.0666666666666591,1,0.0666666666666591,,0.0666666666666591,1,-0.2198346227672414,,-0.2198346227672414,1,-0.1478464291798556,,-0.1478464291798556,1,25.644546600968663,,25.644546600968663,1,52.37263433556042,,52.37263433556042,1,1493.9305901007413,,1493.9305901007413,1,3060.921682256036,,3060.921682256036,1
8.35,-0.0510601054536565,,-0.0510601054536565,1,69.08261597823171,,69.08261597823171,1,0.0666666666666591,,0.0666666666666591,1,0.0666666666666591,,0.0666666666666591,1,-0.1735581382209073,,-0.1735581382209073,1,-0.1524654320136801,,-0.1524654320136801,1,25.58599099462865,,25.58599099462865,1,52.25675757305611,,52.25675757305611,1,1495.6154613747249,,1495.6154613747249,1,3064.246154031136,,3064.246154031136,1
8.36,-0.0558567269680471,,-0.0558567269680471,1,71.85869124903394,,71.85869124903394,1,0.3333333333332959,,0.3333333333332959,1,0.0666666666666591,,0.0666666666666591,1,-0.2219789223881856,,-0.2219789223881856,1,-0.1452777457502059,,-0.1452777457502059,1,25.51306242550583,,25.51306242550583,1,52.11141017859137,,52.11141017859137,1,1494.4043921784191,,1494.4043921784191,1,3061.6339600953165,,3061.6339600953165,1
8.370000000000001,-0.0505543807515435,,-0.0505543807515435,1,69.97579682594758,,69.97579682594758,1,0.0666666666666591,,0.0666666666666591,1,0.1333333333333183,,0.1333333333333183,1,-0.2495091751318817,,-0.2495091751318817,1,-0.1365443811427984,,-0.1365443811427984,1,25.425732594091585,,25.425732594091585,1,51.93653711508471,,51.93653711508471,1,1489.8840703705357,,1489.8840703705357,1,3052.2381245667825,,3052.2381245667825,1
8.38,-0.0547275734272703,,-0.0547275734272703,1,69.0135633512673,,69.0135633512673,1,0.0666666666666591,,0.0666666666666591,1,0.0666666666666591,,0.0666666666666591,1,-0.1560387283577366,,-0.1560387283577366,1,-0.0468699620827477,,-0.0468699620827477,1,25.74733772008064,,25.74733772008064,1,51.87879421338128,,51.87879421338128,1,1497.7080183460762,,1497.7080183460762,1,3073.226983337763,,3073.226983337763,1
8.39,-0.0560219822776767,,-0.0560219822776767,1,72.15213183403993,,72.15213183403993,1,0.0666666666666591,,0.0666666666666591,1,0.1333333333333183,,0.1333333333333183,1,-0.261499582631276,,-0.261499582631276,1,-0.1272502838382184,,-0.1272502838382184,1,25.491799482556413,,25.491799482556413,1,52.08548097239631,,52.08548097239631,1,1505.2309071157404,,1505.2309071157404,1,3088.5589431091607,,3088.5589431091607,1
8.4,-0.0563754093658783,,-0.0563754093658783,1,71.20097720913253,,71.20097720913253,1,0.1333333333333183,,0.1333333333333183,1,0.1333333333333183,,0.1333333333333183,1,-0.1663780952543528,,-0.1663780952543528,1,-0.1907458022662896,,-0.1907458022662896,1,25.577868448018723,,25.577868448018723,1,52.26619262314679,,52.26619262314679,1,1509.0927952109273,,1509.0927952109273,1,3096.382732709393,,3096.382732709393,1
8.41,-0.052003937597308,,-0.052003937597308,1,68.90792299199325,,68.90792299199325,1,0.0666666666666591,,0.0666666666666591,1,0.0666666666666591,,0.0666666666666591,1,-0.2660428137279256,,-0.2660428137279256,1,-0.1073142718013377,,-0.1073142718013377,1,25.65005274992741,,25.65005274992741,1,52.41841890091096,,52.41841890091096,1,1509.502729518067,,1509.502729518067,1,3097.127776049077,,3097.127776049077,1
8.42,-0.0515395519505197,,-0.0515395519505197,1,68.4504273364598,,68.4504273364598,1,0.0666666666666591,,0.0666666666666591,1,0.0666666666666591,,0.0666666666666591,1,-0.2015074963964636,,-0.2015074963964636,1,-0.1584852746503322,,-0.1584852746503322,1,25.70717001552212,,25.70717001552212,1,52.53973839447118,,52.53973839447118,1,1506.6815894704855,,1506.6815894704855,1,3091.2476996703303,,3091.2476996703303,1
8.43,-0.0515808555819897,,-0.0515808555819897,1,70.08697261415867,,70.08697261415867,1,0.1333333333333183,,0.1333333333333183,1,0.0666666666666591,,0.0666666666666591,1,-0.2385434133172262,,-0.2385434133172262,1,-0.1547227258782285,,-0.1547227258782285,1,25.74810725669992,,25.74810725669992,1,52.62787225881482,,52.62787225881482,1,1500.8581550557385,,1500.8581550557385,1,3079.212266663625,,3079.212266663625,1
8.44,-0.0497462390370135,,-0.0497462390370135,1,68.48111762320812,,68.48111762320812,1,0.1999999999999775,,0.1999999999999775,1,0.0666666666666591,,0.0666666666666591,1,-0.2695692035954968,,-0.2695692035954968,1,-0.119861311385949,,-0.119861311385949,1,25.77184772560624,,25.77184772560624,1,52.68073925590694,,52.68073925590694,1,1492.2654819954796,,1492.2654819954796,1,3061.499942007163,,3061.499942007163,1
8.45,-0.0517016311127176,,-0.0517016311127176,1,64.7819037064896,,64.7819037064896,1,0.0666666666666591,,0.0666666666666591,1,0.0666666666666591,,0.0666666666666591,1,-0.284062148851234,,-0.284062148851234,1,-0.0888400730464537,,-0.0888400730464537,1,26.03014441283305,,26.03014441283305,1,52.6965098938001,,52.6965098938001,1,1492.5654220443073,,1492.5654220443073,1,3053.7532530570184,,3053.7532530570184,1
8.46,-0.0599970936011529,,-0.0599970936011529,1,70.67368044977047,,70.67368044977047,1,0.0666666666666591,,0.0666666666666591,1,0.1333333333333183,,0.1333333333333183,1,-0.0172620428417779,,-0.0172620428417779,1,0.0543369113020669,,0.0543369113020669,1,25.86389688646072,,25.86389688646072,1,52.67365726286447,,52.67365726286447,1,1517.2156320824931,,1517.2156320824931,1,3109.571660064268,,3109.571660064268,1
8.47,-0.0507073602931021,,-0.0507073602931021,1,65.73979545856798,,65.73979545856798,1,0.0666666666666591,,0.0666666666666591,1,0.1333333333333183,,0.1333333333333183,1,-0.2607151458735521,,-0.2607151458735521,1,-0.1440906826873926,,-0.1440906826873926,1,25.807802072694667,,25.807802072694667,1,52.61100214586719,,52.61100214586719,1,1504.9988618347822,,1504.9988618347822,1,3081.6305487556256,,3081.6305487556256,1
8.48,-0.0542139867995336,,-0.0542139867995336,1,71.15291302463477,,71.15291302463477,1,0.0666666666666591,,0.0666666666666591,1,0.1333333333333183,,0.1333333333333183,1,-0.2381063072789048,,-0.2381063072789048,1,-0.0632976249387732,,-0.0632976249387732,1,25.67930053810429,,25.67930053810429,1,52.50775012083466,,52.50775012083466,1,1510.9500498787113,,1510.9500498787113,1,3093.712481879753,,3093.712481879753,1
8.49,-0.0526805885369522,,-0.0526805885369522,1,67.99058990619798,,67.99058990619798,1,0.0666666666666591,,0.0666666666666591,1,0.0666666666666591,,0.0666666666666591,1,-0.1993561084482639,,-0.1993561084482639,1,-0.1560367097098487,,-0.1560367097098487,1,25.606901386141978,,25.606901386141978,1,52.363518683664346,,52.363518683664346,1,1513.3874245482884,,1513.3874245482884,1,3098.5938027432667,,3098.5938027432667,1
8.5,-0.0552007062998527,,-0.0552007062998527,1,71.52274525613763,,71.52274525613763,1,0.0666666666666591,,0.0666666666666591,1,0.0666666666666591,,0.0666666666666591,1,-0.3138152197690199,,-0.3138152197690199,1,0.1447761816979371,,0.1447761816979371,1,25.51452953162253,,25.51452953162253,1,52.17835287924228,,52.17835287924228,1,1511.7177697236862,,1511.7177697236862,1,3095.059206430587,,3095.059206430587,1
8.51,-0.0494578889583057,,-0.0494578889583057,1,63.0017803045025,,63.0017803045025,1,0.2666666666666367,,0.2666666666666367,1,0.1333333333333183,,0.1333333333333183,1,-0.0823134480644826,,-0.0823134480644826,1,-0.1624064386170103,,-0.1624064386170103,1,25.81328262588586,,25.81328262588586,1,51.95272851696203,,51.95272851696203,1,1509.1849299513383,,1509.1849299513383,1,3095.815134278017,,3095.815134278017,1
8.52,-0.0553988261860995,,-0.0553988261860995,1,69.07697556217272,,69.07697556217272,1,0.0666666666666591,,0.0666666666666591,1,0.0666666666666591,,0.0666666666666591,1,-0.2018988840375309,,-0.2018988840375309,1,-0.045190400544583,,-0.045190400544583,1,26.06450491486336,,26.06450491486336,1,52.4995932517261,,52.4995932517261,1,1519.175852582127,,1519.175852582127,1,3116.1889839833025,,3116.1889839833025,1
8.53,-0.0548508578616015,,-0.0548508578616015,1,70.29758850340767,,70.29758850340767,1,0.0666666666666591,,0.0666666666666591,1,0.0666666666666591,,0.0666666666666591,1,-0.2629931222049597,,-0.2629931222049597,1,0.0186832596416516,,0.0186832596416516,1,25.656123987092965,,25.656123987092965,1,52.30402238881246,,52.30402238881246,1,1524.0025570554783,,1524.0025570554783,1,3125.9764514679127,,3125.9764514679127,1
8.540000000000001,-0.0449905163916332,,-0.0449905163916332,1,65.42219592622844,,65.42219592622844,1,0.0666666666666591,,0.0666666666666591,1,0.1333333333333183,,0.1333333333333183,1,-0.0195615182192822,,-0.0195615182192822,1,-0.0699346461717467,,-0.0699346461717467,1,25.653196842044043,,25.653196842044043,1,52.48527897309053,,52.48527897309053,1,1524.0566889067711,,1524.0566889067711,1,3125.9813661841304,,3125.9813661841304,1
8.55,-0.0538602170679131,,-0.0538602170679131,1,72.01405314309356,,72.01405314309356,1,0.3333333333332959,,0.3333333333332959,1,0.1333333333333183,,0.1333333333333183,1,-0.1885241448553042,,-0.1885241448553042,1,0.0097896409360834,,0.0097896409360834,1,25.718869119649543,,25.718869119649543,1,52.62403638645134,,52.62403638645134,1,1519.7418081837093,,1519.7418081837093,1,3117.031867800519,,3117.031867800519,1
8.56,-0.0635724238121108,,-0.0635724238121108,1,69.75912123901855,,69.75912123901855,1,0.0666666666666591,,0.0666666666666591,1,0.3333333333332959,,0.3333333333332959,1,-0.304968739359372,,-0.304968739359372,1,-0.0440180574442504,,-0.0440180574442504,1,25.762273119652185,,25.762273119652185,1,52.748250053447066,,52.748250053447066,1,1534.5780062972017,,1534.5780062972017,1,3140.29045792564,,3140.29045792564,1
8.57,-0.049239811085314,,-0.049239811085314,1,67.9311991659302,,67.9311991659302,1,0.1333333333333183,,0.1333333333333183,1,0.0666666666666591,,0.0666666666666591,1,-0.2539871621802929,,-0.2539871621802929,1,-0.1656920421903009,,-0.1656920421903009,1,25.782071524221404,,25.782071524221404,1,52.76186415888405,,52.76186415888405,1,1499.6299189974586,,1499.6299189974586,1,3075.603491315011,,3075.603491315011,1
8.58,-0.0642458599757797,,-0.0642458599757797,1,71.78326947721587,,71.78326947721587,1,0.0666666666666591,,0.0666666666666591,1,0.1333333333333183,,0.1333333333333183,1,-0.1888495428645762,,-0.1888495428645762,1,-0.1904595484498127,,-0.1904595484498127,1,25.77717671151634,,25.77717671151634,1,52.75597419358361,,52.75597419358361,1,1509.0070506475922,,1509.0070506475922,1,3090.867483773043,,3090.867483773043,1
8.59,-0.0556315613587872,,-0.0556315613587872,1,70.62350142437211,,70.62350142437211,1,0.0666666666666591,,0.0666666666666591,1,0.0666666666666591,,0.0666666666666591,1,-0.1986678564879472,,-0.1986678564879472,1,-0.056587452860937,,-0.056587452860937,1,25.746791760251813,,25.746791760251813,1,52.697845519041984,,52.697845519041984,1,1513.8450252732712,,1513.8450252732712,1,3097.9630426403305,,3097.9630426403305,1
8.6,-0.0474623175489534,,-0.0474623175489534,1,69.45408100841053,,69.45408100841053,1,0.0666666666666591,,0.0666666666666591,1,0.0666666666666591,,0.0666666666666591,1,-0.1682693354737726,,-0.1682693354737726,1,-0.1504835819208291,,-0.1504835819208291,1,25.69044236170714,,25.69044236170714,1,52.58651137157358,,52.58651137157358,1,1521.9737926457049,,1521.9737926457049,1,3114.518471681346,,3114.518471681346,1
8.61,-0.0617988124977321,,-0.0617988124977321,1,72.36879206869696,,72.36879206869696,1,0.0666666666666591,,0.0666666666666591,1,0.0666666666666591,,0.0666666666666591,1,-0.3420794785113382,,-0.3420794785113382,1,-0.1984508751163907,,-0.1984508751163907,1,25.60799748351676,,25.60799748351676,1,52.421708566706045,,52.421708566706045,1,1525.6345086321062,,1525.6345086321062,1,3121.9211401250177,,3121.9211401250177,1
8.620000000000001,-0.0479477536332168,,-0.0479477536332168,1,66.4232304699621,,66.4232304699621,1,0.0666666666666591,,0.0666666666666591,1,0.0666666666666591,,0.0666666666666591,1,-0.1756022619393471,,-0.1756022619393471,1,-0.1410521407429424,,-0.1410521407429424,1,25.49967734625462,,25.49967734625462,1,52.20389373508372,,52.20389373508372,1,1523.9860527904286,,1523.9860527904286,1,3118.448345693369,,3118.448345693369,1
8.63,-0.0534651928088084,,-0.0534651928088084,1,69.11041324972894,,69.11041324972894,1,0.0666666666666591,,0.0666666666666591,1,0.0666666666666591,,0.0666666666666591,1,-0.0017196797276184,,-0.0017196797276184,1,-0.1471772156071797,,-0.1471772156071797,1,25.36604813779631,,25.36604813779631,1,51.93423237793442,,51.93423237793442,1,1523.9391296453882,,1523.9391296453882,1,3125.1813202189915,,3125.1813202189915,1
8.64,-0.0595394771697229,,-0.0595394771697229,1,71.63221979666332,,71.63221979666332,1,0.4666666666666142,,0.4666666666666142,1,0.1333333333333183,,0.1333333333333183,1,-0.2065699083921343,,-0.2065699083921343,1,-0.1512981046680415,,-0.1512981046680415,1,25.485284948836416,,25.485284948836416,1,52.259333716062166,,52.259333716062166,1,1532.6697488769182,,1532.6697488769182,1,3142.953107053937,,3142.953107053937,1
8.65,-0.0466256722985159,,-0.0466256722985159,1,65.14046540730254,,65.14046540730254,1,0.3333333333332959,,0.3333333333332959,1,0.0666666666666591,,0.0666666666666591,1,-0.2527392511079236,,-0.2527392511079236,1,-0.084378141919556,,-0.084378141919556,1,25.59567975433192,,25.59567975433192,1,52.41982389038763,,52.41982389038763,1,1534.945307513899,,1534.945307513899,1,3147.4980510157484,,3147.4980510157484,1
8.66,-0.0567551674502603,,-0.0567551674502603,1,73.11029266349352,,73.11029266349352,1,0.0666666666666591,,0.0666666666666591,1,0.0666666666666591,,0.0666666666666591,1,-0.18365571360283,,-0.18365571360283,1,-0.1223689514934429,,-0.1223689514934429,1,25.680309243813696,,25.680309243813696,1,52.597321741691374,,52.597321741691374,1,1531.3965424086605,,1531.3965424086605,1,3140.1098359110333,,3140.1098359110333,1
8.67,-0.0531000689427239,,-0.0531000689427239,1,70.37251827557478,,70.37251827557478,1,0.0666666666666591,,0.0666666666666591,1,0.0666666666666591,,0.0666666666666591,1,-0.287237272232734,,-0.287237272232734,1,-0.1549065376182568,,-0.1549065376182568,1,25.73702902510664,,25.73702902510664,1,52.7176254725495,,52.7176254725495,1,1522.6543030396365,,1522.6543030396365,1,3122.082199516748,,3122.082199516748,1
8.68,-0.0486122081777294,,-0.0486122081777294,1,66.14480542732079,,66.14480542732079,1,0.1333333333333183,,0.1333333333333183,1,0.0666666666666591,,0.0666666666666591,1,-0.1262441888000621,,-0.1262441888000621,1,-0.0430492542068903,,-0.0430492542068903,1,25.764014894220505,,25.764014894220505,1,52.93713718849361,,52.93713718849361,1,1533.3493769941858,,1533.3493769941858,1,3138.9275942043387,,3138.9275942043387,1
8.69,-0.0524853044408763,,-0.0524853044408763,1,68.00239621844696,,68.00239621844696,1,0.1333333333333183,,0.1333333333333183,1,0.0666666666666591,,0.0666666666666591,1,-0.2624799111711951,,-0.2624799111711951,1,-0.0411486416175825,,-0.0411486416175825,1,25.75984342710301,,25.75984342710301,1,53.14812169200347,,53.14812169200347,1,1557.510461555996,,1557.510461555996,1,3187.245876706594,,3187.245876706594,1
8.700000000000001,-0.0574026658416459,,-0.0574026658416459,1,67.99959158261635,,67.99959158261635,1,0.1333333333333183,,0.1333333333333183,1,0.0666666666666591,,0.0666666666666591,1,-0.1720804655210951,,-0.1720804655210951,1,-0.1464428207529574,,-0.1464428207529574,1,25.92870661258308,,25.92870661258308,1,53.49032624113944,,53.49032624113944,1,1544.6169232343896,,1544.6169232343896,1,3160.209389682203,,3160.209389682203,1
8.71,-0.0578061290608456,,-0.0578061290608456,1,70.13219516966356,,70.13219516966356,1,0.0666666666666591,,0.0666666666666591,1,0.0666666666666591,,0.0666666666666591,1,0.017365961782377,,0.017365961782377,1,-0.1544731730263799,,-0.1544731730263799,1,25.65472006316536,,25.65472006316536,1,52.85831834686207,,52.85831834686207,1,1585.739016497109,,1585.739016497109,1,3245.045732581138,,3245.045732581138,1
8.72,-0.0507462445224315,,-0.0507462445224315,1,70.76269631254124,,70.76269631254124,1,0.0666666666666591,,0.0666666666666591,1,0.0666666666666591,,0.0666666666666591,1,0.0331347191194138,,0.0331347191194138,1,-0.1620837256181499,,-0.1620837256181499,1,25.74518055416453,,25.74518055416453,1,53.37311766056244,,53.37311766056244,1,1586.9007750156911,,1586.9007750156911,1,3247.682000691108,,3247.682000691108,1
8.73,-0.0601494642652436,,-0.0601494642652436,1,73.0470531982971,,73.0470531982971,1,0.0666666666666591,,0.0666666666666591,1,0.1333333333333183,,0.1333333333333183,1,-0.2111055105622475,,-0.2111055105622475,1,-0.1770276791593475,,-0.1770276791593475,1,25.6541628314612,,25.6541628314612,1,53.0547546412127,,53.0547546412127,1,1599.4325513490408,,1599.4325513490408,1,3272.119170906481,,3272.119170906481,1
8.74,-0.0519240564703065,,-0.0519240564703065,1,69.4717489374427,,69.4717489374427,1,0.0666666666666591,,0.0666666666666591,1,0.0666666666666591,,0.0666666666666591,1,0.0169362164735919,,0.0169362164735919,1,-0.138205203005427,,-0.138205203005427,1,25.684270706256967,,25.684270706256967,1,52.97788060696272,,52.97788060696272,1,1575.2045748866665,,1575.2045748866665,1,3226.300403093692,,3226.300403093692,1
8.75,-0.0479298963942059,,-0.0479298963942059,1,67.03926617009178,,67.03926617009178,1,0.3333333333332959,,0.3333333333332959,1,0.1999999999999775,,0.1999999999999775,1,-0.2073749649354693,,-0.2073749649354693,1,-0.1419467378867935,,-0.1419467378867935,1,25.8197203517526,,25.8197203517526,1,53.09923366357802,,53.09923366357802,1,1557.8284639952806,,1557.8284639952806,1,3185.9082059385755,,3185.9082059385755,1
8.76,-0.0535397566743486,,-0.0535397566743486,1,68.99065291286571,,68.99065291286571,1,0.0666666666666591,,0.0666666666666591,1,0.0666666666666591,,0.0666666666666591,1,0.0032332757368707,,0.0032332757368707,1,-0.1053660283146054,,-0.1053660283146054,1,25.64648210273348,,25.64648210273348,1,52.5782149644025,,52.5782149644025,1,1539.270620514338,,1539.270620514338,1,3155.523157430351,,3155.523157430351,1
8.77,-0.0557544555334732,,-0.0557544555334732,1,67.82926805875842,,67.82926805875842,1,0.1999999999999775,,0.1999999999999775,1,0.1333333333333183,,0.1333333333333183,1,-0.3347593380949534,,-0.3347593380949534,1,-0.2024771123800835,,-0.2024771123800835,1,26.07378016101285,,26.07378016101285,1,52.68489137897557,,52.68489137897557,1,1558.6957740297926,,1558.6957740297926,1,3194.406032082198,,3194.406032082198,1
8.78,-0.0464725317757262,,-0.0464725317757262,1,67.11492273730315,,67.11492273730315,1,0.2666666666666367,,0.2666666666666367,1,0.0666666666666591,,0.0666666666666591,1,-0.2147051703934236,,-0.2147051703934236,1,-0.1174553149469461,,-0.1174553149469461,1,26.059201757120857,,26.059201757120857,1,52.75545499528196,,52.75545499528196,1,1515.1199485870115,,1515.1199485870115,1,3105.8039654438808,,3105.8039654438808,1
8.790000000000001,-0.0573266396338142,,-0.0573266396338142,1,69.62985647631194,,69.62985647631194,1,0.1333333333333183,,0.1333333333333183,1,0.0666666666666591,,0.0666666666666591,1,-0.2733622189330727,,-0.2733622189330727,1,-0.1620123597666952,,-0.1620123597666952,1,25.72444138386872,,25.72444138386872,1,52.74818047587584,,52.74818047587584,1,1514.5259294843745,,1514.5259294843745,1,3096.382672388736,,3096.382672388736,1
8.8,-0.0560305986556894,,-0.0560305986556894,1,71.7516184185203,,71.7516184185203,1,0.733333333333251,,0.733333333333251,1,0.6666666666665919,,0.6666666666665919,1,-0.1702925689268038,,-0.1702925689268038,1,-0.1413047578627499,,-0.1413047578627499,1,25.679832901412325,,25.679832901412325,1,52.66085073846644,,52.66085073846644,1,1529.190957647598,,1529.190957647598,1,3126.345452824373,,3126.345452824373,1
8.81,-0.0571627339655928,,-0.0571627339655928,1,67.11547101422735,,67.11547101422735,1,0.2666666666666367,,0.2666666666666367,1,0.0666666666666591,,0.0666666666666591,1,-0.3827094700103735,,-0.3827094700103735,1,0.0216487821537428,,0.0216487821537428,1,25.61324628104796,,25.61324628104796,1,52.49281936622755,,52.49281936622755,1,1548.4578728007546,,1548.4578728007546,1,3166.46450878411,,3166.46450878411,1
8.82,-0.0543392277356698,,-0.0543392277356698,1,64.69718420527684,,64.69718420527684,1,0.2666666666666367,,0.2666666666666367,1,0.0666666666666591,,0.0666666666666591,1,-0.2332171005671134,,-0.2332171005671134,1,-0.1428008406961213,,-0.1428008406961213,1,25.47532821260269,,25.47532821260269,1,52.24505660669947,,52.24505660669947,1,1539.4574641571571,,1539.4574641571571,1,3147.243437732604,,3147.243437732604,1
8.83,-0.0460299399785868,,-0.0460299399785868,1,65.5841797412007,,65.5841797412007,1,0.0666666666666591,,0.0666666666666591,1,0.0666666666666591,,0.0666666666666591,1,-0.27941214605741,,-0.27941214605741,1,-0.1531424280559879,,-0.1531424280559879,1,26.06228903066222,,26.06228903066222,1,52.53953538328499,,52.53953538328499,1,1536.430177161564,,1536.430177161564,1,3149.3733512331955,,3149.3733512331955,1
8.84,-0.0503469222052248,,-0.0503469222052248,1,68.9203772994191,,68.9203772994191,1,0.1333333333333183,,0.1333333333333183,1,0.0666666666666591,,0.0666666666666591,1,-0.2658779614689452,,-0.2658779614689452,1,-0.1455988963401893,,-0.1455988963401893,1,25.46864186314738,,25.46864186314738,1,53.15261072179232,,53.15261072179232,1,1591.1192599325086,,1591.1192599325086,1,3254.6261539474285,,3254.6261539474285,1
8.85,-0.0532048903303666,,-0.0532048903303666,1,68.24154933128652,,68.24154933128652,1,0.4666666666666142,,0.4666666666666142,1,0.0666666666666591,,0.0666666666666591,1,-0.1142451673303554,,-0.1142451673303554,1,0.0202633738184345,,0.0202633738184345,1,25.97185725587292,,25.97185725587292,1,52.812617504102185,,52.812617504102185,1,1570.5432844021734,,1570.5432844021734,1,3213.352069566948,,3213.352069566948,1
8.86,-0.0596468291996796,,-0.0596468291996796,1,68.79099334578022,,68.79099334578022,1,0.0666666666666591,,0.0666666666666591,1,0.1333333333333183,,0.1333333333333183,1,-0.1968767190802532,,-0.1968767190802532,1,-0.1245777723987028,,-0.1245777723987028,1,25.814510321750035,,25.814510321750035,1,52.60138810923847,,52.60138810923847,1,1579.0414283663554,,1579.0414283663554,1,3230.6578467177465,,3230.6578467177465,1
8.870000000000001,-0.0548116759661574,,-0.0548116759661574,1,70.7285906751539,,70.7285906751539,1,0.0666666666666591,,0.0666666666666591,1,0.5333333333332735,,0.5333333333332735,1,-0.2180799001173369,,-0.2180799001173369,1,-0.1618928696181364,,-0.1618928696181364,1,25.67994135894236,,25.67994135894236,1,52.6972972518927,,52.6972972518927,1,1523.113397877468,,1523.113397877468,1,3118.3486154944885,,3118.3486154944885,1
8.88,-0.045442486314732,,-0.045442486314732,1,66.5870188064894,,66.5870188064894,1,0.1333333333333183,,0.1333333333333183,1,0.0666666666666591,,0.0666666666666591,1,-0.3525215531548846,,-0.3525215531548846,1,-0.0126363585038334,,-0.0126363585038334,1,25.679979602195296,,25.679979602195296,1,52.701336047226135,,52.701336047226135,1,1555.2934612331603,,1555.2934612331603,1,3178.801007347457,,3178.801007347457,1
8.89,-0.0495760406578031,,-0.0495760406578031,1,69.65740821743432,,69.65740821743432,1,0.0666666666666591,,0.0666666666666591,1,0.0666666666666591,,0.0666666666666591,1,-0.4235151735230922,,-0.4235151735230922,1,-0.2268298807023408,,-0.2268298807023408,1,26.092350311932982,,26.092350311932982,1,53.0103124584668,,53.0103124584668,1,1611.3721125013683,,1611.3721125013683,1,3299.6223029122903,,3299.6223029122903,1
8.9,-0.0559664522456848,,-0.0559664522456848,1,70.77435931099167,,70.77435931099167,1,0.1999999999999775,,0.1999999999999775,1,0.0666666666666591,,0.0666666666666591,1,-0.3209318589080995,,-0.3209318589080995,1,-0.1709267615199858,,-0.1709267615199858,1,25.541041348169944,,25.541041348169944,1,52.42480604761928,,52.42480604761928,1,1541.384980557791,,1541.384980557791,1,3149.9723843042843,,3149.9723843042843,1
8.91,-0.0554715812471503,,-0.0554715812471503,1,70.53422141908982,,70.53422141908982,1,0.0666666666666591,,0.0666666666666591,1,0.6666666666665919,,0.6666666666665919,1,-0.2510016711511301,,-0.2510016711511301,1,-0.0805644702863366,,-0.0805644702863366,1,25.56678136794799,,25.56678136794799,1,52.145281899676256,,52.145281899676256,1,1542.4119736670432,,1542.4119736670432,1,3152.0331544941782,,3152.0331544941782,1
8.92,-0.0476865008662581,,-0.0476865008662581,1,66.35345997349216,,66.35345997349216,1,0.1333333333333183,,0.1333333333333183,1,0.5333333333332735,,0.5333333333332735,1,-0.2667531471448172,,-0.2667531471448172,1,-0.0760881108148707,,-0.0760881108148707,1,25.54976712359043,,25.54976712359043,1,53.232863523577166,,53.232863523577166,1,1574.6785521511983,,1574.6785521511983,1,3219.072790894604,,3219.072790894604,1
8.93,-0.0532335189874702,,-0.0532335189874702,1,64.95604610050134,,64.95604610050134,1,0.0666666666666591,,0.0666666666666591,1,0.5333333333332735,,0.5333333333332735,1,-0.3734758142995712,,-0.3734758142995712,1,-0.1776562776687951,,-0.1776562776687951,1,25.436674214730942,,25.436674214730942,1,52.16976840644134,,52.16976840644134,1,1548.8150824278664,,1548.8150824278664,1,3173.942975402983,,3173.942975402983,1
8.94,-0.0521315236486844,,-0.0521315236486844,1,69.06808626842707,,69.06808626842707,1,0.1999999999999775,,0.1999999999999775,1,0.1999999999999775,,0.1999999999999775,1,-0.1372231248154938,,-0.1372231248154938,1,-0.0683092971757107,,-0.0683092971757107,1,25.537648178072523,,25.537648178072523,1,52.42503753589921,,52.42503753589921,1,1544.9208479372494,,1544.9208479372494,1,3165.8156845273124,,3165.8156845273124,1
8.950000000000001,-0.0429474257198651,,-0.0429474257198651,1,66.88052630590182,,66.88052630590182,1,0.0666666666666591,,0.0666666666666591,1,0.0666666666666591,,0.0666666666666591,1,-0.2279950961993231,,-0.2279950961993231,1,0.0549028468498196,,0.0549028468498196,1,26.75189715985525,,26.75189715985525,1,53.52633573175181,,53.52633573175181,1,1589.876930821783,,1589.876930821783,1,3258.2486153324494,,3258.2486153324494,1
8.96,-0.0377114999046058,,-0.0377114999046058,1,63.7768262392073,,63.7768262392073,1,0.2666666666666367,,0.2666666666666367,1,0.0666666666666591,,0.0666666666666591,1,-0.1860020000043356,,-0.1860020000043356,1,-0.0975733132088159,,-0.0975733132088159,1,25.62838348942457,,25.62838348942457,1,52.63600337428349,,52.63600337428349,1,1511.836904927043,,1511.836904927043,1,3097.7877433960807,,3097.7877433960807,1
8.97,-0.0550999058148352,,-0.0550999058148352,1,68.1460146514348,,68.1460146514348,1,0.1999999999999775,,0.1999999999999775,1,0.1333333333333183,,0.1333333333333183,1,-0.316086750748063,,-0.316086750748063,1,-0.180456299408982,,-0.180456299408982,1,26.53944682029071,,26.53944682029071,1,53.85347400004473,,53.85347400004473,1,1607.7452420631596,,1607.7452420631596,1,3294.0768093155684,,3294.0768093155684,1
8.98,-0.0500992314647128,,-0.0500992314647128,1,66.31566743318712,,66.31566743318712,1,0.1333333333333183,,0.1333333333333183,1,0.0666666666666591,,0.0666666666666591,1,-0.2606242257111362,,-0.2606242257111362,1,-0.100432176727564,,-0.100432176727564,1,25.51606746995436,,25.51606746995436,1,52.4706653820405,,52.4706653820405,1,1545.505081692344,,1545.505081692344,1,3156.535339592581,,3156.535339592581,1
8.99,-0.0516355071168584,,-0.0516355071168584,1,64.93891238361854,,64.93891238361854,1,0.0666666666666591,,0.0666666666666591,1,0.2666666666666367,,0.2666666666666367,1,-0.2788792916678314,,-0.2788792916678314,1,-0.0439921584364864,,-0.0439921584364864,1,25.88310056086784,,25.88310056086784,1,53.69273254579193,,53.69273254579193,1,1590.3767451241945,,1590.3767451241945,1,3248.6691157601063,,3248.6691157601063,1
9.0,-0.0471677433572749,,-0.0471677433572749,1,67.76680171045082,,67.76680171045082,1,0.0666666666666591,,0.0666666666666591,1,0.0666666666666591,,0.0666666666666591,1,-0.0124006945935462,,-0.0124006945935462,1,0.0316497029310428,,0.0316497029310428,1,25.966603485681087,,25.966603485681087,1,53.07109812940175,,53.07109812940175,1,1624.5320323522428,,1624.5320323522428,1,3323.078133669939,,3323.078133669939,1
9.01,-0.0510141234038168,,-0.0510141234038168,1,67.8129899509193,,67.8129899509193,1,0.0666666666666591,,0.0666666666666591,1,0.1333333333333183,,0.1333333333333183,1,-0.1715569307126521,,-0.1715569307126521,1,-0.0686297278944332,,-0.0686297278944332,1,25.686180902668664,,25.686180902668664,1,52.05028283617342,,52.05028283617342,1,1549.3311235280523,,1549.3311235280523,1,3174.461236510046,,3174.461236510046,1
9.02,-0.0479235792270145,,-0.0479235792270145,1,68.93001529975459,,68.93001529975459,1,0.0666666666666591,,0.0666666666666591,1,0.0666666666666591,,0.0666666666666591,1,-0.16156768982319,,-0.16156768982319,1,-0.0637261408241242,,-0.0637261408241242,1,25.462117994942624,,25.462117994942624,1,52.63158823225089,,52.63158823225089,1,1547.868838232912,,1547.868838232912,1,3166.109868803545,,3166.109868803545,1
9.03,-0.0502246559389837,,-0.0502246559389837,1,67.76621609375738,,67.76621609375738,1,0.0666666666666591,,0.0666666666666591,1,0.0666666666666591,,0.0666666666666591,1,-0.4013012612609451,,-0.4013012612609451,1,-0.0918034063959661,,-0.0918034063959661,1,26.00268504543285,,26.00268504543285,1,52.49429075110583,,52.49429075110583,1,1546.7889892834187,,1546.7889892834187,1,3167.653625317253,,3167.653625317253,1
9.04,-0.0449427011026561,,-0.0449427011026561,1,63.38018826897688,,63.38018826897688,1,0.2666666666666367,,0.2666666666666367,1,0.1999999999999775,,0.1999999999999775,1,-0.3172002811672867,,-0.3172002811672867,1,-0.1747373795917668,,-0.1747373795917668,1,25.56166924621652,,25.56166924621652,1,52.539748814329165,,52.539748814329165,1,1525.0705009294709,,1525.0705009294709,1,3115.4418674878493,,3115.4418674878493,1
9.05,-0.0476838172236139,,-0.0476838172236139,1,66.12186527723725,,66.12186527723725,1,0.1333333333333183,,0.1333333333333183,1,0.1333333333333183,,0.1333333333333183,1,-0.287665804386811,,-0.287665804386811,1,-0.0961864900175996,,-0.0961864900175996,1,25.52079964173836,,25.52079964173836,1,52.45992749637435,,52.45992749637435,1,1529.9176932671317,,1529.9176932671317,1,3124.276210159417,,3124.276210159417,1
9.06,-0.0440582376510112,,-0.0440582376510112,1,65.45314816786222,,65.45314816786222,1,0.2666666666666367,,0.2666666666666367,1,0.0666666666666591,,0.0666666666666591,1,-0.0018700244909847,,-0.0018700244909847,1,0.0821252393836718,,0.0821252393836718,1,26.41612340642814,,26.41612340642814,1,52.25383376165986,,52.25383376165986,1,1551.1600061807296,,1551.1600061807296,1,3180.578799693426,,3180.578799693426,1
9.07,-0.0455951634777197,,-0.0455951634777197,1,68.38543795400447,,68.38543795400447,1,0.0666666666666591,,0.0666666666666591,1,0.1999999999999775,,0.1999999999999775,1,0.0220184899188357,,0.0220184899188357,1,-0.0735122127041904,,-0.0735122127041904,1,25.255363479062368,,25.255363479062368,1,52.39569480841523,,52.39569480841523,1,1596.067700102773,,1596.067700102773,1,3262.839160939076,,3262.839160939076,1
9.08,-0.04851819039803,,-0.04851819039803,1,70.31610534016349,,70.31610534016349,1,0.0666666666666591,,0.0666666666666591,1,0.1333333333333183,,0.1333333333333183,1,-0.2050125682422133,,-0.2050125682422133,1,-0.1389727858415255,,-0.1389727858415255,1,25.323102026174336,,25.323102026174336,1,52.81431311113369,,52.81431311113369,1,1554.9571816670184,,1554.9571816670184,1,3173.9773887243214,,3173.9773887243214,1
9.09,-0.0453790344992396,,-0.0453790344992396,1,68.81053616648734,,68.81053616648734,1,0.2666666666666367,,0.2666666666666367,1,0.0666666666666591,,0.0666666666666591,1,-0.2460982099027933,,-0.2460982099027933,1,-0.1180570431946921,,-0.1180570431946921,1,26.29315830703693,,26.29315830703693,1,52.08268340375312,,52.08268340375312,1,1547.888417586194,,1547.888417586194,1,3170.9223341391544,,3170.9223341391544,1
9.1,-0.0416724418909373,,-0.0416724418909373,1,65.12384302629172,,65.12384302629172,1,0.0666666666666591,,0.0666666666666591,1,0.0666666666666591,,0.0666666666666591,1,-0.2254310391133308,,-0.2254310391133308,1,0.0697880038686381,,0.0697880038686381,1,26.46424948591615,,26.46424948591615,1,53.1347097209223,,53.1347097209223,1,1603.804725045259,,1603.804725045259,1,3274.2374195983843,,3274.2374195983843,1
9.11,-0.0416339173518067,,-0.0416339173518067,1,66.7999086045017,,66.7999086045017,1,0.0666666666666591,,0.0666666666666591,1,0.0666666666666591,,0.0666666666666591,1,-0.0806023210661229,,-0.0806023210661229,1,-0.0508818394625938,,-0.0508818394625938,1,26.40729220594412,,26.40729220594412,1,52.59820044449704,,52.59820044449704,1,1549.4714248431474,,1549.4714248431474,1,3177.3240240202595,,3177.3240240202595,1
9.12,-0.0449829789570349,,-0.0449829789570349,1,66.28663363859661,,66.28663363859661,1,0.1333333333333183,,0.1333333333333183,1,0.1333333333333183,,0.1333333333333183,1,-0.2267399124079819,,-0.2267399124079819,1,-0.1525343287880774,,-0.1525343287880774,1,26.22690106504516,,26.22690106504516,1,53.75960665705825,,53.75960665705825,1,1613.071676790993,,1613.071676790993,1,3302.2032026277107,,3302.2032026277107,1
9.13,-0.0448367064492202,,-0.0448367064492202,1,68.59669148097595,,68.59669148097595,1,0.1333333333333183,,0.1333333333333183,1,0.1333333333333183,,0.1333333333333183,1,-0.2747630643007303,,-0.2747630643007303,1,-0.1808899695780068,,-0.1808899695780068,1,26.278014873185136,,26.278014873185136,1,53.67975317089082,,53.67975317089082,1,1637.0616933610731,,1637.0616933610731,1,3347.024539510357,,3347.024539510357,1
9.14,-0.0395566569154152,,-0.0395566569154152,1,65.08836673428303,,65.08836673428303,1,0.2666666666666367,,0.2666666666666367,1,0.1333333333333183,,0.1333333333333183,1,-0.1828281661774439,,-0.1828281661774439,1,-0.1522733647027947,,-0.1522733647027947,1,25.5855879844169,,25.5855879844169,1,53.11748546796242,,53.11748546796242,1,1604.8324335228183,,1604.8324335228183,1,3277.7119165033505,,3277.7119165033505,1
9.15,-0.0360455880523048,,-0.0360455880523048,1,66.41855704985488,,66.41855704985488,1,0.0666666666666591,,0.0666666666666591,1,0.0666666666666591,,0.0666666666666591,1,-0.2089278447884905,,-0.2089278447884905,1,-0.0635429539157811,,-0.0635429539157811,1,26.000988153806755,,26.000988153806755,1,52.67213499241013,,52.67213499241013,1,1575.41005443309,,1575.41005443309,1,3213.9290823045503,,3213.9290823045503,1
9.16,-0.0377377088043299,,-0.0377377088043299,1,65.54801954787669,,65.54801954787669,1,0.1999999999999775,,0.1999999999999775,1,0.0666666666666591,,0.0666666666666591,1,-0.1437931217844543,,-0.1437931217844543,1,-0.0698386211087197,,-0.0698386211087197,1,25.51465962967199,,25.51465962967199,1,53.66612762658381,,53.66612762658381,1,1625.6841987036737,,1625.6841987036737,1,3321.832119503513,,3321.832119503513,1
9.17,-0.046576786182946,,-0.046576786182946,1,68.30691820308604,,68.30691820308604,1,0.0666666666666591,,0.0666666666666591,1,0.1333333333333183,,0.1333333333333183,1,-0.1205958940121178,,-0.1205958940121178,1,-0.1187363570541502,,-0.1187363570541502,1,25.726324482191146,,25.726324482191146,1,52.18864092649554,,52.18864092649554,1,1535.8068646110964,,1535.8068646110964,1,3145.5580298262885,,3145.5580298262885,1
9.18,-0.0502898739952693,,-0.0502898739952693,1,69.93068550524697,,69.93068550524697,1,0.0666666666666591,,0.0666666666666591,1,0.0666666666666591,,0.0666666666666591,1,-0.0078506494540866,,-0.0078506494540866,1,0.0658973260301795,,0.0658973260301795,1,25.672886201093814,,25.672886201093814,1,52.29887091410607,,52.29887091410607,1,1513.81526952836,,1513.81526952836,1,3100.3777265137005,,3100.3777265137005,1
9.19,-0.0503131204658475,,-0.0503131204658475,1,70.51118114968828,,70.51118114968828,1,0.0666666666666591,,0.0666666666666591,1,0.0666666666666591,,0.0666666666666591,1,-0.1644203350278868,,-0.1644203350278868,1,-0.186569271503949,,-0.186569271503949,1,26.08261727846181,,26.08261727846181,1,53.73204411583332,,53.73204411583332,1,1630.0145880720484,,1630.0145880720484,1,3331.836700311161,,3331.836700311161,1
9.2,-0.0439677239633881,,-0.0439677239633881,1,66.84957984264555,,66.84957984264555,1,0.3333333333332959,,0.3333333333332959,1,0.0666666666666591,,0.0666666666666591,1,-0.2262287506007962,,-0.2262287506007962,1,-0.0974988993555371,,-0.0974988993555371,1,26.837413248822493,,26.837413248822493,1,53.22348516090284,,53.22348516090284,1,1560.2130399037696,,1560.2130399037696,1,3198.1338379436006,,3198.1338379436006,1
9.21,-0.0501261421998738,,-0.0501261421998738,1,71.51214929090314,,71.51214929090314,1,0.0666666666666591,,0.0666666666666591,1,0.0666666666666591,,0.0666666666666591,1,-0.1852198668350754,,-0.1852198668350754,1,0.0810098805901166,,0.0810098805901166,1,25.818624821563315,,25.818624821563315,1,52.22826628324259,,52.22826628324259,1,1591.3733230106898,,1591.3733230106898,1,3254.271483651941,,3254.271483651941,1
9.22,-0.0515412579496607,,-0.0515412579496607,1,64.9431372469502,,64.9431372469502,1,0.1999999999999775,,0.1999999999999775,1,0.0666666666666591,,0.0666666666666591,1,-0.3866081494644169,,-0.3866081494644169,1,-0.1895870563006862,,-0.1895870563006862,1,25.36310385435924,,25.36310385435924,1,51.513838574473226,,51.513838574473226,1,1541.00992805683,,1541.00992805683,1,3156.1134300987933,,3156.1134300987933,1
9.23,-0.0440871997733346,,-0.0440871997733346,1,67.56128054483207,,67.56128054483207,1,0.0666666666666591,,0.0666666666666591,1,0.0666666666666591,,0.0666666666666591,1,-0.2487324399937151,,-0.2487324399937151,1,-0.0602714594990987,,-0.0602714594990987,1,26.20775959643976,,26.20775959643976,1,53.48289848277808,,53.48289848277808,1,1647.38569879362,,1647.38569879362,1,3371.651845419987,,3371.651845419987,1
9.24,-0.0511666978725076,,-0.0511666978725076,1,67.14011823284017,,67.14011823284017,1,0.0666666666666591,,0.0666666666666591,1,0.0666666666666591,,0.0666666666666591,1,-0.1681322712634214,,-0.1681322712634214,1,-0.0743075018344409,,-0.0743075018344409,1,26.853017465226124,,26.853017465226124,1,53.57134528360823,,53.57134528360823,1,1660.484690506875,,1660.484690506875,1,3398.091589926302,,3398.091589926302,1
9.25,-0.0461819739588743,,-0.0461819739588743,1,68.27155799690644,,68.27155799690644,1,0.1333333333333183,,0.1333333333333183,1,0.1999999999999775,,0.1999999999999775,1,-0.0225524475403333,,-0.0225524475403333,1,-0.0404476115260186,,-0.0404476115260186,1,26.24317710768577,,26.24317710768577,1,52.5307225381987,,52.5307225381987,1,1596.5410574230891,,1596.5410574230891,1,3266.414309134792,,3266.414309134792,1
9.26,-0.051867605812016,,-0.051867605812016,1,70.14237750798885,,70.14237750798885,1,0.1333333333333183,,0.1333333333333183,1,0.1333333333333183,,0.1333333333333183,1,-0.3106248241481502,,-0.3106248241481502,1,-0.1269176959779758,,-0.1269176959779758,1,26.6251154639822,,26.6251154639822,1,53.74774341004878,,53.74774341004878,1,1650.8025618194888,,1650.8025618194888,1,3377.356481031526,,3377.356481031526,1
9.27,-0.0394514395005381,,-0.0394514395005381,1,67.03244258601526,,67.03244258601526,1,0.2666666666666367,,0.2666666666666367,1,0.0666666666666591,,0.0666666666666591,1,-0.2557950854587139,,-0.2557950854587139,1,-0.1519722305040529,,-0.1519722305040529,1,25.51501449109826,,25.51501449109826,1,51.729704163583776,,51.729704163583776,1,1536.5100907834972,,1536.5100907834972,1,3134.98979163436,,3134.98979163436,1
9.28,-0.0451732044888746,,-0.0451732044888746,1,66.3796742303114,,66.3796742303114,1,0.1999999999999775,,0.1999999999999775,1,0.1333333333333183,,0.1333333333333183,1,-0.2607130967830938,,-0.2607130967830938,1,-0.1398018201031591,,-0.1398018201031591,1,26.01460819867923,,26.01460819867923,1,53.37126921629752,,53.37126921629752,1,1601.5232722874923,,1601.5232722874923,1,3268.80864146294,,3268.80864146294,1
9.29,-0.0397262028904623,,-0.0397262028904623,1,66.68184369624785,,66.68184369624785,1,0.3333333333332959,,0.3333333333332959,1,0.0666666666666591,,0.0666666666666591,1,-0.2010351740315613,,-0.2010351740315613,1,-0.0856189539207815,,-0.0856189539207815,1,26.169857832285736,,26.169857832285736,1,51.62503833247568,,51.62503833247568,1,1538.5733035374328,,1538.5733035374328,1,3150.5878660385224,,3150.5878660385224,1
9.3,-0.0510648834246867,,-0.0510648834246867,1,67.89640943611391,,67.89640943611391,1,0.1999999999999775,,0.1999999999999775,1,0.0666666666666591,,0.0666666666666591,1,-0.3019811035209684,,-0.3019811035209684,1,0.0473761585754312,,0.0473761585754312,1,25.43662303391733,,25.43662303391733,1,51.91074390797601,,51.91074390797601,1,1527.2514567369303,,1527.2514567369303,1,3127.20920904011,,3127.20920904011,1
9.31,-0.0503143441592989,,-0.0503143441592989,1,70.16761480300448,,70.16761480300448,1,0.0666666666666591,,0.0666666666666591,1,0.1333333333333183,,0.1333333333333183,1,-0.2552319955203491,,-0.2552319955203491,1,-0.1295446963819064,,-0.1295446963819064,1,26.174954520957208,,26.174954520957208,1,53.70928504468967,,53.70928504468967,1,1702.3025564661878,,1702.3025564661878,1,3480.444610740816,,3480.444610740816,1
9.32,-0.050062531690626,,-0.050062531690626,1,68.31837684073645,,68.31837684073645,1,0.0666666666666591,,0.0666666666666591,1,0.0666666666666591,,0.0666666666666591,1,-0.2355995339922098,,-0.2355995339922098,1,0.023451255599307,,0.023451255599307,1,25.1883725723252,,25.1883725723252,1,51.92121128930716,,51.92121128930716,1,1518.5788298426276,,1518.5788298426276,1,3097.434826156233,,3097.434826156233,1
9.33,-0.047058787442103,,-0.047058787442103,1,69.76744111307667,,69.76744111307667,1,0.0666666666666591,,0.0666666666666591,1,0.3333333333332959,,0.3333333333332959,1,-0.2795720578840937,,-0.2795720578840937,1,-0.0959080579867739,,-0.0959080579867739,1,26.68174666736037,,26.68174666736037,1,53.062363027488686,,53.062363027488686,1,1635.0828278301292,,1635.0828278301292,1,3346.457299966428,,3346.457299966428,1
9.34,-0.0477229699806298,,-0.0477229699806298,1,69.2263914917394,,69.2263914917394,1,0.1333333333333183,,0.1333333333333183,1,0.0666666666666591,,0.0666666666666591,1,-0.3080232126575256,,-0.3080232126575256,1,0.0399111275331696,,0.0399111275331696,1,26.99140996299153,,26.99140996299153,1,53.77413231147384,,53.77413231147384,1,1618.116110426956,,1618.116110426956,1,3316.033092984398,,3316.033092984398,1
9.35,-0.0477355472117654,,-0.0477355472117654,1,65.29917756044699,,65.29917756044699,1,0.0666666666666591,,0.0666666666666591,1,0.0666666666666591,,0.0666666666666591,1,-0.2990469859736471,,-0.2990469859736471,1,-0.1423582838908012,,-0.1423582838908012,1,26.340772063908343,,26.340772063908343,1,53.23062944128726,,53.23062944128726,1,1655.893109389138,,1655.893109389138,1,3380.8706657220846,,3380.8706657220846,1
9.36,-0.0498986413541095,,-0.0498986413541095,1,70.1576113681281,,70.1576113681281,1,0.3333333333332959,,0.3333333333332959,1,0.1333333333333183,,0.1333333333333183,1,-0.2019935540741847,,-0.2019935540741847,1,0.0393425681070337,,0.0393425681070337,1,25.52221168801778,,25.52221168801778,1,51.75249230323334,,51.75249230323334,1,1522.1336035737213,,1522.1336035737213,1,3116.364505393593,,3116.364505393593,1
9.37,-0.0475131255879897,,-0.0475131255879897,1,70.09116279658011,,70.09116279658011,1,0.1333333333333183,,0.1333333333333183,1,0.1333333333333183,,0.1333333333333183,1,-0.0963960868243361,,-0.0963960868243361,1,-0.1165396047164798,,-0.1165396047164798,1,26.54852625621622,,26.54852625621622,1,53.94699645238664,,53.94699645238664,1,1635.4681806487995,,1635.4681806487995,1,3348.454844806745,,3348.454844806745,1
9.38,-0.0456721225829873,,-0.0456721225829873,1,68.94088533203083,,68.94088533203083,1,0.0666666666666591,,0.0666666666666591,1,0.1999999999999775,,0.1999999999999775,1,-0.1952154898688158,,-0.1952154898688158,1,0.0304273276780708,,0.0304273276780708,1,26.089776441666203,,26.089776441666203,1,53.10779188679314,,53.10779188679314,1,1642.5443773049858,,1642.5443773049858,1,3359.2181180012703,,3359.2181180012703,1
9.39,-0.05364842808361,,-0.05364842808361,1,69.14525096352641,,69.14525096352641,1,0.2666666666666367,,0.2666666666666367,1,0.0666666666666591,,0.0666666666666591,1,-0.3662893692970806,,-0.3662893692970806,1,-0.0904220131695242,,-0.0904220131695242,1,26.466003608896536,,26.466003608896536,1,54.08919993744281,,54.08919993744281,1,1672.7256437811054,,1672.7256437811054,1,3415.096210205474,,3415.096210205474,1
9.4,-0.044722813089035,,-0.044722813089035,1,67.68514787695852,,67.68514787695852,1,0.0666666666666591,,0.0666666666666591,1,0.1999999999999775,,0.1999999999999775,1,0.0119260247453167,,0.0119260247453167,1,-0.0711811577947081,,-0.0711811577947081,1,26.26851803706545,,26.26851803706545,1,51.62758033688392,,51.62758033688392,1,1566.9791196393803,,1566.9791196393803,1,3210.374697692243,,3210.374697692243,1
9.41,-0.0476696725440047,,-0.0476696725440047,1,67.0948598099263,,67.0948598099263,1,0.0666666666666591,,0.0666666666666591,1,0.0666666666666591,,0.0666666666666591,1,-0.2654376491474534,,-0.2654376491474534,1,-0.0648800800408511,,-0.0648800800408511,1,25.876474989876165,,25.876474989876165,1,51.37634186564296,,51.37634186564296,1,1532.2293298286406,,1532.2293298286406,1,3130.8719041327936,,3130.8719041327936,1
9.42,-0.0543123920383942,,-0.0543123920383942,1,70.83762130092549,,70.83762130092549,1,0.0666666666666591,,0.0666666666666591,1,0.0666666666666591,,0.0666666666666591,1,-0.1617147948300303,,-0.1617147948300303,1,-0.0362943595616836,,-0.0362943595616836,1,26.530201212250194,,26.530201212250194,1,52.56597304047282,,52.56597304047282,1,1530.4635272001858,,1530.4635272001858,1,3137.5721148057632,,3137.5721148057632,1
9.43,-0.0432898631013724,,-0.0432898631013724,1,62.41693651431423,,62.41693651431423,1,0.1999999999999775,,0.1999999999999775,1,0.3333333333332959,,0.3333333333332959,1,-0.1128465526548438,,-0.1128465526548438,1,-0.0543697145748949,,-0.0543697145748949,1,27.10112030529487,,27.10112030529487,1,54.04636112392798,,54.04636112392798,1,1664.6331351079402,,1664.6331351079402,1,3407.782841051888,,3407.782841051888,1
9.44,-0.051296776836638,,-0.051296776836638,1,69.01716406541061,,69.01716406541061,1,0.3333333333332959,,0.3333333333332959,1,0.1333333333333183,,0.1333333333333183,1,-0.236936219280031,,-0.236936219280031,1,-0.1422121293406526,,-0.1422121293406526,1,26.81490067490633,,26.81490067490633,1,53.03853837259977,,53.03853837259977,1,1615.4546237224138,,1615.4546237224138,1,3308.69824830368,,3308.69824830368,1
9.45,-0.0468224191355643,,-0.0468224191355643,1,66.83610251362995,,66.83610251362995,1,0.2666666666666367,,0.2666666666666367,1,0.0666666666666591,,0.0666666666666591,1,-0.2114578101463784,,-0.2114578101463784,1,-0.1197722672982688,,-0.1197722672982688,1,25.63675658643921,,25.63675658643921,1,53.38431741378172,,53.38431741378172,1,1611.6548833125985,,1611.6548833125985,1,3284.792290870852,,3284.792290870852,1
9.46,-0.0542799681226694,,-0.0542799681226694,1,69.2657679787201,,69.2657679787201,1,0.0666666666666591,,0.0666666666666591,1,0.0666666666666591,,0.0666666666666591,1,-0.2171633595326382,,-0.2171633595326382,1,-0.1530628877572896,,-0.1530628877572896,1,26.99192211249668,,26.99192211249668,1,54.11724103148653,,54.11724103148653,1,1620.814616251016,,1620.814616251016,1,3316.49642594299,,3316.49642594299,1
9.47,-0.0448302448317591,,-0.0448302448317591,1,68.77936061905382,,68.77936061905382,1,0.3333333333332959,,0.3333333333332959,1,0.0666666666666591,,0.0666666666666591,1,-0.2101679050524928,,-0.2101679050524928,1,0.0329018905669899,,0.0329018905669899,1,26.088555021162453,,26.088555021162453,1,52.63266770793168,,52.63266770793168,1,1626.507356013576,,1626.507356013576,1,3331.2385253050907,,3331.2385253050907,1
9.48,-0.0489566363755573,,-0.0489566363755573,1,70.31522839072898,,70.31522839072898,1,0.1333333333333183,,0.1333333333333183,1,0.733333333333251,,0.733333333333251,1,-0.2730687862301624,,-0.2730687862301624,1,-0.0724797732684668,,-0.0724797732684668,1,26.779850632569072,,26.779850632569072,1,53.31186938849845,,53.31186938849845,1,1630.4819791107784,,1630.4819791107784,1,3339.9714960850897,,3339.9714960850897,1
9.49,-0.0538608507174304,,-0.0538608507174304,1,69.22878071201764,,69.22878071201764,1,0.1333333333333183,,0.1333333333333183,1,0.7999999999999102,,0.7999999999999102,1,-0.2767599337993987,,-0.2767599337993987,1,-0.081356949599613,,-0.081356949599613,1,25.584349554467824,,25.584349554467824,1,51.400391014157655,,51.400391014157655,1,1503.003762895304,,1503.003762895304,1,3063.412948515262,,3063.412948515262,1
9.5,-0.0463605638521716,,-0.0463605638521716,1,70.48452289196013,,70.48452289196013,1,0.1333333333333183,,0.1333333333333183,1,0.0666666666666591,,0.0666666666666591,1,-0.0275330554135906,,-0.0275330554135906,1,-0.1121444376349099,,-0.1121444376349099,1,25.62875072243767,,25.62875072243767,1,53.71625184459853,,53.71625184459853,1,1664.4205635095975,,1664.4205635095975,1,3393.8731565115786,,3393.8731565115786,1
9.51,-0.0410781336116425,,-0.0410781336116425,1,68.36555105761995,,68.36555105761995,1,0.3333333333332959,,0.3333333333332959,1,0.0666666666666591,,0.0666666666666591,1,-0.1925184122353685,,-0.1925184122353685,1,-0.1016278752175834,,-0.1016278752175834,1,25.7526941321825,,25.7526941321825,1,51.884440269203175,,51.884440269203175,1,1539.670514166057,,1539.670514166057,1,3135.5254066141206,,3135.5254066141206,1
9.52,-0.0440210773639157,,-0.0440210773639157,1,67.6074869052535,,67.6074869052535,1,0.0666666666666591,,0.0666666666666591,1,0.0666666666666591,,0.0666666666666591,1,0.0104757579584954,,0.0104757579584954,1,0.0441672643692835,,0.0441672643692835,1,26.34959793371884,,26.34959793371884,1,52.91683735769077,,52.91683735769077,1,1621.9276048990614,,1621.9276048990614,1,3314.193700842244,,3314.193700842244,1
9.53,-0.0429603250651447,,-0.0429603250651447,1,68.80094978437143,,68.80094978437143,1,0.3333333333332959,,0.3333333333332959,1,0.0666666666666591,,0.0666666666666591,1,-0.1984558184762296,,-0.1984558184762296,1,0.0598195752120595,,0.0598195752120595,1,26.26786186052184,,26.26786186052184,1,53.41561765020188,,53.41561765020188,1,1605.5964307548102,,1605.5964307548102,1,3273.8576356141702,,3273.8576356141702,1
9.54,-0.0461162783231077,,-0.0461162783231077,1,65.98671740584928,,65.98671740584928,1,0.1333333333333183,,0.1333333333333183,1,0.1333333333333183,,0.1333333333333183,1,-0.3038751566923996,,-0.3038751566923996,1,-0.1143014139831001,,-0.1143014139831001,1,27.17927656147809,,27.17927656147809,1,54.27729474285671,,54.27729474285671,1,1660.35256380577,,1660.35256380577,1,3398.80316743814,,3398.80316743814,1
9.55,-0.0409391189850763,,-0.0409391189850763,1,67.75078311913444,,67.75078311913444,1,0.1999999999999775,,0.1999999999999775,1,0.5333333333332735,,0.5333333333332735,1,-0.2726883295525953,,-0.2726883295525953,1,-0.0589484587519679,,-0.0589484587519679,1,26.42874808006983,,26.42874808006983,1,53.36846978841518,,53.36846978841518,1,1672.09908348907,,1672.09908348907,1,3409.569103025822,,3409.569103025822,1
9.56,-0.0472609365367592,,-0.0472609365367592,1,67.65917055183606,,67.65917055183606,1,0.0666666666666591,,0.0666666666666591,1,0.0666666666666591,,0.0666666666666591,1,-0.1853031303599342,,-0.1853031303599342,1,-0.0517561388958716,,-0.0517561388958716,1,26.589856857827964,,26.589856857827964,1,53.474359412523455,,53.474359412523455,1,1678.2278678207194,,1678.2278678207194,1,3435.833707994076,,3435.833707994076,1
9.57,-0.0456571080985673,,-0.0456571080985673,1,68.26029690699787,,68.26029690699787,1,0.2666666666666367,,0.2666666666666367,1,0.0666666666666591,,0.0666666666666591,1,-0.19741949536224,,-0.19741949536224,1,0.1653359491677677,,0.1653359491677677,1,26.26590926225536,,26.26590926225536,1,54.29401148325694,,54.29401148325694,1,1752.3909919503185,,1752.3909919503185,1,3578.1150811947305,,3578.1150811947305,1
9.58,-0.0448732101444995,,-0.0448732101444995,1,67.94816926439486,,67.94816926439486,1,0.0666666666666591,,0.0666666666666591,1,0.0666666666666591,,0.0666666666666591,1,-0.0570124418335366,,-0.0570124418335366,1,0.1659885112673316,,0.1659885112673316,1,27.021506443666585,,27.021506443666585,1,54.80960156152705,,54.80960156152705,1,1741.9947360842286,,1741.9947360842286,1,3559.6683735425854,,3559.6683735425854,1
9.59,-0.0476139357144723,,-0.0476139357144723,1,66.17082094695652,,66.17082094695652,1,0.2666666666666367,,0.2666666666666367,1,0.4666666666666142,,0.4666666666666142,1,-0.2561133744133437,,-0.2561133744133437,1,-0.0518011154139475,,-0.0518011154139475,1,27.15638915418112,,27.15638915418112,1,53.34180082372367,,53.34180082372367,1,1676.0363375893464,,1676.0363375893464,1,3431.988398565956,,3431.988398565956,1
9.6,-0.0584528114870853,,-0.0584528114870853,1,71.602135172049,,71.602135172049,1,0.0666666666666591,,0.0666666666666591,1,0.0666666666666591,,0.0666666666666591,1,-0.2078456210272654,,-0.2078456210272654,1,-0.0111945813077161,,-0.0111945813077161,1,26.154858036150383,,26.154858036150383,1,53.02007063038728,,53.02007063038728,1,1614.7543997254622,,1614.7543997254622,1,3305.2760493363094,,3305.2760493363094,1
9.61,-0.0526975220727288,,-0.0526975220727288,1,72.15616991349091,,72.15616991349091,1,0.0666666666666591,,0.0666666666666591,1,0.3333333333332959,,0.3333333333332959,1,-0.2668637335831345,,-0.2668637335831345,1,-0.1227892270575846,,-0.1227892270575846,1,26.08500040432719,,26.08500040432719,1,50.56897823126163,,50.56897823126163,1,1497.005703535773,,1497.005703535773,1,3072.227543564078,,3072.227543564078,1
9.62,-0.0522273474583186,,-0.0522273474583186,1,69.5471125364372,,69.5471125364372,1,0.1999999999999775,,0.1999999999999775,1,0.0666666666666591,,0.0666666666666591,1,-0.3029219488159376,,-0.3029219488159376,1,0.133172691899401,,0.133172691899401,1,26.923974180745933,,26.923974180745933,1,54.67059982799962,,54.67059982799962,1,1762.672533210737,,1762.672533210737,1,3604.727831024475,,3604.727831024475,1
9.63,-0.0443583240681039,,-0.0443583240681039,1,63.38358345595945,,63.38358345595945,1,0.0666666666666591,,0.0666666666666591,1,0.1999999999999775,,0.1999999999999775,1,-0.2723863337529935,,-0.2723863337529935,1,-0.1479253798098445,,-0.1479253798098445,1,26.059903743915346,,26.059903743915346,1,54.5506184570574,,54.5506184570574,1,1748.8692683459965,,1748.8692683459965,1,3569.5141410705983,,3569.5141410705983,1
9.64,-0.0477020854859934,,-0.0477020854859934,1,68.6316899478699,,68.6316899478699,1,0.0666666666666591,,0.0666666666666591,1,0.1333333333333183,,0.1333333333333183,1,-0.280044311114873,,-0.280044311114873,1,0.0742140891475769,,0.0742140891475769,1,26.0644873970976,,26.0644873970976,1,54.06341198432651,,54.06341198432651,1,1679.8429368396708,,1679.8429368396708,1,3424.634406153026,,3424.634406153026,1
9.65,-0.0541674398472606,,-0.0541674398472606,1,70.75552471123677,,70.75552471123677,1,0.0666666666666591,,0.0666666666666591,1,0.1999999999999775,,0.1999999999999775,1,-0.3242188721969447,,-0.3242188721969447,1,-0.1858325128350485,,-0.1858325128350485,1,26.53741883335942,,26.53741883335942,1,54.19007167389942,,54.19007167389942,1,1720.1911519538717,,1720.1911519538717,1,3518.1487884319376,,3518.1487884319376,1
9.66,-0.0523013302097335,,-0.0523013302097335,1,68.0811642389599,,68.0811642389599,1,0.0666666666666591,,0.0666666666666591,1,0.0666666666666591,,0.0666666666666591,1,-0.4037426962219593,,-0.4037426962219593,1,-0.1498982352555976,,-0.1498982352555976,1,26.197352511178654,,26.197352511178654,1,51.17777438322164,,51.17777438322164,1,1505.7854921449095,,1505.7854921449095,1,3089.8958625797823,,3089.8958625797823,1
9.67,-0.0495405581038641,,-0.0495405581038641,1,68.0883411027273,,68.0883411027273,1,0.0666666666666591,,0.0666666666666591,1,0.0666666666666591,,0.0666666666666591,1,-0.3200696033384633,,-0.3200696033384633,1,-0.1231775663515927,,-0.1231775663515927,1,26.22787721355752,,26.22787721355752,1,51.31404222174031,,51.31404222174031,1,1484.1939487712932,,1484.1939487712932,1,3045.976919598993,,3045.976919598993,1
9.68,-0.0460307150811822,,-0.0460307150811822,1,69.28243908118134,,69.28243908118134,1,0.0666666666666591,,0.0666666666666591,1,0.0666666666666591,,0.0666666666666591,1,-0.1980664087170248,,-0.1980664087170248,1,-0.0262680088355503,,-0.0262680088355503,1,26.15554841799237,,26.15554841799237,1,51.23910177085992,,51.23910177085992,1,1505.5445367938464,,1505.5445367938464,1,3079.104116252454,,3079.104116252454,1
9.69,-0.0405216634391669,,-0.0405216634391669,1,66.76549892621259,,66.76549892621259,1,0.0666666666666591,,0.0666666666666591,1,0.0666666666666591,,0.0666666666666591,1,-0.2364286660385147,,-0.2364286660385147,1,-0.1034967359149491,,-0.1034967359149491,1,26.778210354270858,,26.778210354270858,1,53.08323061813948,,53.08323061813948,1,1669.4576517232651,,1669.4576517232651,1,3406.027354558628,,3406.027354558628,1
9.7,-0.0544038361728997,,-0.0544038361728997,1,67.72269251132609,,67.72269251132609,1,0.0666666666666591,,0.0666666666666591,1,0.3999999999999551,,0.3999999999999551,1,-0.3380711397818933,,-0.3380711397818933,1,-0.1456242096065196,,-0.1456242096065196,1,27.150366407078643,,27.150366407078643,1,54.36214921886848,,54.36214921886848,1,1731.961367743788,,1731.961367743788,1,3544.219323375208,,3544.219323375208,1
9.71,-0.0560733196435844,,-0.0560733196435844,1,71.11324134225848,,71.11324134225848,1,0.0666666666666591,,0.0666666666666591,1,0.5333333333332735,,0.5333333333332735,1,-0.281817713928204,,-0.281817713928204,1,-0.125178356513683,,-0.125178356513683,1,26.176858335131268,,26.176858335131268,1,51.941423488100405,,51.941423488100405,1,1534.1172783141417,,1534.1172783141417,1,3122.1200706418235,,3122.1200706418235,1
9.72,-0.0479993029698315,,-0.0479993029698315,1,66.96917835402796,,66.96917835402796,1,0.0666666666666591,,0.0666666666666591,1,0.1999999999999775,,0.1999999999999775,1,-0.2499400211407526,,-0.2499400211407526,1,-0.1113949238975325,,-0.1113949238975325,1,25.868721823211303,,25.868721823211303,1,51.79794520169432,,51.79794520169432,1,1612.204709994681,,1612.204709994681,1,3289.849764229357,,3289.849764229357,1
9.73,-0.053463461142132,,-0.053463461142132,1,71.1812824735496,,71.1812824735496,1,0.0666666666666591,,0.0666666666666591,1,0.0666666666666591,,0.0666666666666591,1,-0.2602723790667881,,-0.2602723790667881,1,-0.1023759601370126,,-0.1023759601370126,1,26.80258418649921,,26.80258418649921,1,52.69381399772115,,52.69381399772115,1,1577.1344412327112,,1577.1344412327112,1,3214.276089855906,,3214.276089855906,1
9.74,-0.0571395043588724,,-0.0571395043588724,1,71.70640157597904,,71.70640157597904,1,0.1333333333333183,,0.1333333333333183,1,0.0666666666666591,,0.0666666666666591,1,-0.3139619858245651,,-0.3139619858245651,1,-0.1550282887551421,,-0.1550282887551421,1,27.59310477140818,,27.59310477140818,1,55.69938975081242,,55.69938975081242,1,1763.8123554869353,,1763.8123554869353,1,3605.2753422007504,,3605.2753422007504,1
9.75,-0.0463373196333113,,-0.0463373196333113,1,69.1325325373163,,69.1325325373163,1,0.1999999999999775,,0.1999999999999775,1,0.1999999999999775,,0.1999999999999775,1,-0.284589228747907,,-0.284589228747907,1,-0.1291695864206343,,-0.1291695864206343,1,26.99487147545036,,26.99487147545036,1,54.52035616441517,,54.52035616441517,1,1756.8717439632285,,1756.8717439632285,1,3593.287118603198,,3593.287118603198,1
9.76,-0.0439859074790202,,-0.0439859074790202,1,69.66052278185761,,69.66052278185761,1,0.0666666666666591,,0.0666666666666591,1,0.0666666666666591,,0.0666666666666591,1,-0.2619814136912081,,-0.2619814136912081,1,-0.0553369320930568,,-0.0553369320930568,1,26.43245819791001,,26.43245819791001,1,52.18688039928728,,52.18688039928728,1,1603.888700902286,,1603.888700902286,1,3266.943297059874,,3266.943297059874,1
9.77,-0.0512474057785059,,-0.0512474057785059,1,69.7162225766346,,69.7162225766346,1,0.0666666666666591,,0.0666666666666591,1,0.0666666666666591,,0.0666666666666591,1,-0.3006368124256773,,-0.3006368124256773,1,-0.0776343291847451,,-0.0776343291847451,1,27.14738631906461,,27.14738631906461,1,54.17766815975897,,54.17766815975897,1,1670.931355889721,,1670.931355889721,1,3419.545063691442,,3419.545063691442,1
9.78,-0.0553118292078801,,-0.0553118292078801,1,71.73274432828144,,71.73274432828144,1,0.1999999999999775,,0.1999999999999775,1,0.0666666666666591,,0.0666666666666591,1,-0.3024374591335517,,-0.3024374591335517,1,-0.1464158714792478,,-0.1464158714792478,1,25.46816864874839,,25.46816864874839,1,50.570784858332416,,50.570784858332416,1,1499.0709020240795,,1499.0709020240795,1,3060.5659526807367,,3060.5659526807367,1
9.79,-0.0508395205420972,,-0.0508395205420972,1,67.69773791974617,,67.69773791974617,1,0.0666666666666591,,0.0666666666666591,1,0.0666666666666591,,0.0666666666666591,1,-0.0692969260954073,,-0.0692969260954073,1,-0.0147145459172468,,-0.0147145459172468,1,26.744595092753247,,26.744595092753247,1,53.55365624380861,,53.55365624380861,1,1715.1767481694294,,1715.1767481694294,1,3500.481996209328,,3500.481996209328,1
9.8,-0.0495715776611579,,-0.0495715776611579,1,66.99252733115455,,66.99252733115455,1,0.0666666666666591,,0.0666666666666591,1,0.0666666666666591,,0.0666666666666591,1,-0.2908046997784657,,-0.2908046997784657,1,0.018310125430952,,0.018310125430952,1,25.452238861616948,,25.452238861616948,1,52.10095409709739,,52.10095409709739,1,1547.4831299125167,,1547.4831299125167,1,3166.293336405613,,3166.293336405613,1
9.81,-0.0512693771923185,,-0.0512693771923185,1,68.69930055193407,,68.69930055193407,1,0.0666666666666591,,0.0666666666666591,1,0.1333333333333183,,0.1333333333333183,1,-0.191722618033668,,-0.191722618033668,1,-0.1565913092273651,,-0.1565913092273651,1,26.21935669009036,,26.21935669009036,1,54.125950307299966,,54.125950307299966,1,1760.296111095112,,1760.296111095112,1,3595.9545459342894,,3595.9545459342894,1
9.82,-0.0404147693960607,,-0.0404147693960607,1,67.54786576472429,,67.54786576472429,1,0.3333333333332959,,0.3333333333332959,1,0.0666666666666591,,0.0666666666666591,1,-0.2224668172717446,,-0.2224668172717446,1,-0.0641781786688809,,-0.0641781786688809,1,26.264890730285927,,26.264890730285927,1,50.89094771784969,,50.89094771784969,1,1529.3143614747198,,1529.3143614747198,1,3135.1893959012305,,3135.1893959012305,1
9.83,-0.0484119576432396,,-0.0484119576432396,1,68.90145282936795,,68.90145282936795,1,0.1333333333333183,,0.1333333333333183,1,0.0666666666666591,,0.0666666666666591,1,-0.247380151565437,,-0.247380151565437,1,-0.053883918418775,,-0.053883918418775,1,27.03808181292373,,27.03808181292373,1,55.486039127769935,,55.486039127769935,1,1699.839972178829,,1699.839972178829,1,3466.3714889529347,,3466.3714889529347,1
9.84,-0.0567640119080375,,-0.0567640119080375,1,73.64204429696753,,73.64204429696753,1,0.1333333333333183,,0.1333333333333183,1,0.1333333333333183,,0.1333333333333183,1,-0.1763248531743654,,-0.1763248531743654,1,0.0427580060273487,,0.0427580060273487,1,26.96678195785077,,26.96678195785077,1,54.78724727432903,,54.78724727432903,1,1753.689356780874,,1753.689356780874,1,3585.6104107253664,,3585.6104107253664,1
9.85,-0.0550760766884639,,-0.0550760766884639,1,73.70510437948815,,73.70510437948815,1,0.0666666666666591,,0.0666666666666591,1,0.0666666666666591,,0.0666666666666591,1,-0.2797314148097061,,-0.2797314148097061,1,-0.1213979553360584,,-0.1213979553360584,1,25.03392885691892,,25.03392885691892,1,51.56552134300794,,51.56552134300794,1,1559.1637205787304,,1559.1637205787304,1,3188.64955181804,,3188.64955181804,1
9.86,-0.049356739940659,,-0.049356739940659,1,71.5718600368643,,71.5718600368643,1,0.3333333333332959,,0.3333333333332959,1,0.0666666666666591,,0.0666666666666591,1,-0.2112358888329135,,-0.2112358888329135,1,-0.1302425948606716,,-0.1302425948606716,1,26.918081162634163,,26.918081162634163,1,52.81834334874926,,52.81834334874926,1,1616.9179150295615,,1616.9179150295615,1,3300.634155951827,,3300.634155951827,1
9.87,-0.0564387298927921,,-0.0564387298927921,1,71.32297678304093,,71.32297678304093,1,0.1999999999999775,,0.1999999999999775,1,0.3999999999999551,,0.3999999999999551,1,-0.3029339144807022,,-0.3029339144807022,1,-0.2266116612067815,,-0.2266116612067815,1,26.936180647541537,,26.936180647541537,1,55.14027731531071,,55.14027731531071,1,1787.973728755999,,1787.973728755999,1,3649.563099444241,,3649.563099444241,1
9.88,-0.0535016436494981,,-0.0535016436494981,1,71.50506611053346,,71.50506611053346,1,0.1333333333333183,,0.1333333333333183,1,0.0666666666666591,,0.0666666666666591,1,-0.1700829649484269,,-0.1700829649484269,1,0.0060244082823855,,0.0060244082823855,1,26.272427416506662,,26.272427416506662,1,53.285637740383685,,53.285637740383685,1,1646.5734176396095,,1646.5734176396095,1,3358.945814870755,,3358.945814870755,1
9.89,-0.0549214431001415,,-0.0549214431001415,1,70.88361023290827,,70.88361023290827,1,0.1333333333333183,,0.1333333333333183,1,0.1333333333333183,,0.1333333333333183,1,-0.274728102661577,,-0.274728102661577,1,-0.19474099474693,,-0.19474099474693,1,27.11214975649153,,27.11214975649153,1,55.86810710554075,,55.86810710554075,1,1801.06928855895,,1801.06928855895,1,3675.38070340386,,3675.38070340386,1
9.9,-0.0452470672543527,,-0.0452470672543527,1,67.20123845377995,,67.20123845377995,1,0.0666666666666591,,0.0666666666666591,1,0.0666666666666591,,0.0666666666666591,1,-0.010240520200944,,-0.010240520200944,1,0.0828628154206752,,0.0828628154206752,1,25.889894786182424,,25.889894786182424,1,54.42773823226579,,54.42773823226579,1,1707.2984823863612,,1707.2984823863612,1,3478.896592922484,,3478.896592922484,1
9.91,-0.0549025406484513,,-0.0549025406484513,1,70.59323039858477,,70.59323039858477,1,0.0666666666666591,,0.0666666666666591,1,0.1333333333333183,,0.1333333333333183,1,-0.2279333818770001,,-0.2279333818770001,1,0.0893837640479295,,0.0893837640479295,1,27.339329792340354,,27.339329792340354,1,55.64347755122373,,55.64347755122373,1,1769.4753294071832,,1769.4753294071832,1,3611.488147073496,,3611.488147073496,1
9.92,-0.0463880142479422,,-0.0463880142479422,1,68.93169227930811,,68.93169227930811,1,0.3333333333332959,,0.3333333333332959,1,0.733333333333251,,0.733333333333251,1,-0.2151592451638546,,-0.2151592451638546,1,-0.0696986202910196,,-0.0696986202910196,1,27.241461188518795,,27.241461188518795,1,53.71975420124916,,53.71975420124916,1,1683.2091396468834,,1683.2091396468834,1,3443.3029139085584,,3443.3029139085584,1
9.93,-0.0517109172849014,,-0.0517109172849014,1,71.06263124410935,,71.06263124410935,1,0.0666666666666591,,0.0666666666666591,1,0.3333333333332959,,0.3333333333332959,1,-0.174484580528289,,-0.174484580528289,1,-0.1552717512258876,,-0.1552717512258876,1,26.119296917861533,,26.119296917861533,1,53.9613063616552,,53.9613063616552,1,1686.2665335020044,,1686.2665335020044,1,3443.5830766089584,,3443.5830766089584,1
9.94,-0.0522790462463908,,-0.0522790462463908,1,71.24812314243246,,71.24812314243246,1,0.0666666666666591,,0.0666666666666591,1,0.5333333333332735,,0.5333333333332735,1,-0.3235300417556192,,-0.3235300417556192,1,-0.127296157705513,,-0.127296157705513,1,25.87934280400383,,25.87934280400383,1,50.366190072805736,,50.366190072805736,1,1514.4905479572385,,1514.4905479572385,1,3095.757173762707,,3095.757173762707,1
9.95,-0.0468434795468313,,-0.0468434795468313,1,68.71858957071532,,68.71858957071532,1,0.0666666666666591,,0.0666666666666591,1,0.1333333333333183,,0.1333333333333183,1,-0.1883329112386493,,-0.1883329112386493,1,-0.1372503525477118,,-0.1372503525477118,1,26.60129211469192,,26.60129211469192,1,54.413724682205896,,54.413724682205896,1,1713.9885012538227,,1713.9885012538227,1,3496.9354929458145,,3496.9354929458145,1
9.96,-0.0433948896148485,,-0.0433948896148485,1,68.67657001401727,,68.67657001401727,1,0.1999999999999775,,0.1999999999999775,1,0.0666666666666591,,0.0666666666666591,1,-0.2814722221024817,,-0.2814722221024817,1,-0.0635975420100102,,-0.0635975420100102,1,26.461924161436148,,26.461924161436148,1,52.14553290663925,,52.14553290663925,1,1649.2668204437434,,1649.2668204437434,1,3370.5019386131016,,3370.5019386131016,1
9.97,-0.0478348525703693,,-0.0478348525703693,1,69.39816720174247,,69.39816720174247,1,0.1333333333333183,,0.1333333333333183,1,0.4666666666666142,,0.4666666666666142,1,-0.0170170825158926,,-0.0170170825158926,1,-0.1403828386650174,,-0.1403828386650174,1,26.466239016852064,,26.466239016852064,1,53.75318035585884,,53.75318035585884,1,1683.2303983982397,,1683.2303983982397,1,3435.792346010096,,3435.792346010096,1
9.98,-0.054702993526586,,-0.054702993526586,1,72.1396289252227,,72.1396289252227,1,0.1333333333333183,,0.1333333333333183,1,0.0666666666666591,,0.0666666666666591,1,-0.2918906804831866,,-0.2918906804831866,1,-0.0895373324234967,,-0.0895373324234967,1,27.35793388376394,,27.35793388376394,1,54.7248344293157,,54.7248344293157,1,1784.2346004543124,,1784.2346004543124,1,3645.6579090794494,,3645.6579090794494,1
9.99,-0.0487846749345202,,-0.0487846749345202,1,68.06518538246736,,68.06518538246736,1,0.1333333333333183,,0.1333333333333183,1,0.0666666666666591,,0.0666666666666591,1,-0.2729715231735891,,-0.2729715231735891,1,0.1114688839293708,,0.1114688839293708,1,27.196219337700903,,27.196219337700903,1,53.57414380631213,,53.57414380631213,1,1679.2394443984635,,1679.2394443984635,1,3437.0045852873027,,3437.0045852873027,1
